symbol,date,close,K,D,DIF,MACD,OSC,RSI,OBV,MA3,MA6,MA12
1101,2026-10-01,24.9,69.7,64.3,-1.132,-1.589,0.457,47.4,536259536192.0,25.2,24.46,24.02
1102,2026-10-01,35.05,67.5,49.8,-0.492,-0.552,0.06,50.7,159485187571.0,35.13,33.81,33.77
1103,2026-10-01,13.1,53.6,50.7,-0.624,-0.714,0.09,40.4,-9294048223.0,13.17,13.07,13.2
1104,2026-10-01,26.55,35.5,35.8,0.468,0.805,-0.337,51.1,511775756.0,26.63,26.53,27.22
1108,2026-10-01,11.05,10.2,22.0,-0.257,0.128,-0.385,34.1,-1610957430.0,11.3,11.89,12.86
1109,2026-10-01,13.2,9.3,16.1,-0.484,-0.324,-0.159,34.9,89353509.0,13.33,13.53,14.04
1110,2026-10-01,14.35,37.2,38.4,-0.955,-0.823,-0.131,36.8,110596452084.0,14.98,15.13,15.48
1201,2026-10-01,11.45,7.6,10.2,-1.407,-1.234,-0.173,17.8,41056517724.0,11.78,11.92,12.89
1203,2026-10-01,42.5,59.1,67.6,1.032,0.599,0.433,53.5,4157647787.0,43.1,43.71,41.66
1210,2026-10-01,51.2,45.0,41.3,0.859,0.951,-0.092,52.9,54857234904.0,51.53,51.63,50.43
1213,2026-10-01,7.2,9.9,10.3,-0.796,-0.268,-0.528,32.0,1102893521.0,7.33,7.62,8.76
1215,2026-10-01,103.5,11.7,22.4,3.883,8.535,-4.651,46.1,20571070400.0,105.33,109.75,122.15
1216,2026-10-01,73.2,58.2,49.6,0.707,0.788,-0.081,52.7,-743583568552.0,74.53,73.01,71.62
1217,2026-10-01,9.92,46.1,38.9,-0.236,-0.205,-0.031,42.4,27427614894.0,9.95,9.89,10.02
1218,2026-10-01,14.4,17.1,27.4,-1.141,-0.963,-0.178,32.4,61408593421.0,14.5,15.79,16.53
1219,2026-10-01,11.2,20.5,20.0,-1.002,-0.908,-0.094,29.1,13616312286.0,11.37,11.69,12.39
1220,2026-10-01,10.95,8.1,9.4,-0.766,-0.58,-0.186,34.0,482909425.0,10.85,11.08,11.77
1225,2026-10-01,24.35,11.4,15.8,-7.531,-7.777,0.247,36.8,5909687458.0,24.87,26.47,28.26
1227,2026-10-01,27.7,38.9,35.4,-1.475,-1.637,0.162,39.1,888448010.0,28.22,28.11,28.33
1229,2026-10-01,39.65,45.7,43.0,-1.5,-1.274,-0.226,42.8,61265953083.0,40.45,39.9,41.27
1231,2026-10-01,78.4,40.0,30.3,-1.912,0.964,-2.877,43.7,-26398455231.0,79.5,79.01,80.95
1232,2026-10-01,154.0,44.9,48.6,5.311,4.284,1.027,66.0,11670019397.0,154.83,150.16,145.3
1233,2026-10-01,28.0,21.0,24.5,-0.859,-0.596,-0.262,39.5,-105610237.0,28.15,28.18,29.57
1234,2026-10-01,32.4,24.9,27.2,-0.666,-0.179,-0.487,35.8,16868919291.0,32.87,33.1,34.13
1235,2026-10-01,30.8,6.5,10.9,-7.839,-6.387,-1.452,35.5,44113688680.0,32.87,34.39,37.75
1236,2026-10-01,25.5,67.9,64.1,1.016,0.792,0.224,61.4,1179586566.0,25.55,24.7,24.44
1240,2026-10-01,53.9,53.1,45.7,3.218,3.653,-0.436,67.0,53022072.0,54.19,53.14,53.43
1256,2026-10-01,168.0,50.5,55.2,1.235,-5.138,6.373,51.3,24164809.0,172.5,178.79,162.44
1259,2026-10-01,68.0,72.2,55.5,0.313,-1.051,1.364,66.5,7940086.0,66.5,62.0,60.65
1264,2026-10-01,246.5,16.2,17.8,-4.488,-0.227,-4.261,37.3,11750525.0,247.67,251.44,258.42
1268,2026-10-01,176.0,85.2,80.5,9.812,7.799,2.014,74.2,26465815.0,174.84,168.68,159.79
1294,2026-10-01,49.8,9.8,20.9,-2.645,-0.939,-1.706,40.6,17881541.0,51.3,55.67,58.85
1295,2026-10-01,49.05,8.1,7.7,-8.642,-3.859,-4.782,40.1,-9592449.0,47.37,47.74,60.83
1301,2026-10-01,68.0,82.4,75.8,2.574,-1.572,4.145,65.3,-50035537719.0,67.43,59.8,52.76
1303,2026-10-01,283.0,92.6,88.3,48.845,24.675,24.17,89.1,87112305443.0,260.33,200.64,137.67
1304,2026-10-01,12.5,27.2,35.3,-0.468,-0.812,0.344,48.4,56028999165.0,12.6,12.42,12.72
1305,2026-10-01,12.3,22.6,29.7,-0.993,-1.339,0.346,45.7,40360516831.0,12.4,12.25,12.67
1307,2026-10-01,30.8,37.2,37.8,0.754,1.15,-0.396,51.4,205651165367.0,30.95,31.0,30.91
1308,2026-10-01,14.25,25.5,30.5,-0.773,-1.193,0.421,48.0,199889943354.0,14.37,13.75,14.07
1309,2026-10-01,13.95,22.9,30.7,-0.287,-0.504,0.217,48.5,103907653566.0,13.78,13.99,14.49
1310,2026-10-01,9.4,32.6,32.0,-0.786,-1.005,0.218,47.5,-1360180819.0,9.13,8.89,9.15
1312,2026-10-01,14.5,68.7,64.2,0.2,-0.37,0.57,54.6,21989947195.0,15.02,13.63,13.12
1313,2026-10-01,12.45,49.0,48.8,0.144,-0.223,0.366,55.3,141411878087.0,12.3,11.72,11.34
1314,2026-10-01,8.6,42.6,37.2,-0.099,-0.302,0.203,52.7,233378891336.0,8.59,8.13,8.05
1315,2026-10-01,69.1,86.4,72.3,1.874,0.998,0.876,75.8,300968985.0,67.97,64.42,62.26
1316,2026-10-01,10.3,16.3,14.3,-1.293,-0.952,-0.341,38.7,1779591657.0,10.65,10.41,11.95
1319,2026-10-01,77.9,23.5,23.1,-2.091,0.849,-2.94,46.3,84659817450.0,79.47,79.55,83.97
1321,2026-10-01,32.3,51.3,41.0,-0.901,-0.702,-0.199,45.3,15388703532.0,32.32,31.56,32.62
1323,2026-10-01,21.55,52.3,45.8,-0.779,-1.359,0.58,51.5,-1316171346.0,21.45,20.53,19.83
1324,2026-10-01,9.91,5.7,10.9,-0.588,-0.52,-0.068,40.2,2185357068.0,10.0,10.11,10.45
1325,2026-10-01,27.3,23.2,19.0,-1.154,-0.911,-0.243,47.8,2689608003.0,26.42,26.09,27.58
1326,2026-10-01,71.6,80.0,78.1,6.425,1.661,4.764,73.4,416473773576.0,69.87,61.82,52.01
1336,2026-10-01,18.1,66.7,45.3,-1.003,-1.341,0.338,53.0,523736761.0,17.42,15.79,15.41
1337,2026-10-01,4.41,6.9,13.5,-0.542,-0.51,-0.032,37.4,99687424.0,4.5,4.66,4.99
1338,2026-10-01,14.95,20.3,19.6,-4.133,-4.311,0.177,26.8,353386810.0,15.02,15.53,16.89
1339,2026-10-01,42.7,56.2,49.9,-1.005,-1.108,0.103,48.8,96954340.0,42.62,42.4,41.53
1340,2026-10-01,5.22,9.7,13.3,-1.121,-1.093,-0.028,35.0,-2684584901.0,5.24,5.26,6.03
1341,2026-10-01,59.4,75.8,67.8,0.731,0.615,0.116,55.1,7174933.0,59.7,58.78,57.25
1342,2026-10-01,99.8,49.6,53.4,4.015,2.521,1.493,55.2,344613754.0,101.1,100.72,93.85
1402,2026-10-01,27.8,61.4,50.1,-0.21,-0.381,0.171,51.7,438068277730.0,28.13,27.2,26.68
1409,2026-10-01,25.05,59.3,61.1,2.729,1.573,1.156,68.2,13922203521.0,24.85,23.6,19.35
1410,2026-10-01,24.05,6.4,10.4,-2.932,-2.021,-0.911,26.6,1877010300.0,24.15,24.98,28.57
1413,2026-10-01,9.1,12.7,14.2,-0.316,-0.148,-0.168,36.5,3064653242.0,9.21,9.31,9.6
1414,2026-10-01,17.3,49.5,47.2,-0.635,-0.518,-0.117,44.5,35600293768.0,18.12,17.71,18.07
1416,2026-10-01,11.75,54.6,46.0,0.15,0.129,0.021,58.2,9741977011.0,11.67,11.19,11.15
1417,2026-10-01,8.1,31.1,39.1,-0.45,-0.535,0.085,40.6,6137177780.0,8.19,8.17,8.41
1418,2026-10-01,18.7,32.4,24.8,-1.551,-1.361,-0.189,42.3,6044787582.0,18.27,18.23,18.88
1419,2026-10-01,65.3,50.3,48.6,5.272,5.427,-0.156,59.5,46262222648.0,65.7,64.75,65.14
1423,2026-10-01,34.5,25.2,39.7,1.223,1.613,-0.39,50.6,1436989143.0,35.3,36.19,36.01
1432,2026-10-01,14.95,25.0,29.1,-0.175,-0.061,-0.113,46.0,593257516.0,14.98,15.04,15.43
1434,2026-10-01,17.85,52.7,51.3,-0.411,-0.932,0.521,52.3,75815194285.0,18.05,17.16,16.62
1435,2026-10-01,21.5,41.3,34.2,-4.463,-4.782,0.319,43.0,131527096.0,21.83,21.32,20.73
1436,2026-10-01,36.05,5.9,6.0,-7.212,-4.287,-2.926,32.7,408409464.0,36.73,37.61,44.83
1437,2026-10-01,31.25,61.0,53.7,0.478,0.57,-0.092,53.1,9210854546.0,31.7,30.67,31.15
1438,2026-10-01,21.55,21.9,17.9,-5.36,-4.339,-1.021,34.6,-8711531.0,21.08,20.69,24.47
1439,2026-10-01,29.3,67.3,48.9,0.119,0.159,-0.04,55.1,37429604.0,29.13,27.28,27.53
1440,2026-10-01,13.35,49.7,44.5,-0.316,-0.494,0.179,49.4,-2230954838.0,13.63,13.06,13.0
1441,2026-10-01,9.81,3.1,2.8,-1.545,-1.408,-0.137,23.5,18719022609.0,10.02,10.28,11.06
1442,2026-10-01,26.05,41.9,29.7,-5.555,-4.27,-1.285,35.5,1053077629.0,26.76,25.87,26.28
1443,2026-10-01,23.05,37.8,37.8,-1.296,-0.801,-0.495,39.0,1054441949.0,23.62,24.78,25.12
1444,2026-10-01,6.76,31.0,33.6,-0.448,-0.625,0.176,44.5,20866119029.0,6.99,7.21,6.71
1445,2026-10-01,9.98,6.8,15.1,-1.368,-1.022,-0.346,34.0,-8284634337.0,10.08,10.69,11.99
1446,2026-10-01,13.3,9.0,13.0,-4.13,-4.117,-0.013,33.5,7009961933.0,13.43,13.97,14.75
1447,2026-10-01,6.4,35.2,38.7,-0.227,-0.434,0.207,47.9,69611706706.0,6.67,6.75,6.04
1449,2026-10-01,12.5,35.8,35.5,-0.936,-1.191,0.255,45.9,1900033049.0,12.48,12.77,12.02
1451,2026-10-01,17.0,55.5,56.0,-0.078,-0.097,0.019,48.9,-48558888647.0,17.12,17.08,16.92
1452,2026-10-01,10.6,33.0,32.4,-0.933,-0.982,0.048,37.0,7931159076.0,10.95,10.88,11.17
1453,2026-10-01,10.9,13.2,13.5,-1.04,-0.93,-0.11,41.5,3558786093.0,11.0,10.93,11.56
1454,2026-10-01,12.05,6.9,11.8,-0.668,-0.486,-0.183,40.4,-6216988890.0,12.17,12.41,13.02
1455,2026-10-01,9.92,48.4,43.6,-0.192,-0.479,0.288,53.1,46470940373.0,9.95,9.45,8.77
1456,2026-10-01,14.85,56.6,50.4,-0.486,-0.801,0.315,51.5,-4991862888.0,14.47,14.08,13.72
1457,2026-10-01,14.3,24.2,22.9,-0.479,-0.354,-0.125,41.4,628503734124069.0,14.35,14.23,14.51
1459,2026-10-01,22.6,84.4,67.0,1.521,0.814,0.707,82.5,-1510079073.0,18.27,16.14,14.64
1460,2026-10-01,6.12,22.0,40.1,-0.247,-0.269,0.023,39.2,48235461955.0,6.33,6.62,6.63
1463,2026-10-01,17.75,33.7,34.0,-0.18,0.094,-0.275,48.1,57250255710.0,17.52,17.59,18.0
1464,2026-10-01,9.92,18.0,17.1,-0.723,-0.65,-0.073,39.0,2262229467.0,10.02,10.06,10.32
1465,2026-10-01,11.65,18.2,24.1,-0.251,-0.165,-0.086,37.9,1084271808.0,11.78,12.03,12.07
1466,2026-10-01,14.45,22.5,27.5,0.387,0.59,-0.203,49.3,43917119146.0,15.02,14.78,15.26
1467,2026-10-01,8.22,35.0,31.2,-0.582,-0.835,0.253,46.7,2370976137.0,8.21,8.03,7.64
1468,2026-10-01,13.15,51.9,47.8,-0.154,-0.266,0.112,50.1,-719353614.0,13.27,12.98,12.66
1470,2026-10-01,24.1,78.2,68.8,1.114,0.965,0.149,61.9,46928916.0,24.1,23.06,22.56
1471,2026-10-01,9.45,18.6,26.6,-0.653,-0.541,-0.112,42.2,8952946407.0,9.58,10.03,10.6
1472,2026-10-01,86.9,64.6,63.2,6.992,8.109,-1.117,61.6,513661848.0,88.57,88.02,86.18
1473,2026-10-01,19.1,3.5,6.3,-2.185,-1.501,-0.684,33.9,12718477925.0,19.45,19.76,21.7
1474,2026-10-01,9.97,30.4,25.5,-0.527,-0.473,-0.054,39.1,7013576774.0,10.01,9.92,10.06
1475,2026-10-01,26.1,22.4,18.1,-4.868,-4.609,-0.26,37.2,39366676.0,26.1,26.21,27.96
1476,2026-10-01,278.0,9.6,15.8,-39.036,-30.343,-8.693,35.8,141685396840.0,287.0,307.84,337.81
1477,2026-10-01,198.5,9.0,14.7,-19.216,-11.026,-8.19,40.4,7103374448.0,195.0,203.66,233.78
1503,2026-10-01,195.5,36.7,45.1,10.59,12.32,-1.731,52.0,16629770383.0,197.67,205.94,198.29
1504,2026-10-01,69.1,34.1,31.8,5.098,6.8,-1.702,53.1,452643598536.0,70.23,69.75,72.04
1506,2026-10-01,9.71,7.1,9.3,-1.237,-1.154,-0.082,35.0,936282354.0,9.78,10.01,10.78
1512,2026-10-01,6.22,7.3,12.0,-0.739,-0.722,-0.016,33.7,2417351605.0,6.23,6.49,7.06
1513,2026-10-01,166.5,48.1,46.2,9.011,9.204,-0.193,56.8,4710706854.0,166.17,163.91,157.11
1514,2026-10-01,102.5,26.9,33.1,5.207,7.382,-2.175,51.5,19476447132.0,102.33,107.2,106.36
1515,2026-10-01,28.55,37.2,35.2,-1.365,-2.252,0.887,48.2,9811213271.0,30.58,29.01,26.99
1516,2026-10-01,13.75,15.5,28.5,-0.706,-0.017,-0.689,40.3,28040240047.0,14.02,16.23,18.81
1517,2026-10-01,10.25,22.4,24.4,-0.942,-1.082,0.14,40.4,63402823892.0,10.6,10.5,10.88
1519,2026-10-01,691.0,34.5,43.5,83.437,99.071,-15.634,54.9,14545737814.0,704.33,702.93,737.23
1521,2026-10-01,25.7,41.2,40.7,-1.49,-1.965,0.475,45.5,734510572.0,25.75,26.12,25.31
1522,2026-10-01,25.65,7.6,12.7,-4.345,-2.32,-2.025,34.3,78816281024.0,26.82,28.49,34.29
1524,2026-10-01,25.75,18.9,28.2,-0.17,0.5,-0.671,45.7,651559475454.0,26.4,27.99,28.4
1525,2026-10-01,63.3,65.8,66.7,1.128,0.782,0.346,50.9,37208315020.0,64.9,66.19,63.76
1526,2026-10-01,14.85,17.2,19.1,-3.313,-3.627,0.314,37.3,-1883477888.0,15.4,15.48,16.65
1527,2026-10-01,32.8,46.5,32.5,-1.291,-1.467,0.176,44.7,1077536734327.0,32.73,32.28,31.98
1528,2026-10-01,24.4,45.2,46.1,2.526,2.513,0.013,56.5,10775027968.0,23.18,22.54,23.42
1529,2026-10-01,15.7,16.6,23.3,-1.706,-1.267,-0.439,38.9,1391967354.0,16.25,17.62,18.61
1530,2026-10-01,26.7,38.1,41.1,0.296,0.186,0.11,50.2,335622278513.0,27.4,28.04,26.64
1531,2026-10-01,11.45,53.4,59.0,-0.077,-0.131,0.054,47.3,15402766688.0,11.73,11.72,11.59
1532,2026-10-01,21.6,41.7,33.4,-2.082,-2.127,0.045,40.7,11084534455.0,22.3,21.73,22.57
1533,2026-10-01,30.2,20.3,29.6,-2.882,-3.455,0.573,40.5,7470865000.0,30.57,33.17,32.25
1535,2026-10-01,45.3,35.6,39.8,-1.183,-0.397,-0.786,37.9,1505807536.0,45.63,46.08,47.71
1536,2026-10-01,46.6,12.2,15.1,-4.264,-3.297,-0.967,41.6,17318539312.0,47.7,48.38,52.28
1537,2026-10-01,113.5,24.2,35.2,-1.083,-0.161,-0.921,41.1,67310932.0,115.67,117.2,117.22
1538,2026-10-01,8.13,3.2,6.6,-5.112,-3.5,-1.612,26.0,-560000724.0,8.19,9.63,15.47
1539,2026-10-01,15.65,12.1,13.2,-1.586,-1.527,-0.059,38.1,779512986.0,15.57,15.82,16.5
1540,2026-10-01,18.95,12.5,14.5,-1.214,-0.489,-0.725,41.1,1004748419.0,19.25,19.66,20.63
1541,2026-10-01,20.6,17.8,21.0,-2.202,-2.017,-0.185,35.9,-46996453.0,21.07,21.33,22.94
1558,2026-10-01,109.0,71.8,56.0,2.603,0.228,2.375,62.8,125921321.0,108.33,98.2,95.0
1560,2026-10-01,1035.0,89.2,85.2,163.544,107.976,55.568,79.5,41424572544.0,893.67,798.52,615.6
1563,2026-10-01,77.0,64.2,57.9,1.427,-1.024,2.451,54.0,33715427.0,80.2,78.79,66.94
1565,2026-10-01,96.2,15.5,11.0,-21.708,-21.171,-0.537,28.7,123900937.0,97.03,95.78,104.06
1568,2026-10-01,31.45,41.1,45.2,2.112,1.359,0.753,55.0,36532411809.0,30.98,33.72,28.29
1569,2026-10-01,69.6,59.8,39.3,4.165,4.428,-0.264,60.7,1644344369.0,59.33,52.44,53.36
1570,2026-10-01,32.5,24.9,39.0,3.19,3.369,-0.179,53.0,507829062.0,32.97,37.21,34.31
1580,2026-10-01,95.7,5.7,11.4,-4.241,-0.345,-3.896,29.0,233225191.0,99.6,106.34,114.24
1582,2026-10-01,72.8,27.2,36.1,1.102,1.984,-0.882,48.6,571949958.0,73.73,81.03,77.74
1583,2026-10-01,45.7,41.9,43.5,-1.327,-1.654,0.327,47.1,22170917.0,46.85,47.78,45.11
1584,2026-10-01,18.05,15.1,14.6,-2.441,-1.959,-0.482,37.5,2366693352.0,18.3,18.45,20.29
1586,2026-10-01,17.9,4.6,5.7,-3.228,-2.676,-0.552,28.2,127588123.0,17.97,18.98,21.65
1587,2026-10-01,23.4,6.0,13.2,-2.385,-0.265,-2.119,38.3,648463308.0,24.03,25.86,33.62
1589,2026-10-01,5.54,0.2,0.8,-9.874,-10.078,0.205,20.1,463226326.0,5.54,5.54,9.11
1590,2026-10-01,1190.0,54.0,63.7,113.23,91.195,22.036,54.8,824228908.0,1271.67,1302.93,1192.05
1591,2026-10-01,42.1,25.7,27.7,-1.578,-0.27,-1.309,48.4,371298856.0,40.53,38.61,44.18
1593,2026-10-01,31.4,66.3,63.1,-1.804,-2.913,1.109,47.4,114020790.0,31.57,30.78,29.86
1595,2026-10-01,73.9,54.9,55.3,9.269,6.071,3.198,58.3,467257307.0,74.27,73.16,59.07
1597,2026-10-01,146.0,50.6,51.3,16.641,11.376,5.264,61.2,2226217331.0,143.67,143.96,116.11
1598,2026-10-01,20.25,49.6,39.1,-2.277,-2.802,0.526,40.1,116738551.0,20.33,20.0,19.91
1599,2026-10-01,23.1,13.2,16.2,-2.268,-2.029,-0.239,37.9,228682047.0,22.85,23.1,24.91
1603,2026-10-01,30.65,24.4,25.4,-0.619,-0.01,-0.608,46.0,-1256509591.0,30.6,30.11,32.05
1604,2026-10-01,23.25,54.8,52.1,-0.146,-0.113,-0.034,47.2,7902020449.0,23.32,23.35,23.21
1605,2026-10-01,38.35,57.9,55.0,2.221,1.145,1.076,57.1,4115231589507.0,38.65,37.13,35.15
1608,2026-10-01,35.9,65.8,58.7,2.904,2.679,0.225,61.1,47913981012.0,36.62,33.84,33.42
1609,2026-10-01,38.25,41.9,36.3,0.284,0.519,-0.235,51.7,-77712616735.0,38.2,37.5,36.98
1611,2026-10-01,11.25,19.0,27.7,-0.559,-0.526,-0.033,41.0,-3149741913.0,11.58,11.94,12.02
1612,2026-10-01,34.9,50.6,46.7,1.928,2.198,-0.27,57.2,23494413800.0,35.23,34.24,33.56
1614,2026-10-01,30.85,29.5,25.3,-1.48,-1.168,-0.312,35.2,568659398.0,30.87,30.94,31.75
1615,2026-10-01,42.25,34.2,33.5,0.508,1.353,-0.846,49.0,2003287594.0,43.08,42.27,43.53
1616,2026-10-01,18.3,10.6,14.2,-0.129,1.418,-1.546,42.6,40329356141.0,18.83,19.51,22.45
1617,2026-10-01,24.05,64.0,52.2,1.172,0.218,0.954,65.7,-377928859.0,21.98,19.63,17.19
1618,2026-10-01,38.85,32.0,29.5,0.689,1.692,-1.003,49.9,7346884151.0,39.3,39.07,39.78
1623,2026-10-01,198.0,25.3,30.3,0.181,3.508,-3.327,43.1,-27884115.0,200.33,213.17,220.14
1626,2026-10-01,9.65,13.0,19.9,-1.288,-1.253,-0.035,37.7,705541367.0,9.66,10.12,10.68
1702,2026-10-01,32.8,33.6,26.1,-2.888,-2.661,-0.227,33.4,154057437217.0,32.87,32.52,34.08
1707,2026-10-01,84.5,2.4,6.6,-11.305,-8.086,-3.218,23.1,2007581457.0,86.53,89.71,103.37
1708,2026-10-01,56.6,69.7,66.8,5.669,3.329,2.34,72.7,18723022.0,53.67,50.12,42.5
1709,2026-10-01,60.5,83.1,74.2,6.11,1.817,4.293,93.5,58478132849.0,47.45,34.15,25.45
1710,2026-10-01,17.4,58.3,52.4,-0.003,-0.675,0.672,57.6,27087267368.0,16.83,15.66,14.37
1711,2026-10-01,44.6,53.5,56.1,6.374,4.748,1.626,61.8,-60948769336.0,42.95,42.44,36.09
1712,2026-10-01,39.65,22.0,29.6,0.953,1.576,-0.623,51.6,2458890141.0,39.8,39.42,40.9
1713,2026-10-01,45.0,42.4,42.3,1.884,2.492,-0.608,56.1,2543188625.0,43.87,44.5,43.89
1714,2026-10-01,17.55,55.5,59.5,2.144,1.182,0.962,67.0,-621764915500.0,16.98,15.45,12.22
1717,2026-10-01,74.5,66.7,70.2,12.219,10.109,2.11,62.3,22156931746.0,77.0,74.35,65.92
1718,2026-10-01,10.95,47.2,48.3,0.798,0.284,0.514,59.9,254667184108.0,10.9,10.25,8.63
1720,2026-10-01,56.1,69.5,71.3,1.735,1.552,0.183,57.0,27632876306.0,56.37,55.9,55.25
1721,2026-10-01,28.0,53.4,51.8,2.676,1.565,1.112,63.7,5271694098.0,25.0,24.29,20.92
1722,2026-10-01,40.9,16.0,25.1,-2.139,-1.824,-0.315,36.6,92303460076.0,42.33,43.47,44.41
1723,2026-10-01,80.1,57.6,54.5,-2.529,-3.646,1.118,46.9,9485482137.0,82.3,81.52,77.58
1725,2026-10-01,34.2,44.5,42.6,1.138,0.639,0.499,59.4,499828509.0,33.22,32.42,29.93
1726,2026-10-01,76.1,68.8,70.5,2.285,2.113,0.172,63.6,898731300.0,76.7,76.15,74.39
1727,2026-10-01,113.5,77.2,74.4,19.025,12.29,6.735,74.8,9838830519.0,107.47,95.64,73.24
1730,2026-10-01,51.4,59.1,51.9,0.683,0.585,0.099,61.3,-612744060.0,51.37,50.89,50.41
1731,2026-10-01,20.8,47.6,48.1,0.28,0.35,-0.07,55.3,353190458.0,20.87,20.68,20.64
1732,2026-10-01,26.45,23.8,21.9,-0.423,-0.368,-0.055,48.8,452022416.0,26.15,25.96,26.38
1733,2026-10-01,30.35,52.7,46.1,0.712,0.713,-0.001,53.8,21381001265.0,30.63,30.18,29.31
1734,2026-10-01,32.0,83.6,76.0,1.6,1.092,0.508,72.9,689894379.0,31.58,29.87,28.25
1735,2026-10-01,23.7,39.6,41.7,1.543,1.199,0.344,60.2,605960484.0,21.52,21.66,20.49
1736,2026-10-01,124.0,42.1,32.7,0.903,5.433,-4.53,48.5,181658695781.0,126.17,122.29,128.72
1737,2026-10-01,30.0,49.5,53.7,0.148,0.236,-0.088,48.1,14644196210.0,30.25,30.36,30.36
1742,2026-10-01,17.8,75.1,67.5,0.214,-0.128,0.342,57.9,315624032.0,17.77,16.95,16.15
1752,2026-10-01,31.3,14.8,18.2,-2.129,-2.058,-0.071,37.5,468722581.0,31.57,31.59,33.11
1760,2026-10-01,53.8,9.8,16.5,-8.493,-8.855,0.362,34.1,1886223984.0,55.47,57.41,60.08
1762,2026-10-01,33.7,49.7,51.5,-2.105,-3.907,1.802,48.1,1265787660.0,34.65,35.45,31.04
1773,2026-10-01,178.0,57.2,56.3,13.697,11.38,2.317,62.1,1017155258.0,169.83,168.72,156.2
1776,2026-10-01,18.4,53.4,49.8,0.395,0.05,0.345,57.2,95233973.0,17.88,18.1,16.57
1777,2026-10-01,74.7,69.0,49.3,-0.931,-1.185,0.254,52.6,163442729.0,74.37,71.75,70.56
1780,2026-10-01,24.9,35.2,48.6,2.711,2.659,0.053,60.0,60020490.0,24.9,26.0,25.09
1781,2026-10-01,9.8,10.3,17.2,-1.371,-1.176,-0.196,36.1,269986662.0,10.1,10.77,11.3
1783,2026-10-01,37.55,19.6,22.4,-1.149,-0.784,-0.366,44.5,27732870742.0,38.05,37.69,39.31
1784,2026-10-01,60.0,13.3,18.2,-2.839,1.273,-4.112,41.7,946841162.0,60.64,61.78,76.36
1785,2026-10-01,103.0,44.1,53.3,16.786,15.496,1.29,57.6,5755901648.0,102.17,117.32,100.08
1786,2026-10-01,41.0,1.9,3.9,-11.515,-7.007,-4.509,34.7,9728636537.0,44.02,47.96,58.58
1788,2026-10-01,127.5,27.1,34.6,1.25,2.027,-0.777,50.1,94056398.0,128.17,128.68,129.12
1789,2026-10-01,18.55,19.2,24.8,-0.837,-0.996,0.159,44.1,1003729612.0,18.83,19.29,19.62
1795,2026-10-01,178.0,9.4,16.4,-15.235,-5.467,-9.768,43.0,3094965070.0,181.0,181.64,225.74
1796,2026-10-01,29.5,7.2,8.5,-6.772,-5.749,-1.023,36.9,65943041.0,29.45,30.84,36.09
1799,2026-10-01,28.5,12.1,16.0,-8.256,-6.994,-1.261,39.6,276057670.0,29.22,30.8,32.93
1802,2026-10-01,59.9,55.7,63.2,11.051,9.843,1.209,60.4,273617481396.0,60.2,62.17,55.96
1805,2026-10-01,9.96,23.8,22.5,-1.551,-1.488,-0.063,35.6,-53275674.0,10.04,10.1,10.82
1806,2026-10-01,7.93,21.4,18.2,-0.385,-0.277,-0.108,41.3,78225646585.0,7.98,7.96,8.31
1808,2026-10-01,31.35,42.5,33.4,-1.492,-1.779,0.287,47.5,657771824.0,31.88,30.7,30.24
1809,2026-10-01,46.05,60.1,59.6,6.899,4.503,2.396,64.2,-298519498.0,44.3,43.71,33.22
1810,2026-10-01,23.75,44.1,43.6,1.661,0.929,0.733,62.6,17175950449.0,24.37,23.03,20.35
1813,2026-10-01,11.25,10.6,13.8,-1.7,-1.633,-0.067,21.0,52894032.0,11.38,11.66,12.35
1815,2026-10-01,131.0,78.2,71.6,22.573,19.511,3.062,67.8,18196760464.0,122.34,105.96,99.05
1817,2026-10-01,39.75,72.1,58.2,1.128,1.047,0.081,62.1,-628962853.0,39.9,38.99,37.73
1903,2026-10-01,47.1,11.6,13.1,-1.965,-1.376,-0.588,41.9,1605769307.0,47.57,47.69,50.52
1904,2026-10-01,24.1,72.4,65.0,0.262,-0.856,1.118,60.1,203451015226.0,24.63,22.48,20.14
1905,2026-10-01,12.7,27.2,33.2,-1.143,-1.383,0.24,45.3,-114679941774.0,13.15,13.44,13.44
1906,2026-10-01,10.6,23.8,28.5,-0.959,-0.916,-0.042,39.7,11874973266.0,10.95,10.87,11.55
1907,2026-10-01,27.6,62.6,60.7,0.399,-0.087,0.485,53.5,6334995951.0,28.62,27.39,26.15
1909,2026-10-01,10.15,50.9,45.9,-0.76,-1.037,0.277,45.7,53233253894.0,10.52,9.98,10.07
2002,2026-10-01,18.95,33.2,35.2,-0.891,-1.074,0.183,43.8,1755573148834.0,19.03,18.94,19.09
2006,2026-10-01,86.0,77.1,67.4,5.749,3.626,2.123,73.4,51743395697.0,84.07,76.97,71.14
2007,2026-10-01,6.91,12.8,17.9,-0.837,-0.848,0.011,38.9,1819269943808.0,6.97,7.12,7.59
2008,2026-10-01,30.5,77.8,75.3,1.771,1.629,0.143,61.2,5747125251.0,30.72,30.08,29.03
2009,2026-10-01,39.25,28.1,27.6,0.566,0.955,-0.389,50.5,26643600657.0,40.03,38.67,40.91
2010,2026-10-01,22.35,68.7,70.3,1.739,1.593,0.147,63.8,120906461216.0,22.68,22.03,21.31
2012,2026-10-01,14.2,22.8,27.1,-1.682,-1.59,-0.092,37.0,2253550655.0,14.4,14.88,15.37
2013,2026-10-01,41.05,45.3,46.2,-1.05,-1.356,0.305,45.1,-78221032506.0,41.37,41.06,40.8
2014,2026-10-01,16.8,32.3,41.4,-0.898,-1.159,0.261,45.5,-78720608174.0,17.08,17.24,17.3
2015,2026-10-01,63.8,56.1,56.1,0.327,0.149,0.178,51.8,30087166577.0,63.93,63.67,62.36
2017,2026-10-01,8.91,25.6,27.8,-0.845,-0.971,0.126,40.6,8845771743.0,9.06,9.0,9.05
2020,2026-10-01,24.5,51.1,44.7,0.379,0.24,0.139,56.0,1154470133793.0,24.33,22.79,22.56
2022,2026-10-01,7.3,12.7,20.7,-0.763,-0.798,0.035,37.0,15244422050.0,7.4,7.54,8.1
2023,2026-10-01,13.8,19.0,20.6,-0.436,-0.343,-0.093,43.0,203690684074.0,13.9,13.75,14.24
2024,2026-10-01,13.15,8.6,10.9,-1.533,-1.261,-0.273,31.1,120248768672.0,13.1,13.48,14.69
2025,2026-10-01,14.05,63.2,55.3,0.244,0.117,0.127,54.6,-30387053635.0,13.83,13.2,12.19
2027,2026-10-01,47.75,71.7,64.8,3.163,2.006,1.157,64.8,36892706119.0,48.0,44.35,40.1
2028,2026-10-01,17.0,27.7,26.7,-1.439,-1.552,0.113,44.0,6358532832.0,16.62,16.27,17.07
2029,2026-10-01,21.8,68.4,54.3,-0.35,-0.534,0.183,50.9,71261973455.0,22.07,21.13,20.78
2030,2026-10-01,37.6,83.2,72.2,3.363,0.902,2.461,83.5,67192617124.0,32.32,24.9,20.1
2031,2026-10-01,45.5,74.8,61.8,0.194,-0.888,1.082,59.1,69488451108.0,45.67,41.62,39.29
2032,2026-10-01,18.9,67.9,62.0,0.694,0.207,0.487,57.0,31137640313.0,18.82,17.72,16.71
2033,2026-10-01,51.3,69.7,47.8,4.402,1.133,3.269,83.7,115860291742.0,39.88,27.76,21.84
2034,2026-10-01,23.15,63.2,50.7,0.107,-0.415,0.522,56.5,1156941197587.0,22.83,20.86,20.46
2035,2026-10-01,26.7,19.2,23.5,-1.383,-1.244,-0.139,35.5,191214822.0,26.73,26.97,27.88
2038,2026-10-01,12.85,18.8,20.7,-1.28,-1.205,-0.074,41.1,4059916201.0,13.0,13.03,13.99
2049,2026-10-01,346.0,63.3,62.0,29.966,18.528,11.438,60.4,2410990534.0,343.67,340.89,287.1
2059,2026-10-01,13200.0,82.4,80.3,2592.825,1555.856,1036.97,80.3,362212041.0,13145.0,9939.79,6733.26
2061,2026-10-01,65.7,66.3,65.1,10.25,5.379,4.872,75.6,156834916.0,59.03,55.48,36.93
2062,2026-10-01,17.9,17.2,19.3,-1.604,-1.309,-0.295,36.7,741291585.0,18.01,17.95,19.03
2063,2026-10-01,23.8,10.5,14.1,-3.252,-3.306,0.054,32.7,33266667.0,23.77,24.06,25.12
2064,2026-10-01,11.8,20.0,28.1,-0.789,-0.811,0.022,40.3,6734909.0,11.98,12.52,12.2
2065,2026-10-01,35.55,69.4,60.3,-2.394,-3.385,0.991,48.4,55054507.0,35.87,34.68,31.91
2066,2026-10-01,52.4,38.4,37.8,-6.824,-7.1,0.276,42.3,70520255.0,52.83,55.96,52.2
2067,2026-10-01,4.89,8.1,14.3,-1.437,-1.108,-0.329,28.4,48667250.0,5.02,5.77,7.55
2069,2026-10-01,24.65,77.0,73.1,1.865,0.887,0.978,67.6,365672677.0,24.18,21.22,19.44
2070,2026-10-01,62.6,57.1,52.8,4.465,2.742,1.722,55.2,351541418.0,65.13,63.32,52.89
2072,2026-10-01,130.0,6.5,13.4,-30.372,-17.008,-13.364,34.7,6452736.0,134.33,143.56,185.26
2073,2026-10-01,25.6,27.8,34.1,-0.504,-0.468,-0.036,42.2,-8829955.0,25.73,26.36,26.27
2101,2026-10-01,28.75,14.0,20.4,-2.523,-2.006,-0.517,36.0,2254035955667.0,29.97,30.48,32.56
2102,2026-10-01,16.4,14.0,23.1,-0.681,-0.378,-0.303,38.5,69213624093.0,17.15,17.8,18.81
2103,2026-10-01,28.5,84.2,73.1,1.508,-0.0,1.508,71.2,184868303500.0,28.35,24.3,20.84
2104,2026-10-01,11.15,26.7,26.9,-1.305,-1.594,0.289,43.0,220009754697.0,10.92,10.47,11.04
2105,2026-10-01,30.15,44.3,38.3,-2.411,-2.288,-0.123,40.1,-177070938376.0,30.57,30.46,29.87
2106,2026-10-01,16.5,20.8,20.9,-2.25,-2.231,-0.02,32.2,-42149241183.0,16.75,16.9,17.72
2107,2026-10-01,27.1,90.2,84.6,1.262,0.992,0.27,70.6,37840550094.0,27.0,26.01,24.89
2108,2026-10-01,28.1,62.5,62.0,-0.812,-1.812,1.0,49.8,31353082755.0,29.12,28.23,26.32
2109,2026-10-01,14.25,60.4,46.1,-0.109,-0.013,-0.096,48.2,5626077549.0,14.32,14.1,14.08
2114,2026-10-01,89.9,68.5,64.9,0.929,0.301,0.627,57.5,293058982.0,89.7,89.08,86.85
2115,2026-10-01,23.9,66.6,48.0,-0.803,-1.001,0.198,50.9,210272983.0,23.9,22.37,22.2
2201,2026-10-01,28.3,32.0,21.6,-5.629,-6.269,0.641,34.4,92419561548.0,29.1,28.06,29.14
2204,2026-10-01,51.0,41.9,39.1,-4.224,-4.369,0.145,41.6,40126353775.0,52.43,52.09,52.83
2206,2026-10-01,62.4,67.4,58.6,0.851,0.633,0.218,55.0,14977343091.0,62.53,61.38,59.01
2207,2026-10-01,512.0,48.6,41.3,-17.227,-17.279,0.052,47.3,1880566130.0,511.33,503.46,511.42
2208,2026-10-01,18.45,23.4,26.8,0.051,0.232,-0.181,47.6,2962454185.0,18.97,18.82,20.08
2211,2026-10-01,78.9,9.1,19.6,0.611,2.841,-2.23,45.1,181399431.0,80.4,83.73,89.57
2221,2026-10-01,188.0,86.3,79.2,26.729,9.75,16.979,91.4,602795663.0,153.83,98.78,64.54
2227,2026-10-01,44.0,7.1,14.5,-16.214,-19.098,2.884,23.3,-90516942.0,45.47,47.31,50.32
2228,2026-10-01,74.1,8.6,14.0,-1.711,0.905,-2.616,43.4,16135279760.0,74.6,77.27,84.19
2230,2026-10-01,21.8,3.1,6.6,-20.226,-14.376,-5.849,24.9,553663159.0,22.03,23.49,42.66
2231,2026-10-01,92.2,23.8,30.6,-3.019,-3.191,0.172,45.6,369754432.0,92.73,96.57,100.39
2233,2026-10-01,169.5,15.8,29.8,10.018,21.621,-11.603,47.0,589460435.0,169.17,208.47,222.95
2235,2026-10-01,27.2,19.0,17.3,-3.096,-2.399,-0.697,32.3,29351338.0,27.73,28.08,30.22
2236,2026-10-01,101.0,28.6,49.5,9.616,12.16,-2.543,48.1,441506692.0,110.67,124.25,119.05
2237,2026-10-01,26.95,22.3,43.2,0.44,0.612,-0.172,45.2,29814330.0,27.2,32.06,31.52
2239,2026-10-01,18.5,5.2,9.8,-7.33,-7.318,-0.013,30.4,-6706364.0,19.1,20.51,24.7
2241,2026-10-01,48.1,56.2,48.2,2.238,0.316,1.923,61.8,568197204.0,42.95,39.98,36.02
2243,2026-10-01,54.7,71.1,67.7,8.712,4.41,4.302,71.6,391860152.0,49.77,45.86,30.85
2247,2026-10-01,226.0,33.5,30.9,-8.225,-3.189,-5.036,42.8,-12203796.0,227.0,225.27,237.32
2248,2026-10-01,60.7,63.8,62.3,4.862,3.807,1.054,66.0,-902676.0,61.53,58.05,52.68
2250,2026-10-01,56.6,17.7,14.1,-7.503,-5.62,-1.883,41.7,37077217.0,57.43,57.87,61.76
2254,2026-10-01,98.0,65.7,47.7,0.218,-3.876,4.094,68.0,30048201.0,84.03,73.97,69.42
2258,2026-10-01,30.85,32.4,30.6,-3.106,-2.544,-0.562,48.2,70033347.0,31.32,31.51,33.8
2301,2026-10-01,298.5,77.2,72.6,45.715,31.935,13.779,72.8,4868877139108.0,294.33,257.07,207.34
2302,2026-10-01,47.9,68.4,63.6,7.213,4.171,3.042,72.9,-25220326553.0,45.68,43.09,30.74
2303,2026-10-01,148.0,72.6,71.9,26.98,17.417,9.563,70.7,-317452287806.0,143.83,142.72,100.58
2305,2026-10-01,59.8,77.5,72.2,8.351,2.865,5.485,73.7,172580491799.0,52.85,41.82,27.61
2308,2026-10-01,2050.0,63.2,68.5,416.398,354.041,62.357,69.4,-95032668266.0,1926.67,1967.05,1654.18
2312,2026-10-01,31.05,48.1,51.0,3.596,3.052,0.545,58.9,-95782587099.0,31.55,33.02,28.49
2313,2026-10-01,252.0,67.4,70.7,47.799,39.542,8.257,65.2,32366937444.0,242.33,235.03,203.53
2314,2026-10-01,11.1,9.5,14.0,-14.607,-15.93,1.323,28.5,2443982575.0,11.27,12.73,16.45
2316,2026-10-01,172.0,55.3,61.2,31.172,25.88,5.292,63.7,36987710181.0,165.83,170.22,138.13
2317,2026-10-01,262.0,60.6,61.0,28.194,26.388,1.806,61.8,-70011338686.0,254.5,256.4,235.54
2321,2026-10-01,25.35,29.0,30.0,-1.242,-0.956,-0.286,44.8,2074804799.0,25.66,26.06,27.42
2323,2026-09-01,11.0,45.9,50.8,0.328,0.194,0.134,55.6,21028401163.0,10.63,10.66,10.5
2324,2026-10-01,35.9,49.4,50.2,2.065,1.427,0.638,56.3,3051227369013.0,37.78,36.89,33.09
2327,2026-10-01,628.0,45.9,58.5,133.993,103.349,30.643,60.2,3681057978034.0,573.67,682.62,473.86
2328,2026-10-01,49.2,37.2,38.0,2.611,3.21,-0.598,54.5,222207829028.0,47.85,48.1,47.98
2329,2026-10-01,44.95,29.0,36.7,2.043,3.144,-1.101,49.8,16847854803.0,44.42,47.91,50.44
2330,2026-10-01,2580.0,94.2,91.5,431.168,357.933,73.235,82.9,-2505163189076.0,2485.98,2436.77,2099.12
2331,2026-10-01,18.85,19.1,26.8,-0.985,-0.786,-0.199,43.9,1585157606108.0,19.22,19.95,21.56
2332,2026-10-01,20.4,52.3,47.7,0.375,-0.181,0.556,56.9,3334910716695.0,20.3,19.57,17.38
2337,2026-10-01,121.0,53.6,63.8,27.691,23.463,4.228,63.4,263958585009.0,123.17,132.0,111.49
2338,2026-10-01,47.9,46.4,48.2,-2.243,-3.838,1.596,50.5,5309367949.0,44.75,46.61,44.18
2340,2026-10-01,47.2,66.7,56.7,1.903,-0.432,2.335,64.1,66433517217.0,40.53,37.45,32.64
2342,2026-10-01,49.2,53.9,53.0,4.014,1.837,2.177,59.2,28697460596.0,46.55,45.2,38.05
2344,2026-10-01,181.5,67.6,71.2,40.294,30.006,10.289,66.9,2072781185739.0,181.17,173.17,134.05
2345,2026-10-01,2070.0,60.3,69.2,401.565,355.48,46.085,67.1,-736675021.0,1960.0,2148.55,1778.29
2347,2026-10-01,95.9,86.5,83.4,8.624,5.615,3.009,72.1,-2992519665093.0,92.6,90.02,78.07
2348,2026-10-01,71.7,47.6,33.5,-7.832,-7.022,-0.81,45.6,335844871.0,70.97,67.5,67.86
2349,2026-10-01,10.35,22.2,33.9,0.02,0.317,-0.296,45.5,-409733538506.0,10.72,11.66,12.29
2351,2026-10-01,221.0,76.8,73.7,30.238,15.961,14.276,65.1,-32347893660.0,220.83,204.05,150.12
2352,2026-10-01,29.55,52.4,45.0,-1.745,-2.316,0.572,48.7,1036601607565.0,29.18,29.3,26.7
2353,2026-10-01,31.4,38.8,38.5,-0.345,-0.763,0.418,51.4,5095684273426.0,31.52,31.75,28.85
2354,2026-10-01,64.5,67.0,52.2,0.257,-0.091,0.348,54.1,3040543031253.0,64.97,60.74,58.42
2355,2026-10-01,44.85,38.4,49.0,3.058,2.798,0.259,53.7,166425073733.0,43.52,47.32,43.52
2356,2026-10-01,58.7,50.4,53.4,5.617,4.088,1.529,58.8,-3140069173144172.0,61.63,63.2,52.89
2357,2026-10-01,1005.0,83.6,71.5,121.071,79.883,41.188,73.9,-350943216002.0,988.33,858.06,688.08
2359,2026-10-01,127.5,35.8,37.7,6.16,9.271,-3.111,51.4,641718305.0,133.5,132.17,128.14
2360,2026-10-01,2320.0,72.4,75.3,502.46,399.135,103.325,77.3,-54649481022.0,2138.33,2195.64,1720.8
2362,2026-10-01,46.3,63.1,54.7,1.36,0.722,0.638,59.6,-66899405602.0,46.98,44.45,40.73
2363,2026-10-01,58.3,42.4,41.5,0.734,0.567,0.167,52.2,196938908740.0,56.17,58.57,54.08
2364,2026-10-01,64.7,42.4,37.3,2.974,2.939,0.035,57.5,1559317688.0,65.23,62.89,59.79
2365,2026-10-01,27.95,17.9,21.2,-0.706,1.112,-1.818,44.3,-15790721022.0,28.6,30.93,32.86
2367,2026-10-01,48.65,38.2,47.7,6.055,6.492,-0.437,54.9,273929753792.0,45.55,49.46,49.52
2368,2026-10-01,1220.0,60.1,65.9,247.325,212.392,34.933,66.6,24605119989.0,1168.33,1134.79,989.16
2369,2026-10-01,31.6,45.9,55.6,3.892,3.2,0.691,60.2,4673768665.0,31.67,33.98,30.02
2371,2026-10-01,30.1,28.4,22.3,-3.326,-2.83,-0.496,43.6,-44368719129.0,29.53,28.33,31.07
2373,2026-10-01,53.3,49.8,54.1,-1.351,-1.658,0.307,41.9,286841821991.0,53.1,53.78,53.22
2374,2026-10-01,67.0,33.2,37.6,7.235,9.561,-2.326,54.0,7541591051.0,67.63,69.77,72.82
2375,2026-10-01,125.5,39.9,49.8,17.707,14.341,3.365,56.1,19001764458969.0,123.5,143.37,115.37
2376,2026-10-01,395.5,80.4,70.2,35.209,23.225,11.984,69.6,658885760153.0,370.67,354.17,294.49
2377,2026-10-01,158.0,77.9,64.7,1.246,-5.302,6.548,60.0,106339360712.0,154.67,145.16,118.79
2379,2026-10-01,754.0,60.3,57.0,73.335,49.246,24.089,68.4,-13343092024.0,736.76,701.39,591.32
2380,2026-10-01,16.75,19.2,28.8,-1.456,-1.831,0.376,42.2,404966612.0,17.6,18.45,18.52
2382,2026-10-01,334.5,49.5,53.9,30.718,28.413,2.305,61.3,1065745149653435.0,335.5,329.34,301.86
2383,2026-10-01,5935.0,81.6,82.4,1294.87,954.141,340.729,80.7,1500582482094.0,5451.67,5256.78,3831.23
2385,2026-10-01,106.0,18.3,22.5,-5.08,-2.477,-2.603,43.1,4449182140.0,105.67,109.26,111.73
2387,2026-10-01,36.15,33.5,41.1,-1.473,-1.037,-0.436,41.6,11391494817.0,36.4,38.03,37.84
2388,2026-10-01,71.6,59.4,54.8,-4.974,-7.737,2.763,47.7,-754498332524.0,72.43,72.99,64.59
2390,2026-10-01,10.1,26.8,34.3,-0.608,-0.744,0.136,43.8,-9801673564.0,10.27,10.68,10.34
2392,2026-10-01,41.8,50.9,38.5,-2.51,-2.481,-0.028,48.5,419261671513.0,42.8,39.51,38.06
2393,2026-10-01,67.3,75.4,65.3,2.432,2.217,0.215,57.4,68936821642.0,65.97,62.8,59.15
2395,2026-10-01,749.0,89.9,79.3,90.253,43.181,47.072,85.1,17059489405.0,717.33,613.54,460.95
2397,2026-10-01,64.9,60.0,43.8,-0.387,-0.678,0.29,53.5,73081730306.0,63.63,60.37,58.47
2399,2026-10-01,48.45,70.6,67.8,6.526,4.265,2.26,65.4,29563388987.0,47.67,45.43,36.73
2401,2026-10-01,26.7,46.2,47.5,-0.045,-0.724,0.679,51.8,119063526127.0,26.23,27.55,24.52
2402,2026-10-01,58.8,40.9,45.9,6.669,6.863,-0.194,57.2,2380010933242.0,59.0,59.69,57.29
2404,2026-10-01,1320.0,72.5,66.0,213.197,189.669,23.528,65.6,-88248288676.0,1223.33,1194.66,1046.16
2405,2026-10-01,15.15,19.2,24.9,-0.517,-0.236,-0.28,43.6,52207657809.0,15.25,16.08,16.16
2406,2026-10-01,31.85,43.3,55.5,3.934,3.374,0.559,58.0,6924335098.0,30.45,33.14,30.73
2408,2026-10-01,529.0,85.5,82.4,114.105,77.339,36.766,72.9,29469473955.0,530.33,458.07,342.42
2409,2026-10-01,38.95,81.3,74.0,4.961,2.25,2.711,74.1,839843887938.0,34.72,30.52,22.3
2412,2026-10-01,145.0,79.7,73.1,7.229,6.173,1.056,79.0,127282849020.0,141.5,138.69,133.32
2413,2026-10-01,57.6,59.3,58.4,7.02,5.294,1.726,64.6,613785923329.0,50.73,47.82,45.63
2414,2026-10-01,53.5,63.6,67.7,5.686,4.648,1.039,70.3,-4563636895.0,52.87,53.65,46.93
2415,2026-10-01,28.15,44.3,51.7,1.439,0.909,0.53,56.0,73147443994.0,28.1,28.08,25.93
2417,2026-10-01,38.5,30.8,36.3,0.77,1.189,-0.419,48.5,77501530099.0,40.52,42.23,40.38
2419,2026-10-01,27.75,34.9,39.3,0.136,-0.009,0.145,50.4,8509088510.0,27.52,27.83,28.0
2420,2026-10-01,58.5,60.8,56.2,2.142,1.795,0.347,58.7,-20491670406.0,56.0,56.22,52.44
2421,2026-10-01,169.5,65.5,57.3,17.963,16.129,1.834,60.8,64345879153.0,169.83,156.05,149.8
2423,2026-10-01,72.4,65.9,64.9,9.317,7.654,1.663,68.6,-24785551256.0,72.73,73.64,61.88
2424,2026-10-01,8.15,2.4,2.9,-11.177,-6.683,-4.494,33.9,5091257517.0,8.15,9.19,20.16
2425,2026-10-01,36.95,52.8,55.7,0.723,-0.197,0.92,51.8,257161329.0,37.28,39.9,34.29
2426,2026-10-01,110.0,84.4,76.9,20.132,11.231,8.902,76.9,98535978934.0,103.93,86.57,56.7
2427,2026-10-01,22.8,37.2,29.7,-0.234,0.187,-0.421,48.8,-3139214946.0,22.83,21.95,23.17
2428,2026-10-01,262.0,55.8,58.3,30.03,21.566,8.464,61.1,60412016386.0,255.17,261.95,215.9
2429,2026-10-01,30.15,4.5,8.8,-2.481,3.833,-6.315,41.4,635509536.0,31.38,36.17,49.27
2430,2026-10-01,17.5,16.8,12.7,-3.165,-3.019,-0.146,24.7,112824450102.0,17.85,17.85,19.8
2431,2026-10-01,10.0,8.5,14.0,-0.64,-0.307,-0.334,42.7,-10839638119.0,10.12,10.41,11.6
2432,2026-10-01,27.7,67.1,61.1,-0.54,-0.96,0.42,68.3,2159803.0,27.6,27.5,25.93
2433,2026-10-01,40.0,14.3,21.1,-0.71,-0.109,-0.601,33.9,525470954.0,40.65,41.14,42.53
2434,2026-10-01,61.6,54.2,52.0,7.032,3.163,3.868,78.2,2005231080.0,63.0,54.23,42.33
2436,2026-10-01,73.6,68.5,64.3,4.864,2.716,2.149,60.0,27189772182.0,71.27,69.1,62.18
2438,2026-10-01,20.1,27.8,27.0,-2.631,-1.919,-0.712,43.5,121473738616.0,19.38,21.05,21.93
2439,2026-10-01,75.9,14.8,19.4,-4.866,-2.563,-2.303,39.5,168432364578.0,77.33,80.19,84.81
2440,2026-10-01,14.4,23.4,36.7,0.364,0.42,-0.056,49.3,2795473047.0,14.35,15.43,15.25
2441,2026-10-01,125.0,63.1,64.9,17.806,13.633,4.173,66.4,3727416075460.0,122.0,122.47,102.94
2442,2026-10-01,14.0,8.7,14.2,-1.105,-0.467,-0.638,36.3,-528929370.0,14.8,15.33,16.55
2444,2026-10-01,15.55,54.1,43.0,0.05,-0.298,0.349,57.6,-49860954904.0,14.15,13.12,12.77
2449,2026-10-01,293.5,60.8,64.9,50.699,48.847,1.852,63.6,-39793363775.0,281.67,283.4,273.18
2450,2026-10-01,28.15,37.7,43.8,-0.367,-0.42,0.052,46.3,1731480558.0,28.15,28.4,28.13
2451,2026-10-01,287.5,62.0,66.3,55.213,46.149,9.064,69.1,567398770071.0,290.33,292.49,251.76
2453,2026-10-01,53.1,38.8,37.5,1.088,1.591,-0.503,51.8,8925251484.0,53.0,53.89,52.29
2454,2026-10-01,5035.0,81.8,78.2,911.868,589.957,321.91,79.0,-115252454817.0,4626.67,4323.2,3037.72
2455,2026-10-01,592.0,87.7,81.6,96.567,56.911,39.656,77.8,-143983092267.0,540.33,446.53,328.67
2457,2026-10-01,22.25,17.9,21.4,-4.276,-4.534,0.258,39.9,84698582254.0,22.73,24.11,25.81
2458,2026-10-01,133.0,41.7,50.0,6.11,5.171,0.939,51.3,53922422247.0,135.33,148.8,133.62
2459,2026-10-01,65.2,69.2,71.4,2.628,2.617,0.011,62.6,25335150649.0,65.7,64.8,63.56
2460,2026-10-01,30.4,53.3,59.6,2.059,1.174,0.885,55.2,711021635469.0,29.77,31.52,28.19
2461,2026-10-01,16.9,43.8,47.9,-0.421,-0.647,0.226,47.6,20775263953.0,17.78,17.14,16.7
2462,2026-10-01,20.55,19.3,22.7,-1.74,-1.681,-0.059,42.9,13038046650.0,20.35,20.88,21.72
2464,2026-10-01,195.0,77.4,73.8,32.833,20.933,11.9,72.6,31745295046.0,189.01,176.3,125.09
2465,2026-10-01,91.4,68.2,61.2,4.662,1.024,3.638,59.2,2363739430.0,92.2,84.0,71.05
2466,2026-10-01,165.5,79.1,60.1,16.735,8.069,8.667,78.7,-16665815.0,129.67,98.77,77.33
2467,2026-10-01,575.0,76.3,79.1,118.862,95.114,23.748,67.9,13655914769.0,575.67,573.11,454.01
2468,2026-10-01,42.45,44.5,28.1,1.129,1.827,-0.698,54.8,6118449340.0,40.52,36.6,36.64
2471,2026-10-01,50.7,65.4,58.2,1.631,1.754,-0.123,57.1,37540772.0,51.0,49.65,48.69
2472,2026-10-01,228.0,43.7,57.6,48.254,40.389,7.865,57.7,397832404008.0,221.83,282.4,202.85
2474,2026-10-01,206.5,37.8,39.3,6.713,6.21,0.503,57.0,-13155892026.0,207.17,200.47,196.38
2476,2026-10-01,131.0,80.6,72.5,14.089,10.954,3.135,66.5,971361489267.0,126.67,122.84,105.48
2477,2026-10-01,22.65,45.0,37.6,0.108,0.134,-0.026,51.8,19080848074.0,22.57,22.02,22.19
2478,2026-10-01,127.5,43.2,54.0,22.893,16.828,6.065,58.9,118639482035.0,123.67,140.0,101.63
2480,2026-10-01,168.0,78.0,63.5,11.4,11.043,0.357,64.1,6142859406.0,161.67,158.02,147.86
2481,2026-10-01,176.5,61.0,64.1,28.473,19.215,9.259,68.8,183776898113.0,166.5,160.33,124.07
2482,2026-10-01,16.3,15.5,16.2,-2.918,-3.241,0.323,38.7,12861480396.0,16.25,16.25,16.78
2483,2026-10-01,40.0,43.8,52.8,4.426,2.358,2.068,61.8,284831543.0,36.98,38.17,29.16
2484,2026-10-01,85.4,73.3,71.5,13.172,6.814,6.358,79.8,18905442901.0,79.13,70.61,49.11
2485,2026-10-01,47.05,37.1,49.6,8.166,7.746,0.42,56.0,8394337647.0,43.83,49.52,47.62
2486,2026-10-01,251.0,67.5,68.1,45.756,34.63,11.125,65.7,-6046850068.0,251.33,240.83,192.22
2488,2026-10-01,48.95,70.6,74.7,2.996,3.073,-0.077,63.4,486802379.0,48.77,49.72,47.3
2489,2026-10-01,40.0,60.3,62.0,6.797,5.187,1.61,60.3,16153081929.0,41.33,40.37,33.47
2491,2026-10-01,39.9,62.4,60.0,6.638,3.671,2.967,61.8,339545818.0,43.83,36.32,26.53
2492,2026-10-01,372.5,46.7,52.9,63.804,42.368,21.436,61.5,29661188821.0,322.33,356.49,242.69
2493,2026-10-01,210.0,48.4,50.7,31.684,23.67,8.015,61.1,9874847422.0,195.67,202.47,156.8
2495,2026-10-01,38.65,49.8,58.7,4.495,3.971,0.524,57.9,3869794425.0,38.68,41.72,37.32
2496,2026-10-01,54.8,22.0,29.9,-0.019,1.424,-1.444,42.2,-38009238.0,54.77,56.46,58.73
2497,2026-10-01,44.2,29.0,39.3,-1.726,-1.793,0.067,45.3,6004785530.0,44.52,48.66,47.79
2498,2026-10-01,42.55,27.2,23.2,-1.658,-1.317,-0.342,47.3,-60408810074.0,41.88,42.62,43.46
2501,2026-10-01,20.4,22.6,37.0,0.494,0.653,-0.158,48.3,81410685497.0,21.28,21.8,21.68
2504,2026-10-01,30.75,13.7,19.2,-0.546,0.193,-0.739,43.4,250394493111.0,30.87,31.53,32.54
2505,2026-10-01,17.0,20.4,20.8,-0.942,-0.946,0.004,41.8,-94665245404.0,17.0,16.9,17.38
2506,2026-10-01,8.38,25.3,24.1,-0.337,-0.244,-0.093,39.2,-5674103121.0,8.46,8.52,8.73
2509,2026-10-01,13.95,42.2,35.0,-0.827,-0.908,0.082,45.5,929368856.0,14.55,13.69,14.22
2511,2026-10-01,8.27,66.7,52.4,-0.381,-0.459,0.078,45.1,-12615203409.0,8.3,8.13,8.02
2514,2026-10-01,11.3,5.3,7.3,-1.656,-1.339,-0.317,27.6,8860266078.0,11.57,12.22,13.32
2515,2026-10-01,11.8,15.6,26.1,0.445,0.617,-0.172,50.6,379187733901.0,11.92,12.07,12.75
2516,2026-10-01,14.9,66.2,49.5,0.401,0.641,-0.24,53.8,9092705804.0,14.75,14.14,14.24
2520,2026-10-01,36.55,67.5,51.9,-0.25,-0.498,0.247,54.5,67203772289.0,36.5,33.89,32.07
2524,2026-10-01,33.65,15.2,15.5,-4.884,-3.794,-1.091,39.7,28858692539.0,34.37,34.79,37.93
2527,2026-10-01,51.1,84.6,77.6,4.93,2.598,2.332,74.9,34818520608.0,47.97,43.63,36.41
2528,2026-10-01,19.0,21.8,18.2,-1.972,-1.398,-0.574,39.7,1865000846.0,19.47,19.07,20.95
2530,2026-10-01,19.7,18.2,14.4,-2.94,-2.076,-0.864,37.4,-1675243932.0,19.37,19.12,22.13
2534,2026-10-01,16.55,32.5,27.0,-0.986,-0.699,-0.287,39.2,5936276878.0,16.97,16.72,17.55
2535,2026-10-01,88.8,77.4,80.2,11.694,9.661,2.033,76.8,7566971672.0,89.43,88.07,76.5
2536,2026-10-01,18.4,24.3,20.4,-1.846,-1.421,-0.425,38.0,48433958189.0,19.45,18.89,20.16
2537,2026-10-01,10.95,49.5,39.6,-0.328,-0.34,0.011,48.1,616215713.0,11.23,10.85,10.76
2538,2026-10-01,8.67,14.7,14.9,-0.997,-0.855,-0.143,36.0,-1728985176.0,8.81,9.02,9.56
2539,2026-10-01,33.25,48.4,43.0,-0.06,0.921,-0.982,46.5,626201590.0,34.57,33.14,35.38
2540,2026-10-01,47.35,56.5,54.7,0.638,0.94,-0.301,49.7,728290253.0,48.57,49.53,46.58
2542,2026-10-01,38.05,61.9,62.4,1.557,1.317,0.24,53.9,9979130410719.0,39.75,39.48,37.08
2543,2026-10-01,38.1,8.9,10.4,-1.533,2.797,-4.33,42.8,24139827834.0,38.8,39.09,48.18
2545,2026-10-01,34.0,37.7,27.5,-2.222,-1.728,-0.494,43.8,56492876060.0,34.23,34.11,34.49
2546,2026-10-01,106.0,72.9,69.7,10.916,7.602,3.314,78.8,74945634.0,105.83,92.76,82.47
2547,2026-10-01,9.65,38.1,37.1,0.099,0.205,-0.106,48.4,217835707910.0,9.8,9.88,9.9
2548,2026-10-01,91.4,17.3,34.6,2.557,4.136,-1.579,48.6,43463078776.0,91.97,96.14,98.66
2596,2026-10-01,34.8,64.7,48.9,0.752,0.586,0.167,55.5,104668389.0,34.88,31.58,31.48
2597,2026-10-01,163.5,47.3,49.6,16.482,18.033,-1.551,64.6,317121657.0,167.5,164.46,160.22
2601,2026-10-01,6.16,28.4,28.8,-0.612,-0.763,0.152,40.4,527147726123.0,7.11,6.91,6.72
2603,2026-10-01,233.0,69.8,63.3,21.49,17.892,3.598,68.2,33674685602.0,235.33,215.34,196.86
2605,2026-10-01,35.3,49.9,51.8,3.167,2.49,0.676,61.5,16040406988.0,35.4,32.54,31.76
2606,2026-10-01,74.1,70.2,66.1,5.938,4.479,1.459,63.5,-42503504687.0,74.6,68.8,63.88
2607,2026-10-01,53.2,63.0,43.8,0.657,0.881,-0.224,54.9,48664273973.0,53.23,49.62,50.5
2608,2026-10-01,28.7,35.7,29.0,-1.338,-1.151,-0.187,37.2,7037547476.0,28.62,28.55,29.41
2609,2026-10-01,58.4,49.4,37.0,1.055,0.872,0.182,55.0,120599385732.0,59.1,54.77,52.96
2610,2026-10-01,20.1,49.9,48.7,0.153,0.1,0.053,50.3,25466413731.0,20.27,20.73,19.86
2611,2026-10-01,15.35,34.4,25.8,-0.693,-0.697,0.004,50.2,34357428859.0,14.9,14.12,14.1
2612,2026-10-01,61.6,50.3,42.6,4.52,4.131,0.389,61.6,16867056319.0,61.3,57.0,56.95
2613,2026-10-01,21.85,20.9,17.3,-1.119,-0.807,-0.311,44.4,-2680731003.0,22.32,21.72,22.45
2614,2026-10-01,17.31,28.0,29.8,-0.392,-0.537,0.145,47.9,135828596835.0,17.12,16.87,18.05
2615,2026-10-01,111.0,59.2,49.2,8.47,4.811,3.659,66.0,-114688855530.0,113.0,96.51,85.28
2616,2026-10-01,13.15,5.6,8.1,-2.013,-2.401,0.387,32.9,578812654.0,13.3,13.28,13.61
2617,2026-10-01,31.7,53.1,47.9,0.957,0.615,0.342,62.2,66514618004.0,31.37,29.71,29.32
2618,2026-10-01,42.0,79.1,70.1,2.617,2.097,0.52,61.9,-110804111680.0,42.28,41.21,37.56
2630,2026-10-01,46.15,37.7,37.8,3.297,4.081,-0.783,52.7,133442172.0,48.17,47.4,48.4
2633,2026-10-01,25.7,58.0,49.4,-0.153,-0.153,0.0,48.9,3001681213.0,25.78,25.42,25.72
2634,2026-10-01,64.7,60.4,52.6,4.582,3.079,1.503,63.8,5121975762.0,65.2,59.95,54.99
2636,2026-10-01,70.0,61.7,59.1,0.072,-0.815,0.887,55.2,-216052489.0,70.17,67.43,64.49
2637,2026-10-01,98.5,74.2,71.7,9.377,5.983,3.395,73.8,2750917696.0,96.33,85.32,75.8
2640,2026-10-01,156.0,54.1,54.8,13.755,13.037,0.718,61.9,89089940.0,156.67,153.68,147.4
2641,2026-10-01,17.25,21.4,22.5,-0.285,-0.015,-0.27,46.2,2129404741.0,17.55,17.43,18.13
2642,2026-10-01,20.15,9.8,9.7,-3.865,-3.891,0.026,30.3,41251659771.0,20.35,20.4,22.3
2643,2026-10-01,62.6,37.0,32.5,-0.143,0.687,-0.83,47.9,118786935.0,62.4,61.74,64.26
2645,2026-10-01,173.0,35.9,43.3,19.554,18.458,1.096,61.7,525769668.0,173.0,174.44,162.86
2646,2026-10-01,20.05,17.1,19.7,-1.33,-0.994,-0.336,30.9,-195791490.0,20.37,20.72,21.53
2701,2026-10-01,10.2,33.1,31.7,-0.328,-0.304,-0.024,38.4,-1892256529.0,10.29,10.27,10.46
2702,2026-10-01,12.1,21.6,25.7,-1.182,-1.377,0.195,39.4,2639306263.0,12.37,12.52,12.55
2704,2026-10-01,45.3,49.0,45.3,-0.901,-1.178,0.277,49.5,19022181440.0,45.05,44.82,43.65
2705,2026-10-01,15.05,16.3,23.8,-0.669,-0.533,-0.135,38.8,10015171073.0,15.32,15.57,16.03
2706,2026-10-01,12.05,40.9,36.3,-0.39,-0.385,-0.005,40.8,-7742952228.0,12.17,12.09,12.23
2707,2026-10-01,174.5,34.9,33.8,-0.814,-0.314,-0.5,47.3,29890887918.0,175.67,176.08,175.98
2712,2026-10-01,13.4,8.0,11.8,-3.588,-3.627,0.039,28.6,198646052.0,13.73,14.32,15.85
2718,2026-10-01,39.55,25.6,27.1,-4.032,-3.144,-0.888,42.6,2221190.0,40.57,41.78,43.6
2719,2026-10-01,19.4,3.4,5.0,-6.735,-5.829,-0.906,32.3,21201345.0,19.83,21.82,25.26
2722,2026-10-01,21.8,12.3,12.1,-4.572,-4.665,0.093,35.8,195743065.0,21.6,22.02,23.65
2723,2026-10-01,76.6,61.8,49.2,-4.915,-6.576,1.661,48.4,-48485408.0,78.67,71.2,70.37
2724,2026-10-01,12.45,17.9,14.6,-3.3,-2.305,-0.995,36.0,21915521.0,12.12,12.02,15.46
2726,2026-10-01,8.07,3.5,4.7,-5.312,-5.538,0.226,23.7,29751830.0,8.1,8.82,10.41
2727,2026-10-01,233.5,78.1,72.2,11.009,9.21,1.8,63.9,456704237.0,235.0,231.06,217.86
2729,2026-10-01,154.5,26.3,24.9,-2.871,-0.689,-2.182,41.5,23155847.0,155.33,154.33,159.7
2731,2026-10-01,144.5,21.3,30.5,6.753,8.823,-2.07,53.3,692350516.0,144.33,147.42,150.53
2732,2026-10-01,63.1,42.9,33.1,-7.574,-8.285,0.711,35.2,279065249.0,62.84,62.67,63.73
2734,2026-10-01,14.35,8.1,9.3,-3.916,-4.026,0.11,34.0,99701601.0,14.6,14.74,16.13
2736,2026-10-01,11.2,4.9,6.9,-2.63,-2.603,-0.027,33.7,319585177.0,11.52,11.67,12.75
2739,2026-10-01,36.25,71.6,61.4,-1.91,-2.505,0.595,47.5,-72267283.0,36.88,35.63,33.93
2740,2026-10-01,31.4,37.1,44.2,-4.459,-5.437,0.978,42.9,1707559.0,30.83,32.17,33.79
2743,2026-10-01,51.0,6.4,10.9,-5.367,-2.264,-3.102,35.6,1001381768.0,53.31,56.99,64.82
2745,2026-10-01,84.5,12.2,17.9,1.451,4.791,-3.339,45.7,32966968.0,86.13,89.96,93.85
2748,2026-10-01,38.6,26.6,22.1,-4.299,-4.572,0.273,35.8,300431093.0,38.73,38.36,38.83
2751,2026-10-01,53.0,36.6,27.0,-7.292,-8.439,1.147,41.9,-1688724.0,52.53,51.46,53.78
2752,2026-10-01,177.0,16.7,17.0,-7.29,-5.256,-2.034,39.5,9970920.0,177.67,176.0,185.0
2753,2026-10-01,183.5,74.7,56.3,8.631,7.895,0.737,62.5,106589879.0,181.83,175.05,171.28
2754,2026-10-01,68.0,17.1,16.4,-7.917,-7.837,-0.081,36.7,98045137.0,68.2,67.73,71.87
2755,2026-10-01,99.5,46.2,52.8,8.805,10.046,-1.241,58.0,13254415.0,100.13,102.77,100.96
2756,2026-10-01,62.0,23.7,17.3,-5.493,-3.364,-2.129,41.0,-10924995.0,61.88,59.72,67.12
2762,2026-10-01,78.5,65.3,63.7,1.261,-0.101,1.363,52.4,15691422.0,79.93,80.58,75.09
2801,2026-10-01,27.3,82.6,82.6,2.671,1.858,0.813,84.0,25567393412.0,26.68,24.27,21.9
2812,2026-10-01,18.6,60.3,52.2,1.015,1.287,-0.273,57.6,609081054179.0,18.83,18.45,18.65
2816,2026-10-01,39.75,88.2,85.3,3.201,1.988,1.213,74.1,1272927098.0,39.7,36.32,32.47
2820,2026-10-01,16.6,64.2,67.7,0.821,0.789,0.032,66.8,2275911629.0,16.65,16.57,16.24
2832,2026-10-01,56.5,77.7,79.4,6.327,5.656,0.671,71.9,1945057006.0,57.23,55.97,51.47
2834,2026-10-01,17.4,80.9,81.7,1.317,1.088,0.229,69.9,-1874839597516.0,17.37,16.67,15.6
2836,2026-10-01,12.0,57.1,55.1,0.376,0.378,-0.002,59.1,1598149047.0,11.98,11.85,11.81
2838,2026-10-01,20.2,62.5,70.0,1.968,1.842,0.125,71.9,15789196506.0,20.35,20.27,19.26
2845,2026-10-01,12.8,66.9,64.7,0.452,0.412,0.04,60.6,215752695684.0,12.91,12.53,12.25
2849,2026-10-01,15.55,80.9,76.3,0.53,0.221,0.309,61.9,693713717.0,15.27,14.78,13.9
2850,2026-10-01,159.5,87.8,87.9,21.223,17.38,3.842,80.3,340018925322.0,160.5,153.89,133.44
2851,2026-10-01,45.65,87.9,85.5,5.801,3.597,2.204,82.1,1984248588.0,46.35,40.45,33.37
2852,2026-10-01,27.55,65.9,68.0,2.028,2.122,-0.094,66.4,-56532509234.0,27.85,27.08,26.24
2855,2026-10-01,58.7,87.3,83.7,9.112,6.039,3.073,81.5,50686003593.0,54.95,50.62,39.5
2867,2026-09-01,9.7,86.1,83.5,0.798,0.489,0.31,68.6,3100480860.0,9.77,8.81,8.26
2880,2026-10-01,45.05,81.8,78.0,5.241,3.846,1.396,76.9,33321703716.0,43.92,39.89,35.68
2881,2026-10-01,151.5,89.9,84.7,19.417,13.307,6.11,85.3,277093448257.0,148.83,134.69,111.66
2882,2026-10-01,112.0,87.0,83.9,14.51,10.347,4.163,82.0,281931920298.0,111.17,102.67,86.95
2883,2026-10-01,37.45,90.7,89.8,5.555,3.416,2.139,83.2,128129703389.0,36.72,31.91,25.11
2884,2026-10-01,45.0,83.3,76.5,4.232,2.946,1.287,79.1,40363767919.0,43.2,38.5,34.93
2885,2026-10-01,68.8,91.6,91.5,10.815,7.941,2.874,87.3,30692514105.0,67.57,64.2,52.69
2886,2026-10-01,48.85,74.4,68.7,3.512,2.53,0.982,69.1,-1417967652417.0,48.85,46.79,42.44
2887,2026-10-01,41.1,88.9,88.4,6.115,3.802,2.314,84.9,727938293592.0,40.53,35.33,28.38
2889,2026-10-01,16.1,53.2,46.2,0.824,0.785,0.039,62.6,1155830766208.0,15.97,15.21,15.31
2890,2026-10-01,44.4,90.5,88.7,6.075,4.404,1.671,86.7,62050255276.0,43.25,39.5,33.97
2891,2026-10-01,67.9,83.5,84.1,9.38,7.728,1.652,78.7,1280094351.0,67.0,65.45,57.16
2892,2026-10-01,38.1,81.4,76.1,3.158,2.106,1.052,75.4,786147904792.0,37.35,34.23,30.98
2897,2026-10-01,10.6,81.5,82.7,0.54,0.375,0.165,72.7,2253802230.0,10.62,10.24,9.65
2901,2026-10-01,25.0,46.2,38.1,-0.378,-0.411,0.032,53.4,492375225.0,24.18,23.81,23.86
2903,2026-10-01,21.7,55.6,55.1,0.185,0.12,0.065,51.4,178979021685.0,22.07,21.79,21.6
2904,2026-10-01,12.55,8.1,14.3,-1.003,-0.64,-0.363,19.7,301111126.0,12.68,13.08,14.59
2905,2026-10-01,17.8,78.1,70.4,0.703,0.199,0.504,60.5,6609595749.0,17.87,16.4,15.67
2906,2026-10-01,13.25,43.0,37.3,-0.65,-0.797,0.147,45.7,72536268763.0,13.48,13.2,12.74
2908,2026-10-01,22.15,85.0,83.5,0.814,0.595,0.219,73.6,66142650492.0,22.03,21.75,20.81
2910,2026-10-01,23.35,41.7,46.3,-0.011,-0.578,0.567,52.6,137290801.0,23.7,23.52,22.15
2911,2026-10-01,6.04,32.4,37.9,-0.644,-0.986,0.342,44.4,10154921418.0,6.19,6.8,5.9
2912,2026-10-01,211.0,38.8,38.9,-7.636,-6.832,-0.804,40.6,480288476273.0,213.33,214.11,215.03
2913,2026-10-01,10.9,12.7,10.6,-2.189,-2.168,-0.021,24.5,-8039798769.0,11.07,10.97,11.87
2915,2026-10-01,56.9,68.2,56.8,-0.831,-2.016,1.185,54.2,42809135597.0,57.23,52.68,50.85
2916,2026-10-01,40.5,21.8,24.4,0.295,1.182,-0.887,47.4,133117792.0,40.35,40.93,42.43
2923,2026-10-01,24.25,37.7,44.2,0.35,-0.084,0.434,49.7,54882555.0,24.59,26.9,24.04
2924,2026-10-01,19.3,39.8,28.5,-2.908,-2.596,-0.312,43.7,71441075.0,18.43,17.83,19.46
2926,2026-10-01,30.1,8.2,8.3,-5.977,-5.533,-0.444,18.9,8911445.0,30.22,31.57,34.81
2929,2026-10-01,5.83,17.9,13.6,-1.653,-1.609,-0.044,33.6,81967069.0,5.75,5.74,6.46
2937,2026-10-01,44.95,87.6,82.9,4.185,3.93,0.255,74.7,8715258.0,44.82,44.08,41.44
2938,2026-10-01,18.15,18.2,24.4,-3.832,-3.39,-0.442,27.8,-3906166.0,20.53,22.64,23.25
2939,2026-10-01,23.45,35.4,28.7,-2.475,-2.469,-0.006,45.4,-36569057.0,21.72,20.86,22.45
2941,2026-10-01,30.75,12.3,11.4,-8.25,-7.623,-0.627,36.4,5890108.0,30.53,31.93,35.2
2945,2026-10-01,39.95,52.1,53.6,0.173,-0.307,0.48,52.3,-3004071.0,39.93,40.17,39.49
2947,2026-10-01,61.0,6.9,13.0,-3.838,-1.305,-2.534,31.8,-1002254.0,60.9,66.92,73.29
2948,2026-10-01,37.25,73.0,61.7,-2.155,-3.093,0.938,48.3,-1294122.0,37.65,36.28,35.87
2949,2026-10-01,62.5,43.7,40.2,-2.977,-3.774,0.797,42.9,-6750986.0,64.17,63.07,62.28
3002,2026-10-01,19.2,35.8,31.9,1.196,1.474,-0.278,54.4,8461914690.0,18.65,18.38,19.93
3003,2026-10-01,59.7,57.9,58.2,-0.649,-2.364,1.715,50.7,21553081110.0,63.03,61.72,55.29
3004,2026-10-01,122.0,42.0,44.2,7.33,7.425,-0.096,55.6,2506989309.0,119.83,125.33,114.98
3005,2026-10-01,117.0,49.0,38.7,5.201,6.388,-1.187,56.8,345958120.0,116.83,111.58,108.97
3006,2026-10-01,280.0,80.4,78.2,51.095,33.675,17.42,69.2,35492894984.0,286.17,251.46,197.68
3008,2026-10-01,6775.0,74.4,70.4,970.07,481.398,488.672,71.1,796663487.0,6790.0,5350.47,3839.17
3010,2026-10-01,131.5,62.2,63.8,8.851,7.359,1.491,60.5,51784037590.0,128.33,126.73,120.63
3011,2026-10-01,9.85,16.5,23.4,-2.982,-2.935,-0.047,35.5,6404063672.0,10.17,11.69,12.53
3013,2026-10-01,91.3,31.2,31.6,0.284,5.811,-5.527,48.1,5579169502.0,87.44,92.76,101.35
3014,2026-10-01,144.5,60.3,55.9,5.616,3.912,1.704,59.0,-5121443773.0,138.17,139.19,126.04
3015,2026-10-01,54.0,28.7,30.5,1.14,1.35,-0.21,51.9,23778327742.0,54.2,54.46,52.44
3016,2026-10-01,186.0,80.1,72.0,24.776,11.96,12.816,72.3,35110678327.0,152.67,134.81,98.04
3017,2026-10-01,3615.0,90.1,86.2,713.548,524.879,188.668,82.9,11484919896.0,3491.67,2990.12,2400.94
3018,2026-10-01,11.95,30.8,28.6,-2.363,-2.501,0.138,41.9,6259982701.0,11.97,12.14,11.95
3019,2026-10-01,143.0,46.3,43.2,9.132,12.114,-2.981,54.0,12222517187.0,140.83,140.41,139.21
3021,2026-10-01,28.0,45.9,43.8,1.293,0.228,1.065,59.4,127070720.0,25.57,26.17,21.46
3022,2026-10-01,92.0,65.2,60.0,4.893,2.009,2.884,66.4,532349072881.0,91.53,84.89,73.44
3023,2026-10-01,321.0,78.4,76.1,18.671,8.362,10.309,62.5,706677253827.0,313.5,308.49,269.1
3024,2026-10-01,13.9,47.2,40.5,-0.471,-0.845,0.374,50.9,6850723609.0,14.35,13.63,12.18
3025,2026-10-01,56.0,30.0,37.7,2.02,2.524,-0.504,52.0,2093626586.0,53.83,57.9,57.18
3026,2026-10-01,819.0,72.1,71.8,174.349,102.345,72.003,72.5,22194645289.0,784.0,713.48,421.36
3027,2026-10-01,18.9,17.4,14.9,-3.904,-3.651,-0.253,36.7,4851495466.0,18.67,19.03,20.48
3028,2026-10-01,63.2,60.8,69.1,10.281,8.631,1.65,62.7,25448329081.0,63.6,68.95,57.82
3029,2026-10-01,118.0,67.3,54.1,6.888,7.784,-0.896,58.8,5291608248.0,117.0,109.45,107.84
3030,2026-10-01,313.5,52.1,59.3,52.681,46.984,5.697,63.1,5373794416.0,294.33,312.54,266.13
3031,2026-10-01,32.5,67.4,63.4,3.109,2.173,0.935,65.1,20845422611.0,29.32,28.72,25.03
3032,2026-10-01,79.6,48.9,43.1,2.302,3.711,-1.409,51.6,11317114361.0,79.7,81.03,76.43
3033,2026-10-01,42.25,55.5,58.4,4.215,3.159,1.056,64.6,16254863787.0,43.13,44.6,37.59
3034,2026-10-01,539.0,77.2,65.7,27.472,12.628,14.844,66.4,647213541804.0,541.67,518.84,444.55
3035,2026-10-01,217.0,56.4,46.5,-7.432,-14.068,6.636,53.7,114531200346.0,200.83,194.69,178.99
3036,2026-10-01,214.0,47.8,55.5,29.414,26.728,2.686,61.5,56967366623.0,205.17,217.75,193.22
3037,2026-10-01,1330.0,87.7,86.0,265.052,171.961,93.09,80.1,-11151713187.0,1168.0,1068.61,750.03
3038,2026-10-01,20.4,27.1,38.3,-0.634,-0.538,-0.096,44.4,90350798875.0,20.47,21.25,21.39
3040,2026-10-01,33.45,7.0,13.5,-2.157,0.874,-3.031,41.5,467221034.0,34.88,36.22,43.26
3041,2026-10-01,24.05,30.9,29.6,-2.725,-3.005,0.28,44.5,280443862009.0,23.67,24.47,24.35
3042,2026-10-01,209.0,69.3,65.2,28.949,17.442,11.507,69.8,853328802666.0,201.5,192.13,144.1
3043,2026-10-01,20.85,29.0,24.1,-2.738,-2.876,0.138,43.1,9636458068.0,20.73,20.82,20.96
3044,2026-10-01,566.0,77.8,72.7,85.997,68.914,17.084,70.0,2013370347213.0,529.17,494.59,423.63
3045,2026-10-01,122.5,79.8,70.5,5.468,4.175,1.293,79.8,6353649931.0,119.33,114.82,109.3
3046,2026-10-01,53.8,59.2,59.3,1.678,0.677,1.001,55.6,5287492793.0,54.63,53.61,50.06
3047,2026-10-01,14.4,17.5,14.6,-2.015,-1.504,-0.511,40.4,-26488203259.0,14.3,14.57,15.77
3048,2026-10-01,53.4,44.6,49.5,6.554,5.352,1.203,58.4,-3543687296.0,53.33,56.51,47.38
3049,2026-10-01,12.3,49.2,51.4,1.06,0.564,0.495,58.0,-72598673904.0,12.83,12.43,10.91
3050,2026-10-01,11.55,33.0,34.6,-1.003,-0.987,-0.015,40.3,15977353047.0,11.73,11.81,12.25
3051,2026-10-01,22.8,41.5,45.8,-0.425,-0.387,-0.039,47.8,2440477311.0,22.95,24.05,22.92
3052,2026-10-01,10.5,37.3,28.3,-0.057,0.012,-0.069,49.9,7073628275.0,10.48,10.24,10.49
3054,2026-10-01,60.0,49.3,54.4,10.16,8.191,1.969,68.1,186701623.0,59.1,59.09,50.79
3055,2026-10-01,216.5,74.1,63.2,28.63,13.99,14.641,77.8,1666874159.0,182.17,143.37,105.88
3056,2026-10-01,13.6,21.8,16.8,-1.778,-1.28,-0.498,34.9,-7305797571.0,13.83,13.68,14.83
3057,2026-10-01,15.6,30.7,37.7,-0.35,-0.321,-0.029,46.8,2346210205.0,16.43,17.23,17.5
3058,2026-10-01,8.14,9.6,12.0,-1.87,-1.858,-0.013,35.4,-2077471261.0,8.2,8.44,9.15
3059,2026-10-01,39.05,27.1,28.7,0.755,1.285,-0.53,50.0,36258323176.0,38.77,40.58,39.61
3060,2026-10-01,29.6,29.3,37.8,1.63,1.826,-0.196,53.6,24359166156.0,28.07,29.52,30.13
3062,2026-10-01,22.85,28.0,31.9,-0.9,-0.387,-0.513,46.8,80166816993.0,22.15,23.58,24.63
3064,2026-10-01,14.3,3.6,7.2,-11.71,-8.826,-2.884,27.9,13667549.0,16.82,17.94,29.41
3066,2026-10-01,27.9,72.3,61.9,1.382,-0.181,1.563,61.0,157732369.0,27.55,24.71,20.16
3067,2026-09-01,16.9,26.5,25.9,-3.493,-3.928,0.436,33.6,6519941.0,17.72,18.19,18.13
3071,2026-10-01,22.7,26.8,42.6,-0.125,-0.129,0.004,45.1,1121132515.0,23.4,26.44,25.49
3073,2026-10-01,20.55,6.7,8.1,-5.543,-4.044,-1.499,36.4,43188374.0,21.0,21.14,25.12
3078,2026-10-01,46.2,14.3,13.1,-3.801,-1.205,-2.596,37.4,4079315748.0,46.75,48.48,53.11
3081,2026-10-01,3005.0,75.6,75.0,668.88,458.983,209.898,69.3,1358912384.0,3076.67,2511.07,1830.76
3083,2026-10-01,23.75,10.6,10.5,-4.987,-4.557,-0.431,31.0,493253795.0,23.18,24.95,27.81
3085,2026-09-01,12.1,19.2,17.7,-1.675,-1.484,-0.191,40.2,5608803.0,12.0,12.03,12.86
3086,2026-10-01,27.3,33.8,44.8,4.307,4.271,0.035,57.1,2503466157.0,28.32,29.23,27.71
3088,2026-10-01,137.0,68.8,64.9,13.146,8.79,4.355,66.2,972006993.0,131.17,131.72,107.21
3090,2026-10-01,172.0,38.8,49.3,31.918,25.853,6.064,57.1,2877262238.0,169.33,196.02,144.49
3092,2026-10-01,24.35,30.3,42.4,-1.0,-1.606,0.606,46.9,1154422892.0,24.58,26.02,26.16
3093,2026-10-01,46.5,46.1,50.6,6.397,5.2,1.197,56.7,653462233.0,46.3,50.72,42.51
3094,2026-10-01,69.3,80.8,68.4,6.344,1.803,4.541,80.1,3958616054.0,57.13,46.57,35.48
3095,2026-10-01,33.5,34.6,45.5,-0.194,-0.417,0.223,47.9,16950020.0,34.33,36.9,34.35
3105,2026-10-01,612.0,76.8,71.0,101.988,66.097,35.891,72.0,4326784881.0,533.83,474.47,385.44
3114,2026-10-01,44.7,50.9,51.4,3.852,2.14,1.712,67.7,617043727.0,36.72,35.52,29.83
3115,2026-10-01,8.5,26.8,24.2,-1.323,-1.214,-0.109,35.5,31316628.0,8.63,8.7,9.46
3118,2026-10-01,31.2,48.2,56.1,0.96,1.137,-0.177,60.3,159156136.0,31.3,31.48,31.25
3122,2026-10-01,23.35,21.1,31.5,-1.881,-1.963,0.082,43.9,1149565743.0,24.48,26.81,26.05
3128,2026-10-01,20.05,21.7,19.9,-1.432,-0.692,-0.74,42.6,958375318.0,20.25,20.77,22.57
3130,2026-10-01,209.0,43.7,38.3,5.546,6.961,-1.415,62.2,3420165148.0,209.17,207.34,207.63
3131,2026-10-01,2550.0,50.1,59.8,432.661,408.679,23.982,60.3,738090008.0,2495.0,2801.17,2397.65
3135,2026-10-01,160.0,53.6,63.2,35.779,28.824,6.955,62.4,392946146.0,162.98,174.06,136.46
3138,2026-10-01,108.5,21.0,30.3,-0.802,1.967,-2.769,47.6,42615510.0,101.83,112.85,129.73
3141,2026-10-01,80.6,66.3,63.8,0.399,-4.818,5.217,55.7,2403412205.0,82.63,78.6,62.68
3147,2026-10-01,288.0,52.5,44.4,32.42,25.361,7.058,68.9,581456344.0,249.83,231.16,197.95
3149,2026-10-01,78.1,55.5,58.6,11.564,8.514,3.05,62.3,3105593279.0,72.07,75.8,60.05
3150,2026-10-01,15.35,15.7,21.6,-3.748,-3.741,-0.007,36.8,18387303.0,15.98,17.01,17.41
3152,2026-10-01,245.0,30.4,40.4,-8.935,-13.205,4.269,47.9,164578360.0,239.17,263.68,254.6
3158,2026-10-01,86.5,25.5,17.6,-3.06,-0.21,-2.851,44.9,3105949.0,84.97,84.33,86.16
3162,2026-10-01,87.6,64.5,58.3,9.687,7.205,2.482,64.9,1475033492.0,81.9,78.03,68.81
3163,2026-10-01,709.0,51.1,59.5,158.255,141.487,16.768,62.7,5061008341.0,697.67,697.22,623.13
3164,2026-10-01,16.55,30.5,24.3,-0.994,-0.95,-0.044,38.2,294246022.0,16.35,16.34,16.91
3167,2026-10-01,1005.0,83.3,78.2,204.384,141.791,62.593,72.6,5195286226.0,895.33,800.18,581.75
3168,2026-10-01,42.4,46.3,44.0,-0.803,-1.068,0.264,49.1,31593215.0,42.35,42.55,40.93
3169,2026-10-01,114.0,63.6,58.8,2.343,-0.435,2.778,56.8,1076284877.0,109.83,108.45,101.04
3171,2026-10-01,57.2,58.1,66.7,7.09,6.647,0.443,60.5,113545255.0,59.67,62.49,56.75
3176,2026-10-01,38.55,54.0,47.5,-0.114,-1.324,1.211,58.4,617270252.0,37.92,35.2,33.45
3178,2026-10-01,69.8,55.1,53.6,-1.56,-3.423,1.863,52.7,512652136.0,66.6,65.43,62.1
3188,2026-10-01,22.4,13.7,23.3,0.294,1.067,-0.774,46.6,287739892.0,23.47,23.31,25.3
3189,2026-10-01,1095.0,89.8,87.3,218.269,134.484,83.785,80.8,280655993314.0,961.33,856.04,570.19
3191,2026-10-01,17.0,31.7,36.6,-0.238,-0.569,0.33,48.8,132688046.0,17.23,19.11,17.4
3205,2026-10-01,47.0,16.5,31.1,1.804,2.614,-0.81,49.6,253355513.0,46.93,49.08,50.95
3206,2026-10-01,34.0,43.4,46.9,-0.145,-0.082,-0.063,48.5,477049089.0,34.42,35.36,34.3
3207,2026-10-01,40.15,10.2,15.9,-11.766,-8.029,-3.736,36.0,1068052200.0,39.25,48.01,58.92
3209,2026-10-01,47.7,44.2,53.0,5.491,4.53,0.961,58.7,1693684162.0,46.3,52.26,43.52
3211,2026-10-01,368.5,51.0,54.9,61.408,61.627,-0.219,59.5,3400017911.0,384.5,378.44,347.6
3213,2026-10-01,126.5,59.3,53.1,11.612,10.051,1.562,66.2,569267578.0,125.83,122.66,109.17
3217,2026-10-01,129.0,14.1,24.7,2.247,6.9,-4.653,44.1,1713096907.0,131.83,147.53,148.88
3218,2026-10-01,133.0,46.8,40.9,-20.487,-22.501,2.014,37.7,1312083127.0,137.17,136.5,136.1
3219,2026-10-01,130.5,76.3,60.0,13.932,7.248,6.684,66.2,39050760.0,117.67,94.13,79.28
3221,2026-10-01,54.4,65.2,68.0,7.795,5.204,2.591,68.2,1396933924.0,51.15,52.61,41.37
3224,2026-10-01,33.0,15.7,26.4,-2.82,-1.542,-1.278,40.2,292175667.0,33.05,35.19,40.3
3226,2026-10-01,61.2,74.6,61.2,1.133,-0.718,1.851,62.6,32061652.0,58.17,52.39,49.93
3227,2026-10-01,188.5,32.9,37.0,5.645,10.193,-4.548,49.6,3103687121.0,188.5,200.33,195.77
3228,2026-10-01,172.0,37.9,36.8,-14.315,-20.96,6.645,48.2,211480870.0,175.17,174.42,158.92
3229,2026-10-01,57.0,73.7,72.4,9.454,5.51,3.944,72.7,241351606.0,56.33,50.61,37.52
3230,2026-10-01,41.0,45.3,40.8,2.095,2.877,-0.782,51.8,401121885.0,42.48,40.07,38.58
3231,2026-10-01,190.5,73.8,68.9,22.511,17.947,4.564,73.2,94164887105.0,184.33,172.46,152.23
3232,2026-10-01,20.25,28.8,25.8,-1.282,-0.935,-0.347,43.0,80516360.0,20.27,20.78,21.62
3234,2026-10-01,178.5,77.0,76.5,32.889,20.73,12.159,73.2,1720075958.0,178.83,144.62,109.17
3236,2026-10-01,53.9,51.8,56.7,7.83,5.559,2.271,63.7,2474464642.0,47.65,50.62,40.03
3252,2026-10-01,15.3,13.6,21.1,-1.116,-0.658,-0.458,30.4,138137942.0,15.52,16.35,17.87
3257,2026-10-01,50.7,19.5,27.3,-0.896,0.375,-1.271,46.2,583463672.0,49.95,56.14,56.86
3259,2026-10-01,13.0,20.8,17.7,-3.626,-3.173,-0.453,34.4,90345137.0,12.55,14.31,16.7
3260,2026-10-01,377.0,62.5,68.1,81.424,70.246,11.178,71.0,5492374198.0,383.07,386.03,339.48
3264,2026-10-01,243.5,73.5,76.4,45.094,34.479,10.615,74.4,7676246836.0,238.33,225.46,184.9
3265,2026-10-01,191.0,81.0,78.2,24.991,19.661,5.33,69.2,2801118942.0,185.0,176.83,155.72
3266,2026-10-01,13.9,82.3,67.2,-0.385,-0.457,0.072,48.9,218499722.0,13.9,13.53,13.4
3268,2026-10-01,23.5,71.9,56.9,-0.484,-1.25,0.766,56.3,188316972.0,21.1,20.64,18.7
3272,2026-10-01,14.15,14.2,16.0,-3.949,-3.628,-0.321,31.4,267130052.0,14.18,14.98,16.78
3276,2026-10-01,14.15,23.4,32.4,-0.298,-0.32,0.022,46.7,474507604.0,14.18,14.76,14.7
3284,2026-10-01,21.95,33.7,29.8,-0.493,-0.396,-0.096,50.7,505410514.0,20.78,21.09,20.28
3285,2026-10-01,41.95,59.6,59.9,4.51,3.081,1.429,62.8,179978603.0,42.08,40.46,34.2
3287,2026-10-01,40.3,65.5,50.4,1.961,1.052,0.909,58.4,627356275.0,40.18,35.88,32.02
3288,2026-10-01,21.9,42.8,37.9,-0.36,-1.177,0.817,53.2,41458491.0,21.33,21.13,18.4
3289,2026-10-01,144.0,36.4,46.0,10.428,10.558,-0.13,53.8,1022257149.0,140.5,150.08,141.84
3290,2026-10-01,49.65,39.7,48.1,4.32,3.948,0.372,55.2,1200472909.0,50.43,52.54,48.37
3293,2026-10-01,785.0,73.6,62.8,45.078,53.279,-8.201,60.1,5727653111.0,767.67,758.31,726.77
3294,2026-10-01,32.45,28.7,27.0,-0.035,1.248,-1.283,48.1,1193103516.0,31.78,33.56,34.93
3296,2026-10-01,28.5,58.7,48.3,0.895,0.402,0.493,57.2,87889589.0,26.93,25.22,23.83
3297,2026-10-01,33.6,34.5,21.9,0.275,2.123,-1.849,50.5,257373753.0,31.28,29.97,33.96
3303,2026-10-01,48.9,42.7,47.4,3.405,3.56,-0.155,56.5,923555603.0,49.75,51.04,47.53
3305,2026-10-01,110.5,31.4,40.0,12.902,14.021,-1.119,54.6,2087516026.0,109.5,119.62,112.72
3306,2026-10-01,47.5,43.9,33.0,0.745,1.191,-0.445,52.4,874186010.0,46.62,45.64,45.99
3308,2026-10-01,22.5,48.5,48.3,-0.957,-1.704,0.748,50.7,129086346.0,22.12,21.25,20.84
3310,2026-10-01,68.2,32.8,35.3,-1.049,-0.69,-0.359,48.2,197204478.0,68.53,67.82,69.4
3311,2026-10-01,49.4,62.9,46.2,1.282,-0.034,1.315,67.0,-146626779.0,40.95,38.01,34.81
3312,2026-10-01,51.7,49.2,45.8,2.172,1.383,0.789,55.7,1534204767.0,51.28,50.48,43.49
3313,2026-10-01,10.25,6.0,8.4,-1.222,-0.795,-0.427,40.1,319592210.0,10.53,10.69,12.06
3317,2026-10-01,71.2,44.5,51.4,7.584,5.916,1.668,60.7,3583873803.0,66.47,72.41,60.72
3321,2026-10-01,17.45,28.2,36.7,-2.185,-3.076,0.891,44.9,107219079.0,17.72,18.99,17.78
3322,2026-10-01,11.25,16.3,21.1,-1.654,-1.547,-0.107,40.4,691974592.0,11.35,12.06,13.14
3323,2026-10-01,30.0,20.2,20.0,-0.648,0.592,-1.24,45.6,813243801.0,29.73,31.36,34.17
3324,2026-10-01,1535.0,69.9,64.9,206.268,157.425,48.843,68.7,3362187298.0,1438.33,1213.32,1100.0
3325,2026-10-01,11.6,12.8,13.7,-2.942,-2.777,-0.165,35.8,1396805844.0,11.68,11.99,13.56
3332,2026-10-01,64.9,57.3,50.6,5.753,5.301,0.452,62.1,65006205.0,63.43,62.94,59.52
3338,2026-10-01,69.6,44.7,44.8,2.984,1.795,1.189,57.2,18482136381.0,67.23,67.14,61.37
3339,2026-10-01,45.6,42.3,40.7,3.81,2.921,0.889,57.6,519985339.0,46.0,43.14,38.1
3346,2026-10-01,23.7,48.3,42.4,-2.803,-3.623,0.82,47.7,1114224950.0,22.45,22.43,20.92
3349,2026-10-01,19.0,23.4,33.2,0.094,0.747,-0.653,45.6,32924085.0,20.63,20.0,24.21
3354,2026-10-01,31.9,57.5,51.0,2.506,1.75,0.756,59.8,282484068.0,29.23,27.74,26.15
3356,2026-10-01,67.4,71.3,70.7,4.118,2.819,1.299,58.1,2365167854.0,68.5,68.59,60.65
3357,2026-10-01,217.0,41.0,51.7,30.823,26.026,4.797,57.4,738540806.0,212.33,238.69,197.46
3360,2026-10-01,15.15,30.5,40.1,0.453,0.284,0.169,50.6,1289438639.0,15.32,16.43,15.31
3362,2026-10-01,197.0,71.5,60.6,5.849,-4.336,10.185,58.7,2506680226.0,190.0,173.5,137.08
3363,2026-10-01,661.0,43.1,49.9,126.269,117.532,8.737,60.3,3096476498.0,685.67,652.08,590.25
3372,2026-10-01,16.4,23.8,33.4,0.292,0.7,-0.408,48.2,380565067.0,15.97,17.48,18.97
3373,2026-10-01,15.9,5.9,9.2,-1.407,-1.37,-0.037,38.9,99122514.0,16.13,16.28,16.92
3374,2026-10-01,520.0,87.0,77.7,71.116,35.006,36.11,82.9,5608248887.0,465.67,369.56,267.3
3376,2026-10-01,174.0,28.9,32.1,3.228,10.011,-6.782,47.2,-365039024.0,187.5,187.1,192.33
3379,2026-10-01,27.7,13.1,12.8,-2.394,1.379,-3.773,40.4,481132206.0,28.07,29.91,36.41
3380,2026-10-01,31.45,33.6,38.9,0.177,0.222,-0.045,50.4,42131405951.0,30.7,31.85,31.84
3388,2026-10-01,85.0,41.4,45.7,6.688,4.832,1.856,57.3,148103536.0,87.27,87.09,77.86
3390,2026-10-01,22.1,26.3,36.9,0.041,0.175,-0.134,47.9,535078559.0,22.33,24.07,23.63
3402,2026-10-01,141.0,57.4,55.6,13.936,14.239,-0.303,61.5,684741309.0,132.67,133.78,128.15
3406,2026-10-01,1080.0,77.5,71.8,122.555,58.424,64.131,71.8,6333145651.0,991.67,783.83,614.47
3413,2026-10-01,295.5,28.0,34.2,11.923,15.999,-4.076,52.5,1173333754.0,288.5,302.33,294.47
3416,2026-10-01,169.5,62.9,57.2,12.098,11.149,0.95,59.5,297700959.0,168.46,166.93,152.11
3419,2026-10-01,11.8,20.6,27.9,-1.134,-0.994,-0.14,37.0,1664797431.0,11.93,12.6,13.53
3430,2026-10-01,112.5,46.8,54.1,17.71,14.633,3.076,57.9,46509062.0,112.33,123.91,99.36
3432,2026-10-01,14.6,18.3,30.1,-1.224,-1.384,0.16,42.9,288893086.0,14.63,16.12,16.32
3434,2026-10-01,31.0,34.5,25.1,0.323,0.883,-0.56,51.8,20962910.0,30.75,29.61,29.35
3437,2026-10-01,21.65,42.7,43.4,-0.04,-0.67,0.631,52.5,736659120.0,20.82,20.83,19.4
3438,2026-10-01,62.4,55.1,54.5,0.877,-1.088,1.965,54.1,410189606.0,62.77,63.25,56.26
3441,2026-10-01,254.5,87.9,76.2,34.57,13.332,21.239,94.4,1849510485.0,191.67,132.01,83.16
3443,2026-10-01,8600.0,88.0,82.3,1495.691,868.876,626.815,82.4,4489618226.0,7580.0,6006.47,4347.11
3444,2026-10-01,77.9,41.1,46.0,3.186,1.484,1.702,52.2,377282911.0,80.93,83.09,74.77
3447,2026-10-01,27.6,11.0,10.4,-4.943,-2.107,-2.836,39.0,-162716559.0,28.43,30.87,36.98
3450,2026-10-01,545.0,73.0,70.5,98.031,73.499,24.532,62.9,10680764015.0,571.33,517.92,394.35
3455,2026-10-01,284.0,73.2,68.4,45.045,29.521,15.524,72.7,2210205390.0,269.33,239.74,185.27
3465,2026-10-01,29.85,14.8,15.4,-9.508,-9.225,-0.284,34.7,-14187065.0,29.58,30.54,36.1
3466,2026-10-01,24.7,5.4,8.4,-5.183,-2.952,-2.231,38.3,387500193.0,24.5,26.88,33.06
3467,2026-10-01,71.6,55.1,46.9,2.864,0.402,2.463,55.2,27600252.0,64.88,62.48,53.58
3479,2026-10-01,137.0,63.6,56.9,11.34,7.382,3.958,65.8,1185264499.0,133.17,133.04,110.47
3481,2026-10-01,52.2,66.3,69.0,10.522,7.027,3.495,66.4,71508532615.0,52.25,53.47,37.08
3483,2026-10-01,81.3,27.9,26.8,-6.572,-5.031,-1.542,45.3,1733000479.0,78.17,80.62,82.8
3484,2026-10-01,49.7,56.4,47.0,0.328,0.152,0.176,54.3,765576043.0,47.77,46.55,45.87
3485,2026-10-01,223.0,43.5,57.1,47.326,43.144,4.182,62.3,35403061.0,216.33,242.38,207.61
3489,2026-10-01,22.95,68.5,66.8,1.162,0.854,0.307,58.6,198870508.0,23.08,21.75,20.26
3490,2026-10-01,46.55,60.6,58.0,4.173,1.796,2.377,68.2,985283282.0,45.47,38.72,31.98
3491,2026-10-01,1685.0,58.1,62.5,330.678,284.61,46.067,63.5,1413838540.0,1521.67,1508.42,1323.05
3492,2026-10-01,19.7,14.2,18.5,-0.193,0.421,-0.614,45.8,146231925.0,19.35,20.47,21.99
3494,2026-10-01,7.11,11.5,12.8,-2.259,-2.135,-0.124,34.8,-63076039.0,7.11,7.38,7.81
3498,2026-10-01,240.0,85.2,77.8,40.621,21.589,19.032,77.8,967424796.0,225.67,172.75,116.37
3499,2026-10-01,13.5,20.1,24.2,-1.313,-1.108,-0.205,42.7,423100105.0,13.27,13.67,15.29
3501,2026-10-01,37.8,8.7,11.1,-3.166,-1.865,-1.301,35.3,-196209163.0,38.38,38.3,42.34
3504,2026-10-01,86.1,67.5,62.7,5.422,1.611,3.811,59.0,1936301324.0,85.17,80.33,67.88
3508,2026-10-01,24.85,20.8,22.1,-1.188,-1.198,0.01,49.8,2826180644.0,23.88,21.03,24.55
3511,2026-10-01,20.35,23.2,27.4,-2.022,-2.177,0.155,44.4,1180325852.0,19.95,20.65,20.51
3512,2026-10-01,19.1,44.2,37.2,-1.67,-1.744,0.074,39.1,199562415.0,19.28,19.15,19.19
3515,2026-10-01,220.0,34.6,30.0,3.307,7.522,-4.215,50.8,1354557813.0,218.17,217.1,218.22
3516,2026-10-01,26.25,63.4,58.8,1.343,0.75,0.594,59.7,225349515.0,25.93,25.69,22.58
3518,2026-10-01,46.6,73.7,62.9,2.978,0.42,2.558,69.2,-1681947203.0,38.75,34.12,28.47
3520,2026-10-01,18.25,58.3,48.5,-0.113,-0.505,0.392,54.8,319575519.0,17.68,16.98,16.2
3521,2026-10-01,11.55,9.5,19.4,-1.338,-1.359,0.02,39.7,246109697.0,11.83,12.01,13.1
3522,2026-10-01,12.7,20.7,18.8,-1.576,-1.363,-0.212,43.2,164541817.0,12.32,12.47,13.85
3523,2026-10-01,14.1,39.2,39.6,-1.052,-0.766,-0.286,42.2,70910784.0,14.85,15.65,16.14
3526,2026-10-01,278.0,37.8,49.6,25.921,27.773,-1.852,55.6,1216997191.0,278.0,302.33,280.74
3527,2026-10-01,51.1,20.8,25.4,-7.0,-7.678,0.678,41.1,650125231.0,51.63,54.31,54.48
3528,2026-10-01,87.0,35.5,38.6,8.742,8.346,0.397,57.3,210826859.0,84.93,91.75,79.93
3529,2026-10-01,3135.0,46.5,47.0,199.047,142.195,56.853,56.4,902131945.0,2946.67,2937.99,2682.76
3530,2026-10-01,58.9,30.5,30.2,-6.261,-6.917,0.656,43.7,527234872.0,59.0,61.03,62.01
3531,2026-10-01,21.15,36.5,39.4,-0.922,-0.936,0.014,41.3,107089921.0,21.18,21.92,21.46
3532,2026-10-01,471.0,74.9,71.9,76.85,37.737,39.113,77.3,2550540853.0,440.33,379.01,254.8
3533,2026-10-01,1890.0,39.7,49.1,184.66,195.665,-11.005,55.8,1084789309.0,1783.33,1974.96,1845.19
3535,2026-10-01,93.6,34.5,45.3,13.973,16.423,-2.45,55.3,1580202452.0,91.13,98.17,102.13
3537,2026-10-01,55.4,37.0,43.4,4.246,3.772,0.474,54.4,843935717.0,54.6,60.39,52.85
3540,2026-10-01,24.25,29.6,23.6,-3.336,-2.869,-0.467,42.1,1046930606.0,24.27,24.02,26.59
3541,2026-10-01,24.45,41.5,25.7,-2.992,-3.52,0.528,43.4,331191410.0,23.48,22.53,23.45
3543,2026-10-01,53.8,68.5,56.7,6.261,5.307,0.954,63.5,438803416.0,52.77,42.61,43.55
3545,2026-10-01,50.6,44.0,40.3,-6.606,-6.967,0.361,41.4,6788475605.0,50.33,52.06,51.32
3546,2026-10-01,72.2,57.1,52.2,2.2,2.736,-0.536,53.2,1200547059.0,71.97,74.02,71.27
3548,2026-10-01,75.7,21.8,22.3,-14.101,-12.318,-1.783,41.0,1539432658.0,80.23,81.54,84.82
3550,2026-10-01,24.95,46.2,51.9,2.334,1.443,0.891,57.9,912315187.0,24.88,24.47,20.92
3551,2026-10-01,197.0,50.9,53.5,22.078,23.306,-1.228,59.0,989021193.0,187.67,192.22,184.93
3552,2026-10-01,44.0,17.0,18.3,-11.863,-11.989,0.126,33.2,2742727971.0,43.8,46.39,51.96
3555,2026-10-01,166.5,48.7,58.9,38.713,34.096,4.617,59.3,27668170.0,179.0,182.25,158.19
3556,2026-10-01,60.4,58.7,63.5,4.513,2.095,2.417,60.2,1246861071.0,60.03,62.57,52.06
3557,2026-10-01,24.15,12.3,10.9,-7.758,-6.805,-0.952,26.3,-37928818.0,23.78,24.21,28.72
3558,2026-10-01,130.5,43.8,35.5,-14.732,-15.135,0.402,45.6,1046580410.0,126.0,127.8,125.61
3563,2026-10-01,768.0,57.5,57.5,103.63,95.914,7.716,60.8,728176047.0,752.33,731.72,670.18
3564,2026-10-01,58.1,46.2,30.0,-2.921,-3.106,0.184,54.0,179982090.0,50.9,47.64,46.51
3567,2026-10-01,26.0,27.2,30.5,-0.53,-0.621,0.091,47.1,488062668.0,25.82,26.73,26.2
3570,2026-10-01,169.5,48.6,39.7,5.678,8.247,-2.569,54.9,102612183.0,167.0,165.72,163.06
3576,2026-10-01,18.6,52.1,53.9,1.773,0.785,0.987,59.3,837883820.0,18.83,18.09,16.17
3577,2026-10-01,113.0,50.4,49.8,14.64,10.397,4.242,59.4,273709875.0,115.83,122.72,94.72
3580,2026-10-01,109.0,71.4,63.9,8.706,5.26,3.446,62.8,1017530371.0,100.0,94.76,81.45
3581,2026-10-01,116.0,31.0,43.6,23.32,21.48,1.84,56.1,755914176.0,113.33,135.78,112.56
3583,2026-10-01,747.0,63.0,64.6,124.796,99.456,25.34,65.5,1806763338.0,726.0,763.78,596.07
3587,2026-10-01,253.5,37.0,45.0,14.892,12.509,2.383,54.6,789080128.0,246.33,259.73,240.65
3588,2026-10-01,56.2,32.6,37.7,-2.001,-3.045,1.044,49.5,2060664982.0,54.2,56.78,53.97
3591,2026-10-01,27.5,59.0,52.9,0.913,0.227,0.686,59.1,1150901229.0,26.28,25.98,23.52
3592,2026-10-01,237.5,46.3,42.7,-21.055,-22.361,1.306,43.3,39090962.0,231.33,241.76,228.61
3593,2026-10-01,10.75,25.9,34.5,-1.376,-1.354,-0.022,41.0,216951751.0,10.88,12.94,13.31
3594,2026-10-01,46.2,48.3,50.2,1.744,1.35,0.394,52.6,770433089.0,47.45,48.78,44.82
3596,2026-10-01,159.5,19.3,25.6,1.899,7.39,-5.491,47.6,3010634088.0,156.83,170.42,169.15
3597,2026-10-01,33.45,71.6,52.3,0.536,0.171,0.365,61.7,192580257.0,29.32,27.97,26.23
3605,2026-10-01,166.5,78.4,70.5,23.654,13.099,10.555,81.3,2375644661.0,158.67,118.13,91.55
3607,2026-10-01,13.8,33.6,43.9,-0.103,-0.12,0.017,47.8,1173802600.0,13.93,14.47,14.03
3609,2026-10-01,23.65,19.5,15.5,-5.497,-3.8,-1.697,41.0,15978508.0,21.4,23.71,29.14
3611,2026-10-01,182.5,37.3,36.5,0.632,1.065,-0.433,49.8,269695236.0,183.17,184.11,185.55
3615,2026-10-01,45.7,50.8,54.0,5.216,3.484,1.733,62.8,1330678438.0,42.97,43.71,35.48
3617,2026-10-01,244.0,69.1,54.9,4.172,0.964,3.208,56.1,660492795.0,246.67,226.76,204.43
3622,2026-10-01,46.2,17.9,24.6,0.533,2.177,-1.643,45.0,487114470.0,47.41,50.01,53.6
3623,2026-10-01,30.0,56.5,41.3,0.627,-0.14,0.766,59.3,195286810.0,27.42,24.77,24.07
3624,2026-10-01,147.5,63.0,59.6,20.554,11.174,9.381,65.4,3148733712.0,124.43,116.02,85.01
3625,2026-10-01,10.1,8.8,14.5,-1.11,0.004,-1.113,36.2,974967867.0,11.37,13.45,16.23
3628,2026-10-01,71.8,48.9,40.7,7.251,6.918,0.332,62.3,72488782.0,70.77,67.97,66.88
3629,2026-10-01,13.35,18.9,19.0,-3.652,-3.676,0.024,39.5,1598228.0,16.85,15.78,18.31
3630,2026-10-01,27.4,20.0,23.8,-0.691,-0.614,-0.077,48.0,903042677.0,26.95,27.27,28.58
3631,2026-10-01,40.75,74.5,69.2,1.221,-0.604,1.825,58.9,-25088610.0,40.72,37.43,33.01
3632,2026-10-01,7.05,9.2,15.0,-1.367,-1.152,-0.216,28.2,107425157.0,7.23,7.73,8.62
3645,2026-10-01,76.1,38.6,44.6,7.877,8.12,-0.243,54.7,3583970640.0,75.3,81.15,74.19
3646,2026-10-01,25.2,64.0,41.8,-0.381,-0.275,-0.105,53.1,161696074.0,24.57,23.59,23.69
3652,2026-10-01,36.0,55.6,51.0,0.948,0.328,0.619,57.5,365000896.0,34.35,33.84,30.72
3653,2026-10-01,7240.0,83.4,75.5,1266.087,863.739,402.348,77.8,2196676778.0,6676.67,5067.83,4255.31
3661,2026-10-01,3940.0,44.9,46.2,334.771,335.258,-0.487,55.2,3422665346.0,3907.8,3881.33,3598.54
3663,2026-10-01,63.4,41.0,49.9,3.415,3.886,-0.471,51.2,975685868.0,64.3,69.3,64.78
3664,2026-10-01,8.0,21.5,15.7,-4.095,-3.448,-0.647,36.8,325600459.0,7.92,7.42,10.19
3665,2026-10-01,2415.0,65.4,65.2,483.6,408.694,74.906,67.1,1693633476.0,2393.33,2207.54,1958.78
3666,2026-10-01,25.3,24.8,26.1,-5227.011,-7603.73,2376.72,29.1,113025458.0,25.3,25.7,27.18
3669,2026-10-01,32.7,34.2,44.2,-1.038,-1.378,0.34,45.7,110949477.0,33.7,35.25,34.29
3672,2026-10-01,12.3,37.6,29.9,-2.389,-2.715,0.326,38.3,143196970.0,12.52,12.19,12.17
3673,2026-10-01,77.8,63.4,63.8,10.031,6.564,3.467,65.8,-249737262.0,73.83,73.14,58.33
3675,2026-10-01,347.5,59.9,58.6,30.73,11.792,18.937,60.5,1088562130.0,315.39,323.25,243.83
3679,2026-10-01,108.5,31.3,33.5,1.553,3.001,-1.448,50.9,187386580.0,108.33,109.04,108.6
3680,2026-10-01,590.0,72.1,64.5,41.368,24.147,17.221,63.4,1524310610.0,546.0,514.17,458.53
3684,2026-10-01,55.5,35.0,38.5,3.403,3.502,-0.098,57.1,81047698.0,54.13,53.32,54.48
3685,2026-10-01,35.9,58.6,54.2,3.909,3.414,0.495,57.9,272650248.0,36.32,33.71,34.36
3686,2026-10-01,15.7,19.3,23.6,-0.751,-0.439,-0.312,45.0,501377434.0,15.48,15.95,17.22
3687,2026-10-01,60.8,15.8,23.6,-6.004,-5.042,-0.962,39.4,220348331.0,61.5,65.77,69.01
3689,2026-10-01,114.0,46.3,52.1,11.263,12.6,-1.336,56.1,1318496911.0,114.33,115.56,113.08
3691,2026-10-01,105.5,37.4,49.8,5.409,3.343,2.067,50.1,576956318.0,107.4,123.37,113.42
3693,2026-10-01,690.0,75.2,68.5,88.717,60.18,28.537,65.7,787126582.0,660.33,581.33,500.4
3694,2026-10-01,51.1,14.6,18.5,1.788,4.199,-2.412,48.2,838075632.0,51.0,55.51,56.78
3701,2026-10-01,60.7,40.6,41.2,1.606,0.948,0.658,57.8,574885248.0,49.17,47.01,50.36
3702,2026-10-01,120.0,81.1,77.2,13.377,8.88,4.497,70.6,108700643468.0,111.2,109.87,91.15
3703,2026-10-01,19.45,20.4,23.3,-1.324,-1.196,-0.128,39.4,1857822967.0,19.53,19.83,20.46
3704,2026-10-01,40.15,55.5,59.7,1.437,0.607,0.829,53.9,9032053734.0,40.77,42.63,38.41
3705,2026-10-01,56.8,80.2,65.1,2.238,2.418,-0.18,62.4,1561442850.0,56.43,54.93,53.82
3706,2026-10-01,80.6,54.5,50.4,9.083,9.518,-0.435,62.2,38632297508.0,80.32,78.64,75.26
3707,2026-10-01,85.7,55.6,54.4,4.331,0.788,3.544,59.0,9938209323.0,74.63,75.43,65.82
3708,2026-10-01,95.5,28.8,35.5,1.864,3.734,-1.87,47.6,1079050610.0,98.97,102.46,105.68
3709,2026-10-01,64.6,43.3,57.0,10.442,10.489,-0.047,58.4,502134094.0,65.47,70.46,66.66
3710,2026-10-01,8.0,11.7,17.0,-2.222,-1.956,-0.267,34.3,807232091.0,8.19,8.75,9.64
3711,2026-10-01,747.0,89.1,85.4,142.538,100.078,42.46,78.4,864077762532.0,678.0,644.72,485.12
3712,2026-10-01,20.75,35.6,24.1,-6.026,-4.97,-1.056,37.7,1161842711.0,20.8,19.51,21.67
3713,2026-10-01,13.55,15.2,17.4,-2.628,-2.283,-0.345,35.4,38054461.0,14.07,14.54,16.62
3714,2026-10-01,67.5,61.5,59.5,6.302,3.206,3.096,61.5,-400979703.0,66.33,63.93,53.39
3715,2026-10-01,132.5,40.8,51.2,20.151,22.715,-2.564,56.4,6539498758.0,126.5,137.78,143.09
3716,2026-10-01,33.7,48.4,47.0,-0.518,-0.809,0.29,41.4,-1542543.0,34.25,33.79,33.09
3717,2026-10-01,29.35,70.1,60.8,1.817,0.776,1.04,69.7,282704723.0,26.57,25.24,21.73
4102,2026-10-01,18.2,37.6,31.6,-2.587,-2.633,0.047,36.5,719617848.0,18.7,18.56,19.1
4104,2026-10-01,71.9,44.9,35.1,0.189,1.165,-0.976,49.0,4041751409.0,71.93,70.9,72.61
4105,2026-10-01,78.7,58.4,51.0,2.426,2.42,0.006,61.1,2505739800.0,78.33,76.42,76.62
4106,2026-10-01,24.15,71.3,68.4,0.121,-0.348,0.469,56.1,-663091972.0,24.28,23.77,22.63
4107,2026-10-01,110.0,31.2,34.2,0.743,1.583,-0.84,48.5,1415312400.0,111.5,111.16,112.94
4108,2026-10-01,11.3,15.3,16.1,-1.661,-1.648,-0.013,33.5,270914273.0,11.45,11.69,12.57
4109,2026-10-01,10.9,16.1,13.7,-1.993,-1.648,-0.345,33.6,685758173.0,10.98,11.02,12.37
4111,2026-10-01,29.0,59.1,50.5,1.134,1.3,-0.165,62.5,505368354.0,28.9,28.77,28.52
4113,2026-10-01,14.8,11.5,12.7,-3.145,-2.653,-0.492,39.3,412788589.0,15.12,14.88,17.37
4114,2026-10-01,29.05,48.8,41.4,0.446,0.574,-0.128,52.8,5639471425.0,29.47,28.8,28.73
4116,2026-10-01,40.0,54.1,39.1,-1.648,-1.851,0.203,47.1,558849027.0,39.95,38.39,39.25
4119,2026-10-01,53.9,61.8,46.3,-6.846,-8.028,1.183,43.2,5085189237.0,54.93,49.39,49.45
4120,2026-10-01,46.0,62.6,53.7,1.269,1.148,0.121,56.1,378629658.0,46.43,44.88,43.42
4121,2026-10-01,12.75,6.7,14.4,-1.624,-1.465,-0.159,38.0,630440543.0,12.87,13.13,14.92
4123,2026-10-01,30.9,16.1,26.4,-0.984,-0.633,-0.351,41.7,2880762986.0,31.13,32.72,34.63
4126,2026-10-01,77.5,54.7,37.3,0.056,0.793,-0.737,49.7,620524430.0,77.83,76.68,77.21
4127,2026-10-01,42.2,40.8,55.6,7.078,6.643,0.435,49.6,616324147.0,53.03,61.7,48.69
4128,2026-10-01,15.45,19.2,13.7,-5.728,-6.114,0.386,31.4,857413846.0,15.28,15.02,16.77
4129,2026-10-01,82.2,6.7,12.7,0.537,4.375,-3.838,44.2,734453706.0,82.43,83.93,93.09
4131,2026-10-01,30.85,19.6,28.4,0.452,1.492,-1.04,45.3,18063515.0,30.7,32.17,34.95
4133,2026-10-01,20.45,7.6,9.9,-2.601,-2.527,-0.075,35.2,514269447.0,20.62,20.71,22.04
4137,2026-10-01,75.8,16.9,29.0,-9.213,-8.901,-0.312,32.9,-19599061.0,79.1,87.78,91.24
4138,2026-10-01,53.5,24.0,17.7,-3.819,-3.035,-0.783,40.4,96634275.0,53.37,52.13,54.37
4139,2026-10-01,43.0,79.5,65.0,1.672,-0.972,2.644,71.6,19188406.0,42.23,35.35,29.53
4142,2026-10-01,18.0,32.1,25.1,-2.365,-2.925,0.56,39.5,1394143662.0,18.0,17.55,18.09
4147,2026-10-01,60.1,44.1,34.9,-6.684,-7.078,0.393,44.3,122821369.0,62.07,59.24,57.8
4148,2026-10-01,31.75,21.7,22.5,-3.074,-2.634,-0.441,41.1,100815218.0,32.05,30.89,34.26
4153,2026-10-01,31.4,47.8,40.8,-0.96,-0.709,-0.251,46.4,233231295.0,31.77,31.12,31.06
4154,2026-10-01,11.85,39.1,35.1,-3.342,-3.747,0.405,34.0,18688628.0,12.28,12.33,13.2
4155,2026-10-01,14.75,47.4,41.1,-1.734,-2.026,0.292,39.6,335342168.0,14.65,14.7,14.41
4157,2026-10-01,8.56,14.9,19.6,-1.149,-1.118,-0.032,39.6,614541597.0,8.81,8.71,10.21
4160,2026-10-01,38.4,10.5,11.4,-3.906,-2.387,-1.519,40.1,-7889883.0,38.43,38.24,42.35
4161,2026-10-01,21.5,12.5,16.6,-1.263,-0.876,-0.386,39.5,150418559.0,22.05,22.18,23.39
4162,2026-10-01,55.0,24.9,23.7,-6.513,-6.042,-0.471,38.1,-359282628.0,56.53,56.66,59.51
4163,2026-10-01,135.5,70.4,65.9,7.715,3.398,4.316,67.5,203567499.0,137.17,129.08,112.89
4164,2026-10-01,27.0,14.5,10.6,-4.852,-4.044,-0.808,35.8,155453035.0,26.7,27.01,29.88
4166,2026-10-01,24.3,28.7,29.5,-0.826,-0.262,-0.564,44.5,43114028.0,24.38,24.73,25.23
4167,2026-10-01,19.45,65.3,60.6,0.367,0.056,0.311,55.4,1513966596.0,19.68,18.66,18.01
4168,2026-10-01,22.8,23.6,31.9,-0.786,-0.718,-0.068,46.1,65807288.0,22.57,23.51,24.2
4169,2026-10-01,149.0,21.8,37.5,25.38,28.472,-3.092,55.7,21164985.0,151.0,165.34,170.89
4171,2026-10-01,16.85,10.6,13.8,-4.228,-4.757,0.529,37.5,112995479.0,16.82,17.08,18.47
4173,2026-10-01,17.3,7.8,8.5,-0.608,-0.105,-0.504,38.9,464327875.0,17.3,17.58,18.81
4174,2026-10-01,46.2,35.5,17.9,-23.44,-26.289,2.849,38.7,-143309029.0,36.93,32.43,39.15
4175,2026-10-01,50.8,21.4,19.8,-3.807,-3.814,0.006,35.6,-27429782.0,50.97,50.52,52.17
4178,2026-10-01,17.9,9.5,13.4,-3.776,-3.104,-0.672,43.6,-56868345.0,17.27,17.68,22.05
4183,2026-10-01,14.75,42.5,30.7,-1.683,-1.407,-0.276,39.2,2200848.0,14.1,13.82,14.99
4188,2026-10-01,14.3,46.0,31.4,-1.907,-2.17,0.263,45.9,42977111.0,14.47,12.48,13.11
4190,2026-10-01,24.3,20.4,17.2,-6.368,-6.944,0.575,26.1,178444193.0,25.07,24.89,26.41
4192,2026-10-01,17.8,8.1,9.7,-8.179,-9.515,1.336,27.2,7923633.0,18.5,19.17,21.01
4195,2026-10-01,15.95,13.6,21.1,-1.066,0.063,-1.129,41.4,68767241.0,15.47,15.65,20.73
4198,2026-10-01,48.95,79.4,71.8,3.009,1.861,1.148,64.6,7043743.0,47.48,43.19,39.92
4205,2026-10-01,67.5,4.9,9.8,-2.977,-2.033,-0.944,31.5,70191764.0,68.57,68.82,72.13
4207,2026-10-01,19.45,67.3,74.8,1.449,1.379,0.069,61.6,777799399.0,19.87,19.68,18.82
4303,2026-10-01,32.0,27.7,24.4,0.952,3.001,-2.049,46.7,2996533856.0,34.53,32.89,36.73
4304,2026-10-01,17.9,30.1,42.7,2.669,3.552,-0.883,49.8,63762883.0,20.17,20.94,24.94
4305,2026-10-01,41.55,57.1,63.3,1.939,2.098,-0.16,58.4,24168258.0,42.42,42.11,41.05
4306,2026-10-01,14.35,58.8,56.5,0.038,-0.095,0.133,51.7,-9005036683.0,14.7,14.51,13.76
4401,2026-10-01,13.8,25.8,22.7,-1.69,-1.788,0.099,36.3,464136440.0,13.88,13.62,14.48
4402,2026-10-01,13.55,31.0,32.9,-1.858,-1.174,-0.684,42.4,431855533.0,14.1,14.69,16.42
4406,2026-10-01,10.0,43.5,47.9,-0.039,-0.052,0.013,47.7,190536187.0,10.13,10.09,10.12
4413,2026-10-01,19.9,64.1,49.5,0.436,0.226,0.21,56.4,4862424.0,20.03,17.58,17.59
4414,2026-10-01,8.07,12.6,15.2,-1.496,-1.398,-0.099,37.0,26854306.0,8.19,8.22,9.52
4416,2026-10-01,12.7,12.3,8.4,-15.797,-14.292,-1.505,19.8,30894585.0,12.92,11.89,17.95
4417,2026-10-01,49.2,64.9,51.7,2.93,3.18,-0.249,62.4,304882894.0,48.55,45.95,47.02
4419,2026-10-01,49.95,50.7,48.9,1.736,2.435,-0.699,53.1,9440442.0,48.62,47.86,48.28
4420,2026-10-01,35.25,18.7,15.8,-0.082,1.863,-1.945,43.5,176120218.0,35.43,34.83,39.15
4426,2026-10-01,7.53,6.8,8.5,-2.211,-2.423,0.212,26.6,1412343053.0,7.58,7.74,8.53
4430,2026-10-01,19.15,63.7,47.3,-0.565,-0.716,0.151,53.1,35032998.0,18.25,17.59,17.58
4432,2026-10-01,15.3,40.4,37.0,-1.235,-1.285,0.05,41.9,285057800.0,15.48,15.54,15.49
4433,2026-10-01,17.7,9.6,14.3,-1.889,-1.749,-0.14,31.7,2041616.0,18.23,19.11,19.47
4438,2026-10-01,56.3,18.6,16.9,-9.074,-8.83,-0.244,33.7,-25354748.0,56.79,57.43,61.4
4439,2026-10-01,96.0,59.2,58.7,0.051,-0.864,0.915,50.5,2726408.0,97.8,95.38,95.8
4440,2026-10-01,17.65,36.4,33.4,-1.03,-1.355,0.325,44.0,6565392.0,17.57,17.54,17.26
4441,2026-10-01,169.0,12.0,16.3,-2.595,7.957,-10.551,43.4,24665965.0,170.67,174.32,196.16
4442,2026-10-01,53.2,36.7,39.6,5.46,6.152,-0.692,52.2,2309033.0,52.67,54.66,54.31
4502,2026-10-01,15.75,27.4,21.3,-2.912,-3.59,0.678,24.2,33062996.0,15.78,15.78,15.8
4503,2026-10-01,23.9,10.7,15.7,-6.18,-3.739,-2.442,33.1,317064677.0,24.32,30.93,36.05
4506,2026-10-01,117.5,64.8,61.3,7.503,8.332,-0.828,61.8,275751816.0,119.0,117.98,114.97
4510,2026-10-01,42.6,42.2,42.9,2.618,3.993,-1.375,51.7,1045010377.0,43.78,43.12,43.48
4513,2026-10-01,16.1,22.4,21.3,-3.177,-3.008,-0.169,41.4,785813616.0,16.15,16.11,16.82
4523,2026-10-01,23.8,9.8,15.9,-2.805,-2.453,-0.352,39.6,348403176.0,23.83,25.23,26.4
4526,2026-10-01,33.4,41.5,44.4,2.051,2.464,-0.413,53.7,17170850850.0,32.65,33.69,32.83
4527,2026-09-01,40.9,65.5,61.9,1.274,1.472,-0.198,55.5,79990433.0,40.48,40.68,39.26
4528,2026-10-01,14.8,6.1,9.6,-2.744,-2.897,0.153,30.9,651573581.0,14.93,15.14,16.36
4529,2026-10-01,3.3,22.2,27.5,-1.164,-1.364,0.199,37.3,75160489.0,3.49,3.94,3.85
4530,2026-10-01,24.6,29.6,30.7,-0.055,0.697,-0.752,45.9,-21095143.0,26.12,25.63,27.14
4532,2026-10-01,24.6,34.5,42.2,0.756,0.897,-0.142,53.2,11077283368.0,24.43,24.81,24.23
4533,2026-10-01,25.3,26.2,32.7,-0.176,0.373,-0.549,47.2,1247999340.0,25.69,26.72,27.85
4534,2026-10-01,30.1,51.4,55.4,3.571,2.823,0.748,61.5,688038816.0,30.18,29.85,25.78
4535,2026-10-01,26.9,31.3,30.0,-0.782,-0.767,-0.015,41.4,20984253.0,27.28,27.12,27.37
4536,2026-10-01,160.0,56.9,48.1,-1.937,-1.297,-0.64,48.8,3204413597.0,161.0,160.11,155.88
4538,2026-10-01,17.25,39.2,52.2,0.066,0.036,0.029,49.2,-31754858.0,17.45,17.67,17.36
4540,2026-10-01,60.6,51.3,52.4,4.973,3.617,1.356,56.5,1195539201.0,60.6,58.54,52.53
4541,2026-10-01,60.7,52.6,48.3,6.601,4.986,1.615,63.7,1502029770.0,62.76,57.36,49.91
4542,2026-10-01,342.0,59.2,64.9,70.63,48.22,22.41,65.9,405339108.0,326.33,321.58,224.43
4543,2026-10-01,30.3,33.5,43.9,-0.557,-0.797,0.24,48.8,654100867.0,29.92,31.83,30.69
4545,2026-10-01,40.0,49.2,40.6,0.159,-0.178,0.337,55.4,158258347.0,36.92,36.36,35.05
4549,2026-10-01,98.8,31.5,29.3,-3.651,-1.462,-2.189,48.0,194767451.0,98.96,99.85,99.13
4550,2026-10-01,24.2,31.2,26.5,-0.215,-0.223,0.008,48.7,88247640.0,24.22,24.25,24.14
4551,2026-10-01,185.0,42.3,44.4,16.49,10.295,6.194,60.4,278676218.0,173.0,175.42,146.99
4552,2026-10-01,15.6,9.2,16.1,-2.221,-1.672,-0.548,28.8,-86637185.0,16.07,17.63,20.14
4554,2026-10-01,28.3,74.5,63.2,1.465,1.213,0.251,60.5,2247388189.0,28.8,27.51,25.67
4555,2026-10-01,42.4,39.3,41.9,-0.532,-1.211,0.68,49.0,-340265660.0,43.65,46.12,42.24
4556,2026-10-01,126.0,68.3,58.9,17.073,7.224,9.849,87.1,105278952.0,99.1,81.25,54.4
4557,2026-10-01,50.4,26.9,20.2,-12.182,-10.563,-1.619,33.9,39514974.0,50.53,48.64,55.8
4558,2026-10-01,16.75,16.8,15.8,-2.916,-2.496,-0.421,38.9,-19603816.0,17.03,17.55,18.8
4560,2026-10-01,29.85,22.5,27.7,-0.491,-0.369,-0.122,45.9,90779301.0,29.75,30.35,30.73
4561,2026-10-01,43.9,41.8,38.7,-0.609,-0.527,-0.083,51.0,310247556.0,43.53,42.53,39.62
4562,2026-10-01,30.0,20.0,21.1,-2.86,-0.863,-1.998,42.3,1351147203.0,30.62,32.63,34.03
4563,2026-10-01,54.5,44.9,28.4,-3.694,-3.135,-0.559,50.7,301679545.0,48.97,45.66,46.94
4564,2026-10-01,15.85,22.5,26.8,-1.726,-1.884,0.158,40.2,86742010.0,16.35,16.18,17.01
4566,2026-10-01,77.5,71.7,60.6,2.557,0.993,1.564,60.4,232936654.0,72.17,69.42,63.68
4568,2026-10-01,39.05,42.3,38.2,-2.024,-2.081,0.057,39.8,-8460123.0,39.47,39.15,39.7
4569,2026-10-01,157.0,44.2,44.6,7.473,8.605,-1.132,47.9,17952933.0,161.33,163.69,156.2
4571,2026-10-01,153.5,21.0,28.4,6.874,12.172,-5.298,49.7,239635285.0,154.33,165.49,165.65
4572,2026-10-01,139.5,38.2,34.4,0.287,2.065,-1.778,48.1,265277403.0,140.67,141.65,142.04
4576,2026-10-01,236.5,66.5,63.6,33.411,24.253,9.158,65.5,1102123295.0,229.67,224.21,178.29
4577,2026-10-01,92.5,34.8,44.2,17.84,16.484,1.356,57.9,336952688.0,90.3,89.87,88.17
4580,2026-10-01,82.5,52.4,42.6,0.337,-0.082,0.42,56.8,16842206.0,81.13,79.53,78.29
4581,2026-10-01,48.0,55.6,47.1,-0.045,0.213,-0.258,50.3,28525949.0,47.92,47.56,47.83
4582,2026-10-01,22.1,22.1,36.5,-0.159,-0.238,0.079,46.1,47381276.0,22.72,23.92,25.41
4583,2026-10-01,418.0,9.8,20.2,-9.973,39.672,-49.644,41.0,95070335.0,434.83,510.42,597.73
4584,2026-10-01,38.0,14.0,12.9,-3.736,-2.768,-0.967,35.7,4481444.0,38.13,38.75,41.06
4585,2026-10-01,291.0,15.4,13.8,-36.262,-27.733,-8.529,39.3,-11075924.0,292.17,301.67,315.32
4588,2026-10-01,55.8,27.6,21.8,-3.707,-3.083,-0.623,45.8,32506730.0,54.63,53.95,56.29
4590,2026-10-01,88.3,53.4,40.3,-1.165,-1.782,0.617,56.9,19170468.0,88.63,82.27,81.56
4609,2026-10-01,4.31,27.7,29.6,-0.873,-0.701,-0.171,38.2,108168296.0,4.3,4.87,5.25
4702,2026-10-01,9.36,35.7,34.6,-0.614,-0.698,0.084,39.1,244227253.0,9.44,9.41,9.44
4706,2026-10-01,38.4,60.5,62.8,2.137,1.652,0.485,78.6,141274838.0,34.78,33.42,31.79
4707,2026-10-01,31.4,64.7,65.0,4.76,2.38,2.38,72.6,1699100517.0,31.72,26.96,18.87
4711,2026-10-01,17.15,50.8,43.9,0.488,0.268,0.22,61.2,200955447.0,16.8,16.47,15.62
4714,2026-10-01,11.85,20.1,17.4,-1.356,-0.715,-0.641,40.8,874550895.0,11.68,11.84,13.88
4716,2026-10-01,20.95,42.7,38.3,0.673,0.31,0.363,56.5,1434950629.0,19.03,18.7,16.99
4720,2026-10-01,25.3,51.8,50.2,1.698,1.195,0.503,64.2,403417094.0,21.2,21.98,19.65
4721,2026-10-01,80.9,45.0,46.3,2.222,0.561,1.661,54.4,1987294341.0,79.27,80.87,74.65
4722,2026-10-01,218.5,43.0,53.5,40.826,40.914,-0.088,58.8,1370548454.0,205.67,226.48,203.47
4726,2026-10-01,22.95,6.5,9.3,-4.649,-3.643,-1.006,31.2,455134649.0,23.32,24.48,28.23
4728,2026-10-01,395.0,63.9,54.8,31.385,37.584,-6.199,62.5,334656782.0,398.67,389.58,385.33
4729,2026-10-01,19.8,26.5,29.9,-0.124,0.359,-0.483,47.6,829288907.0,19.77,21.02,21.25
4735,2026-10-01,36.6,69.4,58.1,0.515,-0.454,0.97,60.5,347970333.0,36.9,33.12,31.23
4736,2026-10-01,129.0,71.8,59.8,1.7,-1.149,2.849,60.1,449028136.0,128.83,118.95,114.09
4737,2026-10-01,55.3,28.2,32.7,-1.615,-1.185,-0.429,44.9,74686670.0,56.1,56.17,57.54
4739,2026-10-01,86.2,42.6,52.5,6.633,4.285,2.348,55.0,2381021323.0,87.33,93.27,83.1
4741,2026-10-01,40.5,37.0,42.6,4.189,2.966,1.223,54.9,63464759.0,41.48,47.02,38.15
4743,2026-10-01,47.45,18.1,15.6,-20.508,-23.147,2.639,33.4,493141940.0,47.03,47.58,53.3
4744,2026-10-01,28.45,39.5,45.0,1.19,1.317,-0.127,51.7,406015700.0,28.23,28.59,29.69
4745,2026-10-01,12.1,12.8,16.6,-2.419,-1.695,-0.724,34.3,99167710.0,12.07,12.87,17.41
4746,2026-10-01,47.9,22.4,21.6,-5.811,-5.361,-0.45,36.8,1846669724.0,48.53,48.95,51.72
4747,2026-10-01,22.85,17.5,19.3,-2.082,-1.358,-0.724,39.0,185125029.0,24.6,24.94,26.47
4749,2026-10-01,800.0,30.3,40.6,70.176,94.73,-24.554,53.2,288790333.0,778.33,832.12,851.43
4754,2026-10-01,37.95,54.4,45.9,0.603,0.55,0.053,58.1,15563858.0,38.13,37.21,36.64
4755,2026-10-01,123.0,33.2,41.6,1.934,2.403,-0.469,50.8,1370414399.0,119.67,124.64,124.74
4760,2026-10-01,321.5,43.7,51.3,52.07,44.434,7.636,61.6,440170476.0,279.97,307.48,247.44
4763,2026-10-01,46.35,45.4,31.6,-4.582,-3.279,-1.303,43.3,14288166645.0,46.2,44.42,44.7
4764,2026-10-01,195.0,50.3,62.5,49.595,41.933,7.662,60.0,-27595078.0,208.33,248.58,190.14
4766,2026-10-01,348.5,55.4,46.8,20.699,23.747,-3.048,58.1,203728958.0,344.67,337.94,323.61
4767,2026-10-01,28.2,65.5,54.8,-0.048,-0.157,0.109,53.8,3210930.0,28.55,27.31,26.24
4768,2026-10-01,368.0,41.2,49.9,54.007,54.317,-0.31,57.4,372452055.0,352.83,360.8,376.29
4770,2026-10-01,272.0,53.1,37.0,-9.972,-14.565,4.594,53.0,256051896.0,255.5,241.75,232.71
4771,2026-10-01,208.0,76.5,67.5,3.763,-0.739,4.503,57.3,10502297.0,212.5,199.82,186.56
4772,2026-10-01,278.5,36.5,35.1,23.311,32.364,-9.053,53.7,321979270.0,268.5,264.57,285.93
4804,2026-10-01,3.27,2.3,8.3,-0.82,-0.516,-0.304,37.7,23541895.0,3.27,3.27,4.66
4806,2026-10-01,11.35,13.1,13.0,-4.244,-3.927,-0.317,32.1,-18753079.0,13.11,13.89,14.47
4807,2026-10-01,31.5,56.6,59.9,3.242,1.766,1.476,61.7,26294010.0,29.63,31.72,24.79
4903,2026-10-01,43.9,43.3,45.3,3.914,4.179,-0.265,59.5,1472625126.0,41.07,40.53,41.68
4904,2026-10-01,105.5,77.3,73.4,7.226,5.85,1.376,73.8,6747286201.0,103.33,101.2,94.23
4905,2026-10-01,96.0,52.8,42.0,3.814,1.174,2.64,63.5,64198854.0,87.6,78.99,72.94
4906,2026-10-01,41.35,52.1,53.6,2.994,1.743,1.251,58.7,-86534046444.0,39.95,40.44,34.98
4907,2026-10-01,43.05,62.0,50.9,-1.235,-1.522,0.287,49.5,68568255.0,45.08,41.76,41.19
4908,2026-10-01,232.0,58.4,55.7,35.054,23.312,11.742,67.4,1946407048.0,216.0,199.73,152.31
4909,2026-10-01,37.9,15.3,22.1,-7.281,-4.118,-3.164,41.4,1613880308.0,37.63,41.5,48.28
4911,2026-10-01,28.25,9.2,10.8,-4.217,-3.148,-1.069,31.5,-77526104.0,28.48,28.6,32.04
4912,2026-10-01,111.0,63.5,52.0,1.628,-0.526,2.153,56.4,258705602.0,102.86,98.18,93.32
4915,2026-10-01,63.9,20.0,21.1,-1.011,0.673,-1.684,45.5,5082531673.0,62.27,64.58,68.47
4916,2026-10-01,107.0,70.1,69.0,17.428,13.156,4.271,70.0,27422661865.0,103.63,103.29,80.6
4919,2026-10-01,154.5,52.5,53.1,13.773,5.622,8.15,60.9,4818129522.0,137.67,149.17,114.26
4923,2026-10-01,62.3,69.8,61.0,5.029,1.444,3.585,64.2,155473324.0,59.67,54.22,42.92
4924,2026-10-01,14.85,48.2,37.1,-0.832,-1.134,0.302,52.0,3640102.0,13.78,12.92,12.02
4927,2026-10-01,52.2,53.5,52.9,1.177,-1.112,2.289,56.3,2843996216.0,45.68,45.11,41.42
4930,2026-10-01,15.9,8.2,8.4,-2.567,-2.049,-0.519,25.4,290117045.0,15.95,16.38,18.41
4931,2026-10-01,244.0,71.9,68.7,45.901,38.217,7.684,66.1,6520626811.0,251.67,232.67,192.69
4933,2026-10-01,54.0,21.3,29.5,0.974,2.656,-1.682,46.7,730806142.0,54.47,59.11,58.51
4934,2026-10-01,15.0,27.4,38.2,-1.071,-1.542,0.472,46.7,1526471946.0,14.7,15.63,15.57
4935,2026-10-01,33.75,22.6,19.8,-4.036,-3.76,-0.276,37.3,353729904.0,33.92,35.52,36.91
4938,2026-10-01,89.3,67.6,63.6,3.592,1.804,1.788,63.3,5020573506.0,90.07,87.18,78.87
4939,2026-10-01,78.3,76.1,72.6,14.583,9.232,5.351,70.1,2765434662.0,83.43,69.28,52.35
4942,2026-10-01,31.35,17.8,24.7,-0.747,-0.179,-0.568,36.3,381342844.0,32.13,33.73,34.88
4943,2026-10-01,6.79,6.4,10.7,-3.771,-4.254,0.483,32.0,288962101.0,7.23,8.18,10.14
4946,2026-10-01,98.8,25.6,21.2,3.032,8.231,-5.2,49.7,58023203.0,97.73,95.1,106.09
4949,2026-10-01,86.7,57.1,56.6,12.653,10.263,2.39,62.8,-352989147.0,79.9,78.68,67.6
4950,2026-10-01,16.1,31.2,31.7,0.903,0.82,0.083,53.8,-68390460.0,15.92,15.98,16.81
4951,2026-10-01,89.8,37.4,42.2,7.405,6.414,0.991,56.4,127116358.0,86.57,91.92,82.61
4952,2026-10-01,49.8,56.3,57.1,1.287,0.018,1.268,54.3,1506944980.0,50.03,51.13,45.15
4953,2026-10-01,117.5,44.4,48.4,4.645,4.259,0.386,55.0,737039502.0,119.0,119.66,117.0
4956,2026-10-01,43.8,52.9,49.8,4.674,3.158,1.515,60.4,1795411423.0,42.2,39.4,33.85
4958,2026-10-01,588.0,77.7,77.4,112.724,77.767,34.958,71.7,5879882442.0,531.67,525.0,371.71
4960,2026-10-01,23.9,32.9,38.6,3.071,2.674,0.397,56.8,5334625724.0,23.17,24.47,22.03
4961,2026-10-01,188.0,74.2,57.0,-6.987,-11.794,4.807,55.5,2089064928.0,177.17,167.12,153.9
4966,2026-10-01,566.0,27.2,30.1,-45.783,-54.915,9.131,45.8,776676679.0,571.67,618.18,581.4
4967,2026-10-01,268.5,72.7,73.6,50.475,41.504,8.971,67.9,2032084074.0,273.17,261.38,232.24
4968,2026-10-01,98.1,23.0,20.4,-18.33,-16.312,-2.018,39.5,2890529118.0,95.17,101.85,110.64
4971,2026-10-01,592.0,46.9,55.5,126.485,112.885,13.6,61.6,1203449696.0,577.0,552.81,506.05
4972,2026-10-01,16.2,8.8,12.5,-1.952,-2.045,0.093,23.7,94174878.0,16.43,16.52,17.11
4973,2026-10-01,137.5,60.6,65.5,30.885,21.531,9.354,67.3,1303441404.0,143.17,148.67,100.41
4974,2026-10-01,70.4,48.6,39.5,-0.585,0.601,-1.185,49.0,789164069.0,70.13,70.3,69.66
4976,2026-10-01,38.05,52.2,42.9,-0.663,-1.826,1.163,52.8,1196019837.0,37.52,36.47,33.29
4977,2026-10-01,175.0,42.3,48.2,20.224,19.129,1.095,58.1,8422744755.0,171.27,167.47,162.71
4979,2026-10-01,604.0,63.1,63.8,111.77,88.914,22.856,65.0,3917236761.0,594.0,540.73,456.82
4989,2026-10-01,71.8,36.8,48.8,12.666,12.009,0.657,58.2,2074748256.0,65.83,74.15,69.37
4991,2026-10-01,525.0,49.2,58.1,118.393,102.118,16.275,61.9,1659060546.0,517.33,527.5,433.71
4994,2026-10-01,82.5,27.6,35.4,-0.47,1.646,-2.116,43.4,7038420530.0,82.07,86.51,91.04
4995,2026-10-01,47.3,68.2,58.0,-0.3,-0.767,0.468,51.2,78797903.0,49.27,47.47,43.52
4999,2026-10-01,17.9,6.1,7.9,-3.072,-2.767,-0.305,25.3,2503566556.0,18.2,18.8,20.63
5007,2026-10-01,55.8,64.4,69.7,2.111,2.093,0.018,60.7,436965417.0,56.2,56.55,56.0
5009,2026-10-01,32.3,32.1,31.0,-1.473,-1.409,-0.064,44.6,4574435802.0,32.85,32.78,32.2
5011,2026-10-01,21.05,54.4,53.8,0.091,-1.013,1.104,57.3,349149461.0,19.28,19.64,16.04
5013,2026-10-01,51.1,68.7,53.4,2.031,0.05,1.981,80.7,583741941.0,39.8,32.99,30.79
5014,2026-10-01,10.0,45.2,42.7,-0.686,-0.751,0.065,43.4,1022639042.0,10.13,10.32,10.2
5015,2026-10-01,23.15,19.0,15.5,-3.443,-3.149,-0.294,34.5,153789039.0,22.4,22.38,24.44
5016,2026-10-01,27.0,29.6,28.5,0.082,-0.142,0.224,60.1,67825371.0,25.75,25.01,24.9
5201,2026-10-01,27.8,13.5,13.1,-1.222,0.443,-1.665,42.5,150320749.0,28.05,27.55,33.52
5202,2026-10-01,14.05,31.3,21.1,-1.844,-1.476,-0.368,43.7,641681791.0,13.38,13.0,13.88
5203,2026-10-01,59.8,12.3,11.4,-7.537,-5.144,-2.393,39.0,-4748317185.0,59.13,60.42,67.22
5205,2026-10-01,27.55,35.5,25.0,-2.497,-1.811,-0.686,49.5,1705198.0,22.28,22.71,25.73
5206,2026-10-01,22.6,24.1,18.5,-1.568,-0.586,-0.982,43.4,76067203.0,22.83,21.53,24.16
5209,2026-10-01,174.5,56.7,51.8,9.732,8.631,1.1,66.1,101063861.0,166.33,161.88,158.5
5210,2026-10-01,30.0,69.1,59.1,0.575,-0.203,0.777,56.2,504446190.0,29.8,29.28,25.56
5211,2026-10-01,20.9,24.3,22.0,-1.358,-0.758,-0.6,45.0,174870024.0,20.22,19.92,22.21
5212,2026-10-01,49.0,40.6,37.3,0.572,0.626,-0.054,55.2,162025648.0,48.2,47.36,47.85
5213,2026-10-01,20.25,19.5,30.4,-0.933,-0.534,-0.398,40.2,790864304.0,20.75,21.63,22.0
5215,2026-10-01,37.65,37.1,47.6,-0.702,-1.319,0.617,47.7,665574666.0,38.08,40.3,38.02
5220,2026-10-01,22.7,59.9,51.4,-0.219,-0.892,0.673,54.2,90025504.0,22.27,21.75,20.08
5222,2026-10-01,103.0,28.0,32.6,0.241,2.133,-1.892,45.8,298925821.0,105.17,107.74,113.79
5223,2026-10-01,23.0,16.3,22.4,-2.73,-2.717,-0.012,36.4,146790272.0,23.13,23.67,25.6
5225,2026-10-01,53.6,6.3,12.0,-5.926,-0.321,-5.605,34.2,705187534.0,56.47,64.12,76.08
5227,2026-10-01,29.0,44.6,40.6,-3.976,-5.779,1.804,44.2,286919934.0,30.28,31.03,27.84
5228,2026-10-01,50.4,46.8,51.8,7.202,4.881,2.321,62.8,97750751.0,43.73,49.91,36.71
5230,2026-10-01,22.45,59.1,46.6,-0.979,-1.689,0.71,53.4,468687448.0,21.23,19.89,18.45
5234,2026-10-01,317.5,22.5,34.6,38.595,51.566,-12.971,52.9,687678880.0,307.17,338.75,351.76
5236,2026-10-01,130.0,42.8,52.2,5.809,5.824,-0.015,49.7,78167970.0,134.0,147.74,135.0
5243,2026-10-01,96.4,40.1,46.6,9.245,8.596,0.649,57.9,2487867918.0,91.99,95.66,89.85
5244,2026-10-01,38.7,34.3,28.9,-1.256,-0.49,-0.765,48.8,49611406.0,36.23,35.49,37.65
5245,2026-10-01,20.55,12.4,22.2,-3.321,-3.338,0.017,39.9,164602926.0,21.5,23.52,24.52
5251,2026-10-01,29.4,30.4,21.3,-1.01,0.406,-1.416,47.6,641616720.0,28.47,28.18,30.46
5258,2026-10-01,41.5,10.8,13.8,-10.379,-9.074,-1.305,34.5,2719444034.0,43.07,46.01,50.35
5263,2026-10-01,89.7,17.4,23.6,-7.888,-8.14,0.252,42.1,187980007.0,92.73,95.6,95.79
5269,2026-10-01,1480.0,67.4,55.6,-39.183,-45.592,6.409,51.0,539414166.0,1455.0,1420.73,1319.3
5272,2026-10-01,17.6,18.2,26.5,-2.504,-2.386,-0.118,37.6,579291102.0,17.65,18.94,20.1
5274,2026-10-01,19230.0,81.3,82.8,3827.614,2756.841,1070.774,82.9,274245933.0,18015.0,16785.61,12944.54
5276,2026-10-01,18.15,56.1,56.1,0.932,0.704,0.228,57.5,22983187.0,18.15,18.3,16.79
5278,2026-10-01,23.95,26.7,21.2,0.149,1.259,-1.11,47.9,298847163.0,24.01,23.6,25.14
5283,2026-10-01,52.1,54.4,40.0,-4.406,-5.107,0.701,43.0,31933357.0,52.43,49.07,49.51
5284,2026-10-01,296.5,32.7,45.4,44.516,47.938,-3.421,55.1,717302846.0,306.33,336.9,308.97
5285,2026-10-01,99.0,64.8,61.5,8.626,3.377,5.249,66.8,5174435128.0,90.03,87.7,69.22
5287,2026-10-01,137.0,40.8,31.3,-2.055,-0.853,-1.203,47.2,94769244.0,136.83,132.69,136.99
5288,2026-10-01,187.0,77.9,72.3,8.007,1.696,6.312,63.3,199239107.0,185.67,176.23,158.03
5289,2026-10-01,1295.0,59.0,67.7,305.226,244.843,60.382,65.9,1411664572.0,1345.0,1434.97,1099.89
5291,2026-10-01,64.8,61.9,64.1,10.001,7.721,2.28,60.9,262417560.0,65.3,62.13,54.52
5292,2026-10-01,250.0,80.8,71.7,31.274,25.251,6.023,70.7,50884003.0,233.17,208.26,190.48
5299,2026-10-01,104.5,53.8,56.1,3.728,-0.296,4.023,57.2,542850298.0,101.37,107.15,90.78
5301,2026-09-01,4.99,4.5,5.7,-4.04,-3.776,-0.263,29.9,-8731069.0,5.35,6.35,8.79
5302,2026-10-01,9.73,21.0,35.2,0.128,0.112,0.016,48.2,616098862.0,9.93,10.54,10.57
5306,2026-10-01,88.8,50.8,44.2,-7.156,-8.937,1.781,43.0,373255070.0,90.03,87.35,86.76
5309,2026-10-01,66.0,42.7,41.4,5.549,5.799,-0.25,57.9,1577999585.0,60.87,60.57,61.29
5310,2026-10-01,29.7,56.3,32.3,-3.58,-3.027,-0.553,46.1,99745127.0,27.43,25.75,26.14
5312,2026-10-01,89.7,18.0,16.0,-0.333,1.981,-2.314,47.0,187008977.0,90.57,89.41,90.62
5314,2026-10-01,28.85,43.9,37.3,4.565,4.259,0.306,60.9,8828215818.0,31.21,22.88,22.33
5315,2026-10-01,18.85,18.9,28.5,0.547,1.057,-0.51,47.5,762794433.0,18.9,19.7,20.9
5321,2026-10-01,67.1,67.9,57.6,2.433,-2.615,5.048,56.8,304419727.0,73.83,64.98,47.39
5324,2026-10-01,12.4,77.9,72.2,0.224,0.075,0.149,54.8,205608887.0,12.38,12.21,11.53
5328,2026-10-01,58.2,60.5,66.5,11.744,7.992,3.752,70.1,1998222102.0,57.68,57.75,41.01
5340,2026-10-01,87.2,40.7,48.3,10.468,10.505,-0.037,56.2,1725034589.0,83.77,84.84,87.71
5344,2026-10-01,13.95,22.5,29.0,-0.855,-0.894,0.039,44.6,164658261.0,13.8,14.5,14.77
5345,2026-10-01,22.1,23.5,29.0,0.225,0.641,-0.416,48.3,27518273.0,22.0,23.1,23.24
5347,2026-10-01,189.5,68.2,65.9,24.083,17.33,6.753,64.3,6580290855.0,174.0,174.77,146.09
5348,2026-10-01,17.05,39.0,32.2,-2.068,-2.187,0.119,40.6,18977711.0,16.7,16.48,16.84
5351,2026-10-01,113.5,70.3,71.0,17.571,10.367,7.204,73.7,11711562117.0,114.0,97.95,77.64
5353,2026-10-01,29.3,55.9,54.8,0.067,-0.454,0.521,54.4,994793393.0,28.58,28.8,26.72
5355,2026-10-01,7.86,56.0,36.9,-0.724,-0.718,-0.006,50.4,392337165.0,6.92,6.42,6.65
5356,2026-10-01,25.8,59.7,50.8,0.162,0.007,0.155,54.1,1011540450.0,25.92,25.41,24.55
5364,2026-10-01,8.36,2.7,3.1,-4.18,-3.636,-0.544,29.6,9387054.0,8.4,8.56,10.73
5381,2026-10-01,22.95,17.0,21.7,-0.695,0.048,-0.743,45.0,525981530.0,24.4,24.83,26.79
5386,2026-10-01,291.0,65.9,69.3,68.45,51.222,17.228,67.4,1275346398.0,287.0,299.05,211.09
5388,2026-10-01,72.5,17.1,21.8,-6.634,-5.114,-1.521,39.3,3696928588.0,73.73,78.5,78.42
5392,2026-10-01,39.95,41.0,41.5,3.039,3.802,-0.763,52.2,1613933052.0,41.95,41.82,42.16
5398,2026-10-01,13.65,4.6,11.7,-1.183,-0.081,-1.102,39.4,287303325.0,13.95,14.94,19.07
5403,2026-10-01,92.5,31.8,26.7,-2.037,0.567,-2.603,41.9,484519735.0,92.8,91.62,97.34
5410,2026-10-01,32.9,37.5,43.3,1.91,1.659,0.251,53.5,744790511.0,33.9,35.99,32.47
5425,2026-10-01,102.5,54.4,55.8,10.242,5.152,5.09,61.4,6288231124.0,97.77,99.63,78.36
5426,2026-10-01,29.35,45.6,36.3,0.994,0.118,0.876,56.9,1157238512.0,29.36,26.83,23.1
5432,2026-10-01,192.5,65.6,50.9,7.53,5.575,1.955,58.2,178716297.0,169.83,151.47,150.72
5434,2026-10-01,622.0,85.3,79.2,86.28,60.497,25.783,79.3,311694879759.0,564.0,528.3,424.8
5438,2026-10-01,17.1,21.7,18.8,-0.714,-0.084,-0.63,44.9,467369606.0,17.12,17.43,18.88
5439,2026-10-01,261.5,30.9,38.2,33.797,46.196,-12.399,53.1,2838930825.0,261.0,276.09,292.86
5443,2026-10-01,113.0,54.8,54.2,10.56,10.542,0.018,57.6,5337690536.0,113.0,110.72,102.68
5450,2026-10-01,14.45,30.7,33.1,-0.578,-0.787,0.209,47.5,135992733.0,14.63,14.2,14.0
5452,2026-10-01,31.45,42.9,45.9,1.024,1.157,-0.133,54.4,1941905976.0,28.97,30.04,29.52
5455,2026-10-01,30.8,80.7,59.5,-3.838,-4.203,0.365,45.8,22356335.0,30.63,28.38,27.72
5457,2026-10-01,24.35,10.5,14.8,-5.606,-4.652,-0.955,33.3,1509478352.0,25.57,27.47,31.63
5460,2026-10-01,17.6,44.3,42.2,0.61,0.429,0.182,63.3,415483303.0,16.87,16.22,15.73
5464,2026-10-01,93.2,74.3,74.1,15.599,9.177,6.422,71.4,319510101.0,84.07,83.27,55.44
5465,2026-10-01,32.55,49.5,31.8,-1.113,-1.332,0.22,54.7,815336813.0,29.98,26.68,26.62
5468,2026-10-01,24.4,45.3,44.4,1.43,0.619,0.811,56.1,112647214.0,24.92,24.43,21.42
5469,2026-10-01,78.7,33.2,34.9,5.58,7.837,-2.258,54.2,753516923966.0,75.57,77.14,83.36
5471,2026-10-01,52.2,61.3,64.1,3.239,0.988,2.252,55.8,71131200840.0,55.23,55.23,46.29
5474,2026-10-01,162.5,47.1,42.0,4.922,6.255,-1.333,53.1,394693648.0,159.0,159.62,153.92
5475,2026-10-01,186.0,38.1,50.6,47.647,45.862,1.785,56.6,1522841659.0,190.0,199.25,186.06
5478,2026-10-01,97.1,38.3,45.9,-0.361,-0.136,-0.225,48.4,982375904.0,97.5,99.25,97.21
5481,2026-10-01,20.95,51.4,47.0,0.052,0.523,-0.471,49.2,255012515.0,21.18,20.44,21.1
5483,2026-10-01,214.5,60.2,60.9,15.424,3.657,11.767,67.9,8734249931.0,200.0,184.21,148.93
5484,2026-10-01,38.65,28.7,33.3,0.095,0.931,-0.836,48.1,122739479263.0,39.35,41.7,40.34
5487,2026-10-01,29.2,54.4,46.3,-0.836,-0.734,-0.102,47.0,180287222.0,28.85,28.43,28.81
5488,2026-10-01,12.05,37.6,44.4,0.218,-0.041,0.259,54.8,447295105.0,12.0,12.25,11.03
5489,2026-10-01,41.7,20.5,23.9,1.547,1.683,-0.135,51.2,196990472.0,41.8,43.84,41.61
5490,2026-10-01,25.25,27.2,33.9,0.69,0.787,-0.097,48.7,1322610926.0,26.17,27.65,26.49
5493,2026-10-01,90.8,51.1,48.6,5.194,5.334,-0.14,57.1,363090384.0,89.23,86.05,84.73
5498,2026-10-01,54.8,42.0,51.9,11.028,10.706,0.322,59.1,4500737906.0,53.97,54.94,54.64
5508,2026-10-01,53.0,39.5,24.8,-14.479,-13.121,-1.358,39.6,286717566.0,53.0,50.55,53.21
5511,2026-10-01,68.5,78.5,81.2,6.734,5.195,1.539,73.1,654433577.0,69.67,66.29,60.09
5512,2026-10-01,7.47,52.2,43.5,-0.451,-0.435,-0.017,41.4,4011266810.0,7.57,7.54,7.65
5514,2026-10-01,15.15,40.3,31.4,-1.038,-0.9,-0.138,38.2,326276082.0,14.98,14.49,15.33
5515,2026-10-01,52.0,84.4,81.9,7.776,5.661,2.115,84.7,15082401120.0,52.07,46.31,39.32
5516,2026-10-01,12.0,25.2,19.6,-1.634,-1.605,-0.029,39.3,33504652.0,12.0,11.38,12.32
5519,2026-10-01,24.85,29.0,47.3,0.363,0.782,-0.419,45.5,35406452771.0,25.95,27.18,27.48
5520,2026-10-01,84.0,59.6,53.5,4.501,5.374,-0.873,64.5,8638042.0,83.43,83.0,82.68
5521,2026-10-01,10.75,8.1,14.3,-0.243,0.508,-0.75,46.5,2633061591.0,10.67,10.36,14.16
5522,2026-10-01,60.1,27.0,39.8,1.4,1.846,-0.447,49.5,15961937842.0,60.93,63.23,63.17
5523,2026-10-01,30.2,46.5,53.4,0.761,0.967,-0.206,58.2,114326756.0,30.3,30.37,30.26
5525,2026-10-01,21.75,31.0,25.7,-1.083,-0.5,-0.583,41.7,64306781427.0,21.9,21.33,23.06
5529,2026-10-01,25.95,49.6,33.5,-0.546,-0.367,-0.179,52.0,188119518.0,24.88,23.23,24.26
5530,2026-10-01,48.25,32.5,27.9,-0.656,0.087,-0.744,47.6,588833778.0,49.2,48.28,48.27
5531,2026-10-01,6.8,6.3,9.0,-0.818,-0.617,-0.202,28.7,72849282710.0,6.99,7.41,8.15
5533,2026-10-01,13.9,59.7,47.2,-0.882,-0.905,0.023,39.4,1578710382.0,13.93,13.82,13.82
5534,2026-10-01,71.5,31.1,30.3,-0.651,-0.264,-0.387,47.5,279358166767.0,73.33,72.58,73.06
5536,2026-10-01,963.0,44.8,51.5,168.027,160.437,7.59,60.9,447169277.0,915.33,988.48,851.65
5538,2026-10-01,37.2,77.6,70.4,1.464,0.468,0.996,62.0,89542761.0,36.82,34.96,32.28
5543,2026-10-01,27.6,44.5,47.1,-0.99,-1.85,0.861,47.7,30843077.0,28.1,28.44,28.43
5546,2026-10-01,14.0,11.4,11.3,-3.663,-3.291,-0.372,23.2,28661050.0,14.35,14.65,16.83
5547,2026-10-01,20.05,38.1,33.9,0.936,1.207,-0.271,55.8,-1930959.0,19.95,19.76,20.16
5548,2026-10-01,20.05,28.6,37.5,-0.126,0.129,-0.255,47.3,4735362.0,20.27,20.43,20.66
5601,2026-10-01,30.55,19.4,22.7,-1.52,-0.701,-0.819,38.5,19747801.0,29.98,30.57,33.31
5603,2026-10-01,13.4,4.0,5.3,-1.928,-1.431,-0.497,29.3,802269387.0,13.62,13.9,15.55
5604,2026-10-01,31.75,15.4,13.9,-2.138,-1.987,-0.151,35.4,113463940.0,31.27,30.98,33.08
5607,2026-10-01,52.0,55.1,53.0,2.31,1.674,0.636,57.9,-45998676012.0,52.0,50.26,48.4
5608,2026-10-01,16.75,43.2,32.4,-0.937,-1.138,0.201,48.6,31223255262.0,16.88,15.38,16.23
5609,2026-10-01,77.7,69.2,68.8,2.405,2.271,0.134,60.4,1583832145.0,77.93,77.45,75.43
5701,2026-10-01,4.05,30.0,29.8,-0.409,-0.506,0.097,42.8,582121984.0,4.17,4.33,4.08
5703,2026-10-01,13.5,14.7,16.4,-1.642,-1.759,0.117,35.9,35150178.0,13.53,13.63,14.03
5704,2026-10-01,22.45,32.2,21.1,-4.041,-4.427,0.387,35.7,79979229.0,22.85,22.17,22.78
5706,2026-10-01,44.15,29.5,33.6,-1.481,-1.046,-0.436,41.8,2298054647.0,44.42,45.16,45.73
5864,2026-10-01,39.6,72.9,76.5,6.913,4.808,2.104,69.6,772132388.0,38.18,37.54,28.68
5871,2026-10-01,106.0,66.7,65.5,-4.057,-6.516,2.459,46.3,4224318496.0,110.0,108.54,104.09
5876,2026-10-01,48.6,80.4,65.8,1.756,0.643,1.113,66.8,-4035995413.0,46.88,44.1,40.88
5878,2026-10-01,37.5,7.1,15.9,-1.055,-0.647,-0.408,32.0,-2314031.0,37.93,38.66,39.86
5880,2026-10-01,25.85,74.0,68.7,0.977,0.613,0.364,66.4,66280049175.0,25.83,24.78,23.58
5902,2026-10-01,34.0,23.2,21.3,-0.411,0.679,-1.09,42.0,62748145.0,34.45,34.11,36.6
5903,2026-10-01,186.5,51.1,39.8,1.921,2.076,-0.155,57.8,91585570.0,185.83,183.76,184.3
5904,2026-10-01,68.7,67.5,72.9,6.882,4.222,2.66,68.6,4808788345.0,71.13,67.49,56.59
5905,2026-10-01,7.29,7.2,9.3,-1.491,-1.36,-0.131,33.0,437657027.0,7.47,7.79,8.23
5906,2026-10-01,38.95,36.7,34.8,-2.413,-1.291,-1.122,41.9,32137124.0,38.65,39.19,43.68
5907,2026-10-01,4.75,13.1,15.0,-1.501,-1.646,0.146,27.3,133603892.0,4.84,4.88,5.32
6005,2026-10-01,32.9,60.1,64.5,4.087,3.469,0.618,68.0,54661146331.0,31.98,32.12,28.17
6015,2026-10-01,18.15,54.9,60.8,1.933,1.365,0.568,65.8,2594465942.0,17.43,17.48,15.01
6016,2026-10-01,24.45,61.0,66.6,3.547,2.523,1.024,69.9,1396450177.0,23.32,23.63,18.9
6020,2026-10-01,20.6,36.8,46.4,0.859,0.766,0.093,57.1,75200934.0,20.68,21.71,20.36
6021,2026-10-01,43.45,80.0,78.1,5.938,4.484,1.454,71.9,106867492.0,41.3,39.19,33.82
6023,2026-10-01,84.3,66.1,75.7,6.96,7.155,-0.194,68.6,87686887.0,85.47,84.85,82.54
6024,2026-10-01,59.7,85.7,87.5,4.862,3.604,1.258,73.5,331000160.0,61.2,58.01,52.63
6026,2026-10-01,16.0,67.1,69.3,1.4,1.078,0.323,70.0,-1578451910.0,15.7,15.38,14.18
6028,2026-10-01,99.3,42.2,30.9,1.749,4.328,-2.579,54.5,-45589.0,97.93,88.5,91.9
6101,2026-10-01,37.6,29.1,39.4,0.001,0.217,-0.216,48.6,133156437.0,37.8,38.93,38.63
6103,2026-10-01,35.9,35.4,30.7,-1.72,-1.589,-0.131,46.4,-2704258.0,39.57,36.03,36.7
6104,2026-10-01,88.8,34.4,35.6,-7.206,-5.408,-1.797,42.5,4059190886.0,92.5,95.1,93.65
6108,2026-10-01,25.65,77.9,68.4,1.91,0.691,1.219,70.8,1356813132.0,24.85,21.65,18.6
6109,2026-10-01,10.3,15.4,27.5,-0.449,-0.428,-0.021,42.4,215173535.0,10.58,11.28,11.58
6111,2026-10-01,36.7,23.2,23.6,-5.297,-4.606,-0.691,33.4,640884372.0,37.78,40.16,42.58
6112,2026-10-01,45.0,46.0,35.8,-1.296,-1.296,-0.0,48.6,2624270008.0,46.15,43.63,43.87
6113,2026-10-01,24.05,40.1,41.6,0.373,0.326,0.047,52.2,857537530.0,23.17,24.28,22.47
6114,2026-10-01,23.3,13.2,19.6,-1.783,-0.638,-1.145,38.4,306565633.0,24.05,26.39,28.56
6115,2026-10-01,44.1,30.1,37.7,0.445,0.82,-0.375,50.1,9565240732.0,43.92,44.62,44.57
6116,2026-10-01,15.7,53.7,53.7,1.632,0.708,0.924,60.4,631087144246.0,15.52,15.95,12.05
6117,2026-10-01,62.7,14.1,21.6,-2.228,1.144,-3.372,43.5,639051911.0,62.67,67.02,71.6
6118,2026-10-01,16.05,17.9,17.4,-1.881,-1.87,-0.011,41.9,1961577751.0,15.8,16.24,17.35
6120,2026-10-01,14.1,56.3,57.0,0.346,0.089,0.257,55.7,54971090.0,13.72,13.79,12.98
6121,2026-10-01,372.0,50.3,53.4,14.848,13.45,1.398,53.9,833238949.0,384.33,382.05,357.83
6122,2026-10-01,60.6,65.3,51.4,3.822,2.818,1.004,70.2,1525846289.0,56.37,50.67,48.54
6123,2026-10-01,42.8,47.3,35.6,-1.931,-1.841,-0.09,42.9,477257981.0,43.12,42.39,42.61
6124,2026-10-01,27.2,19.6,24.3,-0.859,-0.871,0.013,46.9,192449286.0,27.1,27.67,28.01
6125,2026-10-01,50.1,23.0,23.7,-5.073,-2.636,-2.437,42.8,4540664380.0,50.17,53.33,57.77
6126,2026-10-01,32.75,30.2,38.5,1.382,1.39,-0.008,54.5,1931600992.0,31.0,32.12,32.12
6127,2026-10-01,56.8,42.4,54.4,8.792,7.082,1.71,58.7,4333507800.0,52.3,60.51,49.06
6128,2026-10-01,19.25,10.9,13.6,-2.686,-2.123,-0.563,32.3,7988538292.0,19.47,19.82,21.18
6129,2026-10-01,14.55,20.8,33.2,-2.043,-2.365,0.321,40.0,1925811960.0,14.74,16.54,16.81
6130,2026-10-01,22.55,13.5,19.0,-2.35,-0.745,-1.605,39.7,28933778.0,24.37,23.83,29.94
6133,2026-10-01,28.6,68.4,58.6,2.509,1.617,0.892,66.5,22498763107.0,26.8,23.9,22.46
6134,2026-10-01,29.55,42.0,49.6,1.739,1.678,0.062,53.5,514178777.0,29.13,30.67,29.36
6136,2026-10-01,25.1,45.6,47.0,1.337,1.31,0.027,72.9,3579708654.0,24.88,24.63,23.88
6138,2026-10-01,282.5,43.4,52.1,34.124,29.339,4.785,58.5,1890254834.0,283.5,299.78,261.6
6139,2026-10-01,790.0,65.6,70.0,150.786,131.184,19.602,70.1,-1647769966.0,759.48,770.06,656.79
6140,2026-10-01,20.25,30.7,21.0,-2.051,-0.836,-1.215,44.5,1631260237.0,19.15,18.84,21.03
6141,2026-10-01,51.5,80.3,73.6,8.915,4.657,4.259,67.5,4941851188.0,54.07,46.15,31.22
6142,2026-10-01,9.03,31.9,31.7,-0.339,-0.335,-0.004,45.8,30293934030.0,9.09,9.06,9.24
6143,2026-10-01,80.0,8.3,13.6,-3.428,1.129,-4.557,40.6,794796948.0,83.2,88.5,95.46
6144,2026-10-01,13.05,6.5,6.6,-4.567,-3.873,-0.694,40.0,1559238.0,13.05,13.58,15.87
6146,2026-10-01,181.0,52.4,60.3,3.075,0.989,2.086,51.4,458028143.0,183.17,189.28,178.5
6147,2026-10-01,214.5,59.2,59.0,38.633,25.358,13.274,63.7,9758685912.0,199.83,207.12,140.67
6148,2026-10-01,38.0,48.3,29.4,-0.057,0.877,-0.934,53.3,1368679679.0,34.7,31.72,33.38
6150,2026-10-01,65.7,36.5,29.7,-3.714,-4.296,0.582,49.1,1840776226.0,63.27,62.52,61.2
6151,2026-10-01,34.8,38.8,44.6,1.885,1.622,0.263,53.7,467622417.0,35.08,36.92,33.51
6152,2026-10-01,18.95,51.4,46.4,1.2,0.66,0.54,63.3,809910802.0,16.13,14.81,14.0
6153,2026-10-01,18.1,37.8,41.9,-0.214,-0.745,0.531,51.5,7070807807.0,18.02,17.91,17.1
6154,2026-10-01,14.15,79.0,62.6,-0.062,-0.188,0.126,55.1,103910593.0,14.13,13.75,13.37
6155,2026-10-01,69.1,46.5,53.7,10.895,8.554,2.341,62.3,4807638537.0,63.17,65.66,55.97
6156,2026-10-01,22.15,27.5,28.2,-0.391,-0.288,-0.102,49.5,779165665.0,21.77,22.14,21.34
6158,2026-10-01,17.8,18.7,16.1,-2.533,-2.304,-0.229,37.7,384798818.0,17.2,17.4,18.86
6160,2026-10-01,14.1,16.7,17.4,-2.299,-1.882,-0.417,37.1,579897879.0,14.33,15.15,15.98
6161,2026-10-01,49.15,47.0,43.8,1.562,0.978,0.585,53.3,661974414.0,50.07,50.53,46.02
6163,2026-10-01,42.55,27.7,39.6,5.987,6.747,-0.759,57.3,2224202327.0,41.88,44.11,48.12
6164,2026-10-01,13.25,39.8,45.0,-0.013,-0.237,0.224,54.8,1376154663.0,12.7,12.45,12.18
6165,2026-10-01,48.55,59.2,53.6,1.647,2.209,-0.562,51.9,718792134.0,49.78,48.99,47.88
6166,2026-10-01,131.5,61.2,58.4,16.203,9.495,6.708,68.5,79888402938.0,126.67,127.02,95.32
6167,2026-10-01,10.3,10.4,15.7,-0.868,-0.662,-0.206,39.0,654280321.0,10.37,10.88,11.53
6168,2026-10-01,43.85,70.1,61.7,4.142,1.702,2.44,71.1,-6215143719.0,39.18,32.98,27.19
6169,2026-10-01,12.0,5.9,8.1,-2.484,-1.815,-0.669,30.8,62583558.0,12.13,13.15,15.64
6170,2026-10-01,48.65,77.3,70.7,1.81,1.962,-0.152,58.3,1147736077.0,48.48,47.94,47.18
6171,2026-10-01,24.0,44.1,29.6,-1.41,-0.966,-0.445,44.2,144757603.0,24.44,23.17,24.31
6173,2026-10-01,293.5,72.5,71.9,58.025,34.788,23.237,69.2,4840990438.0,276.0,252.9,161.42
6174,2026-10-01,55.8,63.4,61.4,7.093,4.034,3.059,74.9,538630175.0,48.85,46.97,35.14
6175,2026-10-01,75.0,48.6,56.9,11.434,9.428,2.006,59.8,2793273737.0,72.97,83.57,66.99
6176,2026-10-01,91.8,6.2,9.8,-21.723,-13.444,-8.279,29.3,17810666404.0,91.4,104.82,123.75
6177,2026-10-01,45.15,47.9,43.4,2.63,2.977,-0.346,56.3,54106107272.0,46.23,44.19,44.64
6179,2026-10-01,35.75,56.4,42.0,0.884,-0.138,1.021,63.8,437072840.0,34.18,29.14,27.81
6180,2026-10-01,41.0,26.2,22.9,-5.875,-4.715,-1.16,36.6,839169652.0,41.2,42.29,44.79
6182,2026-10-01,131.0,60.8,63.3,22.673,11.746,10.927,74.4,16910655249.0,123.17,113.5,73.87
6183,2026-10-01,91.4,60.3,51.0,4.677,5.765,-1.088,64.6,241725769.0,91.4,89.57,90.2
6184,2026-10-01,40.0,11.7,13.6,-0.838,-0.016,-0.823,27.7,568531308.0,40.42,41.74,43.22
6185,2026-10-01,12.35,13.2,17.2,-0.591,-0.313,-0.277,38.6,328371086.0,12.6,13.18,13.72
6186,2026-10-01,28.65,4.5,8.9,-3.528,-1.289,-2.238,35.6,376757489.0,29.93,33.12,37.4
6187,2026-10-01,1470.0,83.3,76.4,273.079,187.684,85.395,78.3,2153300159.0,1375.0,1188.96,896.14
6188,2026-10-01,61.7,6.5,13.6,-4.691,0.48,-5.171,38.0,1802156309.0,63.67,69.48,82.46
6189,2026-10-01,49.7,53.3,46.7,-0.11,-0.121,0.011,52.4,4424112927.0,49.4,48.97,46.17
6190,2026-10-01,78.0,60.8,63.8,10.948,8.785,2.163,65.1,3545351013.0,73.0,75.41,62.62
6191,2026-10-01,86.7,21.9,24.9,5.344,9.753,-4.409,50.4,5725074031.0,84.8,89.08,97.17
6192,2026-10-01,110.5,36.4,51.1,6.633,7.519,-0.887,53.2,8402803398.0,112.17,116.58,113.8
6194,2026-10-01,31.75,29.2,23.4,-0.206,0.249,-0.455,50.5,293744264.0,30.47,30.75,31.52
6195,2026-10-01,28.1,74.7,58.7,-1.394,-2.099,0.705,49.2,144244731.0,28.22,26.97,25.51
6196,2026-10-01,655.0,85.3,81.3,109.565,76.314,33.251,80.9,3684398474.0,575.0,541.98,415.09
6197,2026-10-01,356.5,73.6,70.2,55.741,38.529,17.212,74.9,33973088922.0,328.33,318.02,236.19
6198,2026-10-01,19.45,8.5,6.9,-4.714,-4.134,-0.58,33.6,25345191.0,19.63,19.81,22.28
6199,2026-10-01,133.5,68.6,50.2,12.403,12.199,0.204,65.9,62755296.0,117.93,107.7,102.98
6201,2026-10-01,44.05,19.6,20.5,-1.618,-0.355,-1.262,36.1,84019757.0,44.4,44.94,47.63
6202,2026-10-01,60.3,50.5,52.9,1.652,-0.55,2.202,55.6,-870058384.0,58.93,58.69,52.89
6203,2026-10-01,60.0,20.0,22.6,-1.118,-0.568,-0.551,47.0,247901155.0,59.93,61.52,63.05
6204,2026-10-01,111.5,59.2,53.8,5.421,1.429,3.993,57.9,217508049.0,99.34,96.62,83.87
6205,2026-10-01,72.6,47.1,48.4,3.166,0.735,2.431,55.8,-373293545.0,71.67,70.14,62.87
6206,2026-10-01,137.5,69.4,62.5,13.761,10.586,3.175,68.5,65163696922.0,138.33,132.39,112.15
6207,2026-10-01,149.0,66.4,60.9,22.615,13.492,9.124,68.8,2008604926.0,135.17,126.18,89.68
6208,2026-10-01,80.1,60.5,61.3,8.251,4.858,3.393,61.6,1289850731.0,79.27,84.93,67.42
6209,2026-10-01,90.3,64.1,62.2,13.843,10.773,3.071,69.3,18099894265.0,83.83,79.3,69.75
6210,2026-10-01,18.0,29.9,38.6,-1.58,-1.796,0.216,36.1,342654909.0,17.97,18.85,19.55
6212,2026-10-01,32.0,31.5,21.6,-5.694,-5.496,-0.199,39.4,16663943.0,32.2,30.37,32.86
6213,2026-10-01,777.0,88.4,82.7,127.427,64.28,63.148,85.4,-17695047393.0,649.33,474.11,310.69
6214,2026-10-01,188.5,86.8,75.3,18.56,10.757,7.803,78.2,1385264226.0,186.67,162.24,136.53
6215,2026-10-01,98.0,30.6,31.2,7.897,12.541,-4.643,51.6,3536591168.0,97.9,101.5,104.07
6216,2026-10-01,19.9,8.0,9.2,-2.537,-1.817,-0.721,31.7,12358861718.0,20.17,20.7,22.85
6217,2026-10-01,181.5,44.7,53.9,40.386,33.705,6.68,59.6,2177552528.0,176.83,197.83,156.95
6218,2026-10-01,61.5,77.0,70.6,7.174,3.337,3.836,74.0,723770714.0,54.63,45.16,35.82
6219,2026-10-01,12.15,10.0,9.4,-4.392,-3.838,-0.555,33.6,291173216.0,12.15,12.31,14.52
6220,2026-10-01,26.25,20.1,33.5,1.31,1.421,-0.11,51.6,1559008919.0,25.8,27.93,28.18
6221,2026-10-01,31.35,49.7,27.0,-3.294,-3.179,-0.115,50.3,1236191563.0,28.0,24.51,26.06
6222,2026-10-01,19.9,34.3,37.4,-1.228,-1.179,-0.049,44.0,12112975.0,19.7,20.22,20.06
6223,2026-10-01,5495.0,62.6,70.9,1276.578,1048.926,227.652,80.4,1966690407.0,5250.0,5506.49,4289.66
6224,2026-10-01,79.9,64.0,58.5,6.246,2.384,3.863,58.6,723138791.0,79.03,76.87,61.59
6225,2026-10-01,68.8,66.8,59.8,9.928,4.412,5.516,89.7,52776461.0,63.23,42.76,30.67
6226,2026-10-01,42.1,79.7,74.9,6.648,2.762,3.886,83.0,1897810901.0,39.6,28.91,19.25
6227,2026-10-01,143.0,72.4,60.4,16.631,12.791,3.84,74.7,866955248.0,128.67,123.58,102.96
6228,2026-10-01,18.0,11.8,8.8,-4.079,-2.873,-1.206,39.6,34120436.0,18.03,18.57,21.61
6229,2026-10-01,24.05,41.8,42.4,-0.881,-1.138,0.256,47.9,489599277.0,24.07,24.47,23.32
6230,2026-10-01,113.0,16.8,23.3,-15.461,-13.72,-1.741,41.8,1026480885.0,111.33,117.17,125.83
6231,2026-10-01,236.0,32.3,33.6,-2.563,1.653,-4.216,49.1,1173454697.0,229.33,241.32,233.36
6233,2026-10-01,23.95,42.5,45.7,-0.823,-1.036,0.213,49.8,1730858742.0,22.73,22.86,23.46
6234,2026-10-01,38.5,42.8,48.7,3.996,3.207,0.789,56.3,432535697.0,37.93,40.56,35.71
6235,2026-10-01,38.15,15.1,16.3,-7.9,-6.675,-1.225,37.4,23739346088.0,38.73,39.66,46.66
6236,2026-10-01,16.9,20.9,21.0,-2.664,-1.727,-0.937,38.2,-4231489.0,17.62,18.15,20.87
6237,2026-10-01,36.0,23.2,26.4,-3.22,-3.057,-0.163,44.1,2520226041.0,35.72,39.12,39.19
6239,2026-10-01,301.5,60.0,63.1,46.542,37.655,8.887,61.6,1573376992937.0,289.33,301.03,251.2
6240,2026-10-01,26.0,65.4,48.8,0.584,-0.27,0.854,65.6,11124996.0,25.62,21.73,20.22
6241,2026-10-01,16.25,38.7,40.6,-0.848,-1.063,0.215,45.8,74649136.0,16.53,17.74,16.91
6242,2026-10-01,33.85,13.5,19.8,-1.695,-1.44,-0.255,36.3,19299315.0,34.0,34.82,35.65
6243,2026-10-01,40.05,48.8,51.1,-1.01,-2.141,1.131,50.2,664824492.0,39.82,40.63,36.7
6244,2026-10-01,23.25,31.1,41.0,0.369,0.048,0.32,49.0,1043515387.0,24.12,25.28,24.93
6245,2026-10-01,89.3,77.3,62.3,1.029,-0.869,1.899,58.0,1665099710.0,85.03,81.47,73.94
6246,2026-10-01,12.7,19.8,25.3,-0.594,-0.327,-0.267,44.8,51764127.0,12.58,13.59,14.05
6248,2026-10-01,17.15,23.8,24.9,-1.486,-1.226,-0.261,38.0,143960822.0,17.12,16.95,18.1
6257,2026-10-01,274.5,84.4,81.4,46.59,33.396,13.194,80.9,27981304765.0,245.67,230.13,182.91
6259,2026-10-01,33.25,59.0,57.7,3.596,1.936,1.66,71.4,30292650.0,31.3,30.95,24.28
6261,2026-10-01,78.3,31.8,44.7,6.736,6.248,0.488,54.4,1321047722.0,78.47,86.08,78.48
6263,2026-10-01,166.5,64.4,57.6,9.325,6.728,2.597,61.3,257343300.0,163.0,161.39,142.1
6264,2026-10-01,6.05,18.5,16.4,-0.825,-0.754,-0.071,37.3,32981094.0,6.05,6.07,6.44
6265,2026-10-01,49.05,57.8,65.3,10.477,8.5,1.977,63.4,1540010147.0,51.7,51.02,43.23
6266,2026-10-01,27.05,41.7,29.9,0.005,0.358,-0.352,54.9,818317381.0,25.63,25.35,26.09
6269,2026-10-01,65.5,45.1,47.7,-2.232,-3.742,1.51,49.3,1304844798.0,68.8,64.92,62.62
6270,2026-10-01,30.65,42.7,48.0,2.199,1.508,0.692,58.8,630312890.0,30.1,30.49,27.15
6271,2026-10-01,241.0,60.3,62.3,25.851,15.452,10.4,61.8,4679159890.0,226.5,225.07,185.82
6272,2026-10-01,25.3,12.3,12.8,-2.027,0.986,-3.013,40.1,89184889.0,25.68,27.37,33.02
6274,2026-10-01,1735.0,77.9,78.3,367.705,260.153,107.553,75.5,7573584288.0,1563.33,1528.33,1059.23
6275,2026-10-01,47.45,38.7,40.0,1.698,1.899,-0.201,54.0,1723067545.0,46.97,46.15,46.9
6276,2026-10-01,19.75,6.1,8.2,-6.989,-4.997,-1.992,34.3,223585989.0,19.72,21.6,28.67
6277,2026-10-01,77.1,66.9,65.8,2.933,0.911,2.022,60.8,5811891031.0,77.4,75.98,69.01
6278,2026-10-01,223.0,72.6,64.0,29.472,18.2,11.272,67.7,5165843433.0,213.5,200.4,153.03
6279,2026-10-01,116.5,55.3,44.3,-4.003,-3.725,-0.278,47.9,1124815006.0,116.35,114.94,113.6
6281,2026-10-01,50.5,20.5,17.4,-5.177,-4.373,-0.805,18.1,3137977263.0,50.93,51.13,54.1
6282,2026-10-01,44.05,29.3,41.0,3.698,3.616,0.082,53.3,13557251661.0,44.22,48.41,46.78
6283,2026-10-01,19.0,19.0,23.3,-2.298,-2.067,-0.231,39.7,551266562.0,19.43,20.98,21.99
6284,2026-10-01,78.9,27.0,37.3,3.095,4.216,-1.121,50.5,2480979003.0,77.37,86.59,83.34
6285,2026-10-01,267.5,63.7,63.9,37.189,27.775,9.414,64.5,505205478260.0,249.17,256.4,206.79
6290,2026-10-01,280.5,59.0,63.4,52.17,45.177,6.993,63.4,3212682546.0,271.33,276.88,237.87
6291,2026-10-01,487.5,57.8,63.4,96.618,74.372,22.246,62.2,308449720.0,464.17,495.08,382.85
6292,2026-10-01,72.9,78.2,63.2,4.701,1.809,2.893,66.3,242636163.0,67.23,64.29,52.84
6294,2026-10-01,28.0,10.8,8.4,-10.359,-10.282,-0.077,28.4,53586283.0,28.33,27.79,33.69
6405,2026-10-01,41.45,34.1,45.6,5.413,4.732,0.681,52.2,-11167331166.0,43.52,51.16,42.23
6409,2026-10-01,897.0,39.9,35.4,-136.299,-146.921,10.622,43.6,12326602153.0,946.33,920.65,894.23
6411,2026-10-01,79.1,28.3,36.0,-1.365,-2.128,0.763,48.5,2277986759.0,78.83,85.59,81.5
6412,2026-10-01,75.8,24.0,30.0,-6.938,-5.233,-1.705,42.7,11840944971.0,76.53,83.23,82.81
6414,2026-10-01,410.0,59.1,60.9,35.29,23.837,11.452,71.7,24837396154.0,397.17,385.58,333.07
6415,2026-10-01,436.0,50.0,53.6,12.022,-6.569,18.592,53.3,734904236.0,419.17,478.08,377.22
6416,2026-10-01,121.0,73.8,58.1,1.516,-2.811,4.327,62.3,517819909.0,112.5,98.16,89.39
6417,2026-10-01,103.0,23.0,39.7,3.586,4.276,-0.69,49.2,136054839.0,103.67,114.89,110.31
6418,2026-10-01,33.95,38.1,29.1,2.665,3.507,-0.842,53.1,226625356.0,34.32,32.04,34.19
6419,2026-10-01,167.5,71.0,66.1,22.967,14.866,8.101,69.6,37013064.0,159.33,147.58,117.81
6423,2026-10-01,90.5,32.0,32.4,-1.656,-1.988,0.333,51.1,77813378.0,85.83,84.48,86.92
6425,2026-10-01,76.7,43.2,44.0,5.727,6.136,-0.409,54.7,566013242.0,74.5,73.24,73.38
6426,2026-10-01,360.0,75.7,72.0,59.21,36.134,23.076,71.9,658829820.0,321.84,262.4,201.72
6431,2026-10-01,16.9,17.1,24.7,-0.142,0.289,-0.431,45.2,123386862.0,18.2,17.98,21.04
6432,2026-10-01,66.8,67.0,68.5,10.192,6.662,3.53,70.4,327559210.0,64.3,68.96,51.3
6435,2026-10-01,269.5,52.4,61.0,45.74,32.728,13.011,65.5,450449443.0,255.17,271.14,204.31
6438,2026-10-01,166.0,53.0,49.4,5.758,7.711,-1.953,54.2,1058410527.0,159.5,157.11,153.34
6441,2026-10-01,24.0,36.1,31.2,-4.565,-5.385,0.819,44.0,576476214.0,23.32,22.66,22.91
6442,2026-10-01,1685.0,43.3,50.7,325.275,342.079,-16.805,60.2,1079306187.0,1601.67,1569.19,1651.28
6443,2026-10-01,28.0,28.9,40.2,1.683,1.588,0.094,50.5,6291312966.0,27.58,30.44,32.02
6446,2026-10-01,1205.0,69.0,72.0,212.438,139.804,72.635,67.3,551557490.0,1271.67,1153.19,857.33
6449,2026-10-01,241.5,31.9,40.5,36.257,34.289,1.968,56.3,745631138.0,227.67,271.6,218.61
6451,2026-10-01,432.0,50.8,56.5,76.727,57.617,19.111,60.9,1398722574.0,436.17,464.49,351.27
6456,2026-10-01,99.6,77.0,62.2,6.317,0.856,5.461,66.7,2109724298.0,87.73,77.35,63.72
6461,2026-10-01,27.95,18.2,20.7,-3.539,-3.671,0.133,45.1,397370832.0,26.38,25.61,27.92
6462,2026-10-01,103.5,23.1,26.7,-12.619,-11.229,-1.39,43.1,706995017.0,103.13,107.6,112.49
6464,2026-10-01,77.2,70.7,69.8,1.481,0.878,0.603,59.5,-13227687.0,77.17,76.39,74.63
6465,2026-10-01,41.55,39.9,53.3,6.266,4.995,1.271,56.2,48276381.0,43.92,48.19,42.22
6469,2026-10-01,62.8,5.1,7.3,-23.591,-22.292,-1.299,25.1,286784563.0,65.13,68.37,76.96
6470,2026-10-01,42.6,32.7,42.5,-0.966,-0.907,-0.059,46.5,-768380129.0,42.27,43.47,44.42
6472,2026-10-01,424.0,30.6,25.1,-36.236,-17.544,-18.692,44.6,500767919.0,427.0,401.92,443.72
6474,2026-10-01,35.65,48.0,41.9,1.479,1.724,-0.245,56.3,4711708.0,35.95,35.43,34.68
6477,2026-10-01,33.8,33.8,33.9,-0.488,-0.732,0.243,47.5,1705733837.0,35.28,34.71,34.48
6482,2026-10-01,23.5,3.9,4.1,-3.577,-1.785,-1.792,30.2,-9690903.0,23.95,25.06,28.68
6485,2026-10-01,77.6,31.5,34.7,1.283,1.314,-0.031,51.0,674247352.0,72.3,76.81,80.75
6486,2026-10-01,77.0,39.2,48.4,3.037,3.075,-0.038,57.1,290232134.0,78.47,76.88,76.53
6488,2026-10-01,1175.0,59.7,61.9,160.891,87.504,73.387,74.4,3059039975.0,1040.67,998.2,725.95
6491,2026-10-01,397.0,77.9,64.3,6.173,-8.517,14.689,59.5,311918222.0,403.17,362.31,322.16
6492,2026-10-01,34.3,9.9,20.9,-3.442,-2.877,-0.565,39.9,-91114630.0,34.38,38.32,43.84
6494,2026-10-01,54.5,53.3,57.2,0.539,-1.716,2.255,53.6,394755153.0,53.37,55.35,48.64
6496,2026-10-01,24.3,25.2,27.9,-1.308,-1.004,-0.305,41.4,14497884.0,24.08,24.17,25.87
6498,2026-10-01,69.5,14.8,19.3,-1.571,2.95,-4.521,44.0,44430992.0,70.23,78.71,81.62
6499,2026-10-01,78.6,22.9,20.1,3.329,6.625,-3.296,51.2,15994560.0,77.93,74.4,83.41
6504,2026-10-01,37.8,21.4,15.3,-7.706,-8.274,0.568,31.4,670666299.0,37.05,36.8,38.63
6505,2026-10-01,98.0,77.0,68.0,7.699,1.114,6.585,77.8,-101873485437.0,89.6,74.16,63.11
6506,2026-10-01,18.6,66.2,63.9,0.773,0.39,0.383,64.5,331744868.0,18.37,17.82,16.49
6508,2026-10-01,26.1,45.5,37.2,-0.676,-1.095,0.419,49.8,734701790.0,26.32,25.23,24.73
6509,2026-10-01,49.65,67.4,68.3,3.497,1.927,1.57,63.2,3213950809.0,48.23,47.28,41.87
6510,2026-10-01,3090.0,44.4,53.0,600.875,583.494,17.381,64.3,215223072.0,3000.0,2939.48,2943.46
6512,2026-10-01,20.2,45.7,34.5,-0.451,-0.438,-0.013,46.6,36673792.0,20.35,19.99,20.09
6515,2026-10-01,6210.0,44.1,57.2,1509.762,1418.823,90.939,60.8,347744593.0,6141.67,6811.17,6071.29
6516,2026-10-01,56.7,29.7,25.4,-2.612,-2.211,-0.401,41.7,27083709.0,57.03,56.5,57.99
6517,2026-10-01,66.8,41.1,35.5,-0.609,-0.899,0.29,50.8,161338112.0,67.07,65.44,62.86
6523,2026-10-01,89.0,7.7,11.0,-6.982,-3.984,-2.998,33.8,91333713.0,88.58,90.39,99.65
6525,2026-10-01,142.5,50.8,58.1,19.819,13.325,6.493,71.1,183407387.0,139.17,134.89,106.14
6526,2026-10-01,855.0,74.2,59.6,51.757,16.834,34.923,66.8,183658576.0,767.33,687.47,577.95
6527,2026-10-01,74.3,59.3,44.7,-0.632,-0.301,-0.331,51.5,37093880.0,74.6,71.42,71.1
6530,2026-10-01,98.3,50.9,51.8,12.696,10.847,1.849,60.0,1522591248.0,96.97,91.89,83.68
6531,2026-10-01,1050.0,65.0,66.1,172.549,119.606,52.943,66.8,2355124607.0,968.0,958.48,729.69
6532,2026-10-01,109.5,71.8,61.8,11.636,6.781,4.855,65.1,481243895.0,107.77,95.68,79.38
6533,2026-10-01,330.5,67.7,48.2,-24.069,-38.293,14.224,54.7,1037078790.0,306.13,259.4,244.78
6534,2026-10-01,93.5,59.8,53.3,4.718,4.974,-0.255,56.8,36908551.0,91.7,92.23,87.93
6535,2026-10-01,85.0,6.8,8.6,-23.906,-9.141,-14.765,39.4,186567610.0,80.67,91.92,133.92
6538,2026-10-01,302.0,68.6,64.7,37.833,10.11,27.722,74.8,670306986.0,287.83,209.1,138.95
6541,2026-10-01,31.0,5.0,6.1,-10.175,-9.595,-0.58,31.1,-120108494.0,32.03,35.42,41.9
6542,2026-10-01,39.5,13.8,24.9,-2.974,-1.818,-1.155,36.8,10698806.0,41.5,43.98,47.16
6546,2026-10-01,60.8,26.3,28.1,-10.795,-10.255,-0.54,43.0,576700770.0,61.03,64.51,63.76
6547,2026-10-01,61.9,66.5,57.5,0.14,-3.565,3.705,57.1,771476791.0,62.73,54.11,48.68
6548,2026-10-01,76.8,55.8,59.4,10.766,7.766,3.0,67.8,4126809693.0,73.47,72.86,60.4
6550,2026-10-01,16.2,2.1,5.1,-24.996,-23.705,-1.291,22.4,-145230304.0,18.22,21.27,36.77
6552,2026-10-01,25.0,21.5,29.8,-2.827,-2.891,0.064,42.1,90409109.0,24.9,27.26,27.69
6556,2026-10-01,60.9,40.6,41.2,-3.857,-3.462,-0.396,42.8,178057.0,61.17,64.0,64.68
6558,2026-10-01,25.3,13.3,12.0,-3.091,-0.96,-2.131,40.9,2658649116.0,24.98,26.69,30.18
6560,2026-10-01,33.05,18.2,22.0,-0.676,0.416,-1.093,45.2,99954081.0,32.08,34.28,37.47
6561,2026-10-01,314.0,16.1,21.3,-12.089,-3.404,-8.684,43.5,74019599.0,314.0,324.7,334.69
6568,2026-10-01,137.5,24.2,37.8,5.257,6.966,-1.708,48.3,48136887.0,136.33,154.92,158.79
6569,2026-10-01,91.7,11.6,14.3,-9.979,-8.268,-1.711,41.2,44458600.0,91.8,96.04,98.47
6570,2026-10-01,47.55,43.4,42.2,0.911,-0.043,0.954,52.2,83647549.0,48.5,51.0,44.54
6573,2026-10-01,16.25,34.0,44.0,0.765,0.381,0.384,52.6,207350152.0,16.7,17.44,16.15
6574,2026-10-01,120.0,62.2,59.7,17.449,13.862,3.587,72.3,7852956.0,120.0,116.78,98.94
6576,2026-10-01,78.5,34.4,39.6,-0.936,-1.542,0.607,48.0,51404314.0,79.73,79.37,79.88
6577,2026-10-01,80.5,51.6,52.3,3.158,2.778,0.38,59.5,51114092.0,80.4,78.07,73.29
6578,2026-10-01,16.35,34.4,32.1,-0.846,-0.555,-0.291,43.1,330887906.0,16.95,16.75,17.59
6579,2026-10-01,159.0,62.4,56.9,10.04,6.321,3.719,59.9,27887999.0,154.83,157.02,135.11
6581,2026-10-01,108.0,58.9,63.0,4.258,4.765,-0.508,61.5,29883632.0,108.33,108.17,106.4
6582,2026-10-01,31.0,21.8,24.3,-5.701,-6.634,0.933,35.6,208797645.0,31.53,31.73,32.27
6584,2026-10-01,542.0,53.0,61.5,115.277,105.937,9.34,58.8,271017840.0,569.51,600.75,521.09
6585,2026-10-01,104.5,44.8,44.0,-2.033,-3.055,1.022,49.1,253387195.0,107.0,109.8,98.35
6588,2026-10-01,113.0,52.9,57.4,20.033,15.947,4.086,65.8,332832160.0,110.5,103.55,95.17
6589,2026-10-01,50.9,33.7,23.9,-9.25,-9.459,0.208,40.7,242374361.0,50.82,48.23,54.03
6590,2026-10-01,64.3,41.4,37.1,1.897,1.883,0.014,59.8,36827871.0,61.95,59.34,60.34
6591,2026-10-01,43.6,9.0,12.8,-1.949,1.292,-3.241,41.9,295807528.0,43.05,45.99,54.29
6592,2026-10-01,55.3,45.1,46.1,-4.901,-5.597,0.697,37.7,-81880097.0,57.47,58.05,57.27
6593,2026-10-01,31.8,6.4,6.5,-11.097,-11.047,-0.05,37.5,95809496.0,32.3,32.93,35.29
6596,2026-10-01,96.3,19.4,19.5,5.71,10.803,-5.093,51.0,91633302.0,96.63,94.45,104.93
6597,2026-10-01,64.9,50.3,47.4,-0.35,0.629,-0.979,48.6,3443948.0,69.83,68.07,64.25
6598,2026-10-01,26.65,59.9,63.4,0.696,-0.152,0.848,53.7,-30899944.0,27.53,26.72,24.82
6603,2026-10-01,28.45,54.6,48.7,2.782,2.185,0.597,65.0,743120319.0,27.41,25.94,24.95
6605,2026-10-01,136.0,47.6,36.5,-5.32,-3.913,-1.407,46.8,858684365.0,137.33,135.72,133.55
6606,2026-10-01,24.4,45.1,47.1,0.574,0.615,-0.041,52.2,103917147.0,24.97,25.11,24.5
6609,2026-10-01,38.9,35.8,35.3,-2.456,-1.875,-0.581,45.8,698809067.0,39.48,40.09,39.48
6613,2026-10-01,286.0,55.1,60.2,37.199,30.601,6.598,61.7,157918944.0,279.5,288.85,242.33
6616,2026-10-01,8.45,17.4,22.5,-1.075,-1.063,-0.012,33.6,29371139.0,8.26,8.7,9.38
6620,2026-10-01,143.0,63.7,45.5,4.941,-1.566,6.507,64.3,47954046.0,125.63,104.75,94.19
6624,2026-10-01,39.5,12.7,24.2,0.58,2.023,-1.443,46.8,495187.0,39.8,39.57,49.36
6625,2026-10-01,73.3,33.9,33.9,1.102,2.145,-1.044,49.3,132467264.0,74.63,75.12,75.53
6629,2026-10-01,104.0,23.4,29.9,5.859,8.399,-2.54,52.3,14926263.0,105.33,106.28,110.72
6637,2026-10-01,53.4,3.4,7.0,-4.702,-2.034,-2.668,36.9,5258207.0,54.43,56.78,63.52
6640,2026-10-01,1145.0,41.6,48.8,178.599,169.325,9.274,59.8,123236560.0,1108.33,1086.61,1002.95
6641,2026-10-01,17.05,6.9,7.4,-4.275,-4.752,0.477,26.2,1575622.0,17.15,17.41,18.41
6642,2026-10-01,82.2,60.2,57.8,7.032,4.512,2.52,64.5,55241862.0,81.5,81.3,67.27
6643,2026-10-01,511.0,36.7,34.8,-48.134,-57.122,8.988,48.1,364200127.0,492.5,487.17,473.36
6645,2026-10-01,12.75,17.3,16.3,-4.003,-3.919,-0.083,35.7,24931550.0,12.63,13.2,14.81
6649,2026-10-01,37.15,14.1,14.4,-0.084,1.548,-1.632,46.7,47968870.0,36.18,36.99,40.83
6651,2026-10-01,153.5,71.2,68.8,19.587,13.043,6.544,66.6,139473596.0,149.33,144.92,115.51
6654,2026-10-01,221.0,77.7,74.2,37.315,23.923,13.391,79.6,29385882.0,210.33,186.5,137.92
6655,2026-10-01,125.5,57.5,60.9,3.885,4.037,-0.153,57.4,19526577.0,122.17,121.84,120.78
6657,2026-10-01,33.2,13.6,11.6,-6.618,-4.949,-1.67,37.4,44982106.0,31.93,33.52,39.26
6658,2026-10-01,207.0,66.4,62.6,35.271,23.728,11.543,66.6,321003474.0,186.33,191.93,132.47
6661,2026-10-01,16.95,24.4,22.2,-1.629,-1.472,-0.157,37.9,-2182888.0,16.75,17.03,17.82
6662,2026-10-01,28.6,49.9,45.2,-0.324,-0.185,-0.139,47.0,4097331.0,28.9,28.63,28.68
6664,2026-10-01,384.0,57.2,61.3,50.521,45.896,4.625,63.2,214162199.0,369.17,375.15,341.38
6666,2026-10-01,44.8,70.2,50.4,-2.668,-3.791,1.123,47.9,57713899.0,44.92,42.91,41.94
6667,2026-10-01,261.5,50.8,48.5,24.539,28.732,-4.193,58.3,723629798.0,247.0,251.78,248.03
6668,2026-10-01,50.3,61.4,45.9,-1.048,-2.428,1.38,57.2,376226082.0,47.12,42.57,39.38
6669,2026-10-01,2275.0,70.6,73.1,376.427,285.203,91.224,68.7,3207956413.0,2247.88,1979.78,1657.96
6670,2026-10-01,272.5,68.3,60.0,8.829,8.822,0.007,58.1,304560578.0,277.33,264.74,253.59
6671,2026-10-01,23.3,8.5,8.8,-3.455,-2.276,-1.18,23.6,1502265.0,23.0,23.46,27.99
6672,2026-10-01,447.0,87.6,80.7,70.618,38.888,31.73,79.8,1322893984.0,363.67,301.92,209.94
6674,2026-10-01,18.3,38.4,25.2,-2.045,-1.916,-0.129,42.0,52454659.0,17.45,17.2,18.42
6679,2026-10-01,202.5,28.4,38.9,-16.173,-17.225,1.052,43.2,360959392.0,203.0,232.0,222.24
6680,2026-10-01,51.5,19.3,18.3,-5.207,-3.613,-1.594,41.0,9850420.0,51.8,51.69,55.89
6684,2026-10-01,49.05,31.3,30.8,-4.348,-4.75,0.402,46.1,563616622.0,48.6,49.27,48.92
6689,2026-10-01,63.2,27.7,25.4,-10.71,-12.408,1.698,40.9,34732484.0,63.27,61.78,62.84
6690,2026-10-01,177.0,46.3,40.3,1.734,1.06,0.674,57.6,69752686.0,172.83,167.19,162.53
6691,2026-10-01,772.0,82.2,77.2,115.066,95.905,19.162,73.2,434265149.0,702.0,653.06,584.69
6692,2026-10-01,23.25,17.6,19.3,-2.57,-1.488,-1.082,36.0,19983168.0,23.8,24.49,27.63
6693,2026-10-01,211.5,64.3,66.0,34.013,21.042,12.972,68.9,220622160.0,199.83,188.6,142.32
6695,2026-10-01,52.8,48.2,45.7,-0.509,-1.413,0.904,50.9,879445077.0,52.13,54.0,48.66
6698,2026-10-01,31.35,25.8,34.2,-0.432,-0.494,0.062,47.5,235991632.0,32.23,34.66,32.95
6706,2026-10-01,153.5,45.7,50.3,13.275,9.741,3.534,55.7,1211572344.0,142.17,146.42,135.24
6712,2026-10-01,159.5,54.5,46.3,2.208,0.522,1.686,55.1,-85458219.0,159.5,152.75,147.24
6715,2026-10-01,472.0,68.7,65.0,76.631,48.743,27.888,73.7,299668458.0,410.83,401.87,301.15
6716,2026-10-01,142.5,76.6,65.5,11.017,2.255,8.763,64.3,37401948.0,126.83,109.38,87.22
6719,2026-10-01,189.5,28.0,35.2,-16.233,-21.815,5.582,43.6,-193593632.0,188.0,211.52,196.67
6720,2026-10-01,124.5,24.5,38.2,3.847,8.898,-5.051,46.0,34480372.0,128.17,134.33,141.6
6721,2026-10-01,50.0,12.6,23.3,0.606,1.846,-1.24,41.3,2163773.0,50.67,52.47,54.81
6722,2026-10-01,33.1,9.6,11.7,-4.181,-2.657,-1.524,43.0,-3371495.0,32.77,33.69,39.09
6725,2026-10-01,223.0,19.9,32.8,25.277,35.851,-10.574,50.7,33288795.0,221.0,261.1,264.41
6727,2026-10-01,540.0,64.3,63.6,110.107,80.556,29.551,67.6,97181773.0,516.33,476.43,354.28
6730,2026-10-01,31.85,11.6,16.0,-1.11,-0.197,-0.913,41.3,-825627.0,32.28,33.65,35.14
6732,2026-10-01,152.5,16.8,18.0,-28.389,-31.509,3.12,39.2,28244634.0,151.83,158.58,161.05
6733,2026-10-01,24.6,11.8,16.6,-2.575,-1.274,-1.3,39.0,90514340.0,25.45,25.67,30.55
6735,2026-10-01,66.3,21.7,29.4,3.687,4.311,-0.624,49.8,26747232.0,65.8,75.34,72.38
6739,2026-10-01,1135.0,43.6,50.8,240.15,232.806,7.345,63.2,171003646.0,1150.0,1088.57,1036.07
6741,2026-10-01,54.7,16.4,17.1,-9.806,-10.017,0.211,46.0,74021297.0,56.87,57.74,61.15
6742,2026-10-01,61.6,46.8,38.7,-2.878,-4.803,1.925,54.8,511510101.0,53.93,55.12,48.94
6743,2026-10-01,36.1,80.4,62.5,-2.851,-4.49,1.639,55.3,-93323196.0,31.85,29.36,26.98
6751,2026-10-01,44.45,20.7,22.4,-2.859,-2.851,-0.008,45.2,16486158.0,43.9,43.38,47.86
6756,2026-10-01,99.4,60.3,52.3,-16.504,-23.352,6.848,44.5,19847195.0,99.53,98.17,88.2
6761,2026-10-01,169.0,45.9,53.9,23.117,22.891,0.226,56.7,86864403.0,174.33,177.25,165.3
6762,2026-10-01,156.0,44.7,39.8,-10.691,-7.756,-2.935,39.9,-2901817.0,159.0,163.02,161.87
6776,2026-10-01,52.4,27.1,33.9,1.266,1.735,-0.47,51.2,71777512.0,52.77,53.71,53.8
6781,2026-10-01,1035.0,35.5,35.7,52.333,81.311,-28.978,50.5,230433671.0,1060.0,1066.27,1120.02
6788,2026-10-01,372.0,41.9,51.8,50.834,50.413,0.421,59.0,267897799.0,360.67,373.93,352.94
6791,2026-10-01,101.0,18.5,22.5,1.256,3.864,-2.608,48.8,-9283225.0,100.17,103.58,104.51
6807,2026-10-01,32.05,8.7,9.8,-4.285,-2.189,-2.096,34.0,42561162.0,32.38,33.13,37.29
6821,2026-10-01,45.4,29.1,36.7,2.258,2.448,-0.191,51.0,14778109.0,43.25,50.57,46.47
6834,2026-10-01,123.5,69.8,63.9,19.386,10.407,8.979,74.0,372019133.0,106.47,98.83,64.97
6843,2026-10-01,38.3,9.8,12.8,-2.561,-1.096,-1.465,34.6,-2721303.0,38.63,39.01,43.41
6844,2026-10-01,56.5,10.8,10.9,-19.125,-20.049,0.923,20.8,-2408470.0,58.1,59.48,61.94
6846,2026-10-01,58.5,17.2,18.5,-2.708,-1.439,-1.269,40.7,626281.0,58.23,60.89,64.47
6874,2026-10-01,69.7,53.5,51.9,-1.542,-2.261,0.719,48.0,46650321.0,70.63,70.14,67.9
6913,2026-10-01,130.0,51.6,51.4,8.645,8.747,-0.103,53.1,87436981.0,141.5,133.82,125.27
6914,2026-10-01,119.0,54.2,51.3,3.991,4.009,-0.018,60.3,4556095.0,120.0,117.02,115.87
6916,2026-10-01,19.4,31.5,29.5,-1.621,-1.983,0.362,40.2,-51216441.0,18.8,18.77,18.51
6918,2026-10-01,73.8,33.1,24.5,0.72,2.878,-2.158,46.0,-3403125.0,75.1,73.75,76.21
6919,2026-10-01,78.6,11.3,18.5,3.527,13.868,-10.341,45.1,654722531.0,84.13,92.62,115.67
6925,2026-10-01,68.6,33.9,20.5,-2.963,1.182,-4.146,47.9,-10593989.0,64.0,59.68,69.27
6928,2026-10-01,45.7,23.3,25.1,-4.964,-4.776,-0.188,40.8,-91158914.0,46.5,48.17,48.93
6936,2026-10-01,32.0,20.3,16.2,-0.467,-0.176,-0.292,45.0,-9221977.0,32.12,32.06,32.86
6937,2026-10-01,302.5,59.4,54.8,16.859,11.73,5.129,57.4,143226484.0,297.5,285.75,264.6
6945,2026-10-01,129.0,27.7,32.3,14.862,18.515,-3.653,52.5,30308837.0,125.27,114.92,143.12
6947,2026-10-01,69.3,18.4,32.1,-0.306,1.202,-1.508,37.5,48952220.0,69.33,74.63,76.65
6957,2026-10-01,402.5,77.9,61.4,25.518,0.236,25.282,71.7,7566966.0,331.0,258.75,217.15
6958,2026-10-01,16.65,52.4,49.4,-4.291,-5.57,1.279,22.8,-23407885.0,17.12,16.89,16.55
6961,2026-10-01,46.9,8.9,15.7,-7.956,-7.141,-0.815,25.1,-4239505.0,48.6,51.2,55.22
6962,2026-10-01,34.05,36.4,30.7,-4.391,-4.029,-0.362,39.2,-62340506.0,32.68,33.89,34.86
6967,2026-10-01,72.0,46.7,51.6,4.302,3.031,1.271,46.7,3726599.0,71.73,71.22,68.36
6968,2026-10-01,41.3,13.7,11.3,-6.604,-6.299,-0.305,22.0,-1295428.0,41.57,41.19,44.48
6971,2026-10-01,23.95,7.3,6.6,-5.862,-5.567,-0.295,24.3,-3324601.0,24.01,24.75,26.63
6983,2026-10-01,371.5,54.2,58.0,69.678,57.557,12.121,66.8,5340936.0,355.83,350.83,302.8
6986,2026-10-01,44.0,17.3,21.1,-6.183,-4.136,-2.047,33.0,-3631174.0,43.65,47.53,53.13
6988,2026-10-01,11.7,8.3,14.2,-2.662,-2.307,-0.355,33.6,-2115602.0,11.63,12.71,14.14
6994,2026-10-01,31.15,4.8,6.2,-17.539,-10.401,-7.139,31.8,-121931819.0,30.98,40.43,61.68
6996,2026-10-01,167.5,47.4,57.5,-8.424,-13.205,4.782,50.8,-6126702.0,171.5,179.0,167.06
6997,2026-10-01,66.5,16.5,14.4,-12.762,-11.642,-1.12,38.3,-2495145.0,67.17,66.95,74.49
7402,2026-10-01,100.0,25.8,32.0,5.271,9.185,-3.914,48.9,326964903.0,103.5,104.39,116.1
7547,2026-10-01,63.4,30.6,23.1,-0.723,1.525,-2.248,50.4,9339741.0,59.63,56.19,59.66
7556,2026-10-01,310.0,72.4,63.4,40.23,30.302,9.927,70.5,30539944.0,274.33,259.39,219.45
7584,2026-10-01,28.85,29.6,20.4,-10.177,-9.44,-0.736,38.0,-7775054.0,27.85,26.84,31.0
7631,2026-10-01,141.5,50.7,50.5,9.894,8.137,1.757,53.7,6150212.0,141.72,140.25,130.23
7689,2026-10-01,163.0,18.1,33.0,1.75,5.272,-3.522,48.5,-3093494.0,165.67,191.81,190.82
7704,2026-10-01,59.6,57.3,52.9,-3.069,-5.36,2.29,46.7,3976967.0,61.2,59.77,53.58
7705,2026-10-01,29.85,10.9,8.9,-9.712,-10.146,0.434,14.5,-23279829.0,29.93,29.96,32.94
7708,2026-10-01,92.4,67.2,53.0,-0.971,-1.977,1.006,38.5,-1406962.0,92.2,90.39,89.6
7709,2026-10-01,86.6,44.7,50.0,9.549,6.363,3.186,62.7,-2297251.0,81.1,84.5,70.79
7713,2026-10-01,72.2,72.2,62.8,2.862,2.308,0.555,63.8,-225113.0,73.33,71.4,69.61
7714,2026-10-01,169.0,51.2,47.4,13.564,9.246,4.318,59.4,16339469.0,170.0,151.93,146.57
7716,2026-10-01,24.45,47.0,36.4,-0.961,-0.838,-0.123,52.9,-1025594.0,24.18,24.08,23.99
7717,2026-10-01,651.0,46.4,50.1,85.185,75.095,10.09,79.1,46415357.0,560.67,526.92,540.82
7718,2026-10-01,45.95,41.9,43.4,0.386,0.2,0.186,42.7,-2345744.0,46.3,46.57,44.97
7722,2026-10-01,263.5,10.8,10.9,-97.232,-80.827,-16.405,30.8,-24125364.0,269.17,272.41,341.71
7723,2026-10-01,19.25,4.6,4.5,-19.632,-21.304,1.672,12.4,-37794507.0,18.95,20.2,26.44
7728,2026-10-01,642.0,43.7,51.8,103.072,97.784,5.288,64.6,16011478.0,647.0,649.33,633.46
7730,2026-10-01,190.5,64.6,61.9,21.523,13.607,7.916,60.4,2122517.0,181.0,177.7,145.22
7732,2026-10-01,32.7,17.7,26.1,-1.46,-1.097,-0.363,55.9,952833.0,33.65,34.73,35.67
7734,2026-10-01,2800.0,55.6,62.6,523.999,405.704,118.294,66.6,36745379.0,2763.33,3054.71,2381.26
7736,2026-10-01,71.3,9.4,9.1,-7.4,-5.627,-1.772,44.4,-17530543.0,69.77,70.92,76.88
7743,2026-10-01,26.1,66.6,40.9,-6.118,-7.295,1.177,30.0,-6482375.0,24.03,21.58,20.98
7744,2026-10-01,524.0,68.4,66.4,88.168,75.585,12.583,68.0,15320063.0,516.67,481.44,432.23
7747,2026-10-01,111.5,53.8,50.8,-2.243,-2.552,0.309,40.7,-9966217.0,112.17,113.51,110.68
7749,2026-10-01,395.5,31.4,26.7,-63.826,-59.859,-3.967,20.3,-5690208.0,382.83,394.4,401.83
7750,2026-10-01,2060.0,58.2,65.4,432.642,357.738,74.904,66.4,11744214.0,2081.67,2113.33,1698.12
7751,2026-10-01,1620.0,46.8,54.3,333.897,277.373,56.524,65.0,60233777.0,1620.0,1537.5,1358.27
7753,2026-10-01,35.9,7.5,12.0,-5.095,-4.787,-0.308,23.3,-11087974.0,35.93,37.94,39.25
7757,2026-10-01,89.4,10.3,8.2,-19.144,-18.777,-0.368,14.6,-8005108.0,89.33,91.7,98.0
7760,2026-10-01,32.85,33.4,31.5,-4.206,-4.287,0.081,15.6,-10889560.0,32.8,32.71,34.46
7765,2026-10-01,230.5,31.3,24.9,-21.659,-19.107,-2.552,47.7,5119146.0,230.33,229.32,238.11
7768,2026-10-01,303.5,39.7,50.5,45.906,45.76,0.146,64.1,20394190.0,298.17,309.83,306.68
7770,2026-10-01,42.0,22.1,14.0,-13.633,-12.422,-1.211,17.4,-6813220.0,40.27,40.68,47.39
7772,2026-10-01,161.5,28.4,27.9,11.201,4.641,6.56,39.1,17344883.0,142.0,131.35,119.15
7777,2026-10-01,39.15,64.7,65.6,5.086,3.929,1.157,50.3,267723191.0,39.25,39.47,34.69
7782,2026-10-01,25.2,25.3,22.3,-3.596,-3.347,-0.249,23.3,-4341168.0,25.48,25.85,26.07
7791,2026-10-01,54.1,5.4,9.8,-5.22,-3.756,-1.464,3.7,-13125239.0,55.27,58.64,62.02
7792,2026-10-01,450.0,71.8,59.6,50.839,34.489,16.35,66.2,28087429.0,391.67,316.3,303.85
7795,2026-10-01,549.0,65.3,68.4,90.371,67.85,22.521,64.3,27338581.0,515.0,476.5,408.84
7799,2026-10-01,540.0,54.5,34.1,-60.419,-63.925,3.506,49.9,-12979255.0,482.17,420.5,437.83
7810,2026-10-01,247.5,52.6,49.3,35.39,31.899,3.492,60.7,10178797.0,236.17,218.76,220.07
7811,2026-10-01,72.0,6.1,9.2,-13.042,-8.797,-4.245,66.5,-3762607.0,72.67,72.61,88.94
7812,2026-10-01,65.7,14.0,21.9,-4.596,-3.084,-1.512,55.2,-658029.0,70.23,76.5,79.94
7814,2026-10-01,28.0,13.4,30.1,-0.247,1.27,-1.517,65.6,-1532832.0,28.73,32.66,36.63
7818,2026-10-01,60.0,6.1,10.8,-19.334,-15.871,-3.463,10.0,-12350787.0,60.1,61.27,82.25
7819,2026-10-01,33.25,0.9,2.0,-56.049,-54.132,-1.917,2.5,-22497623.0,33.85,36.45,62.71
7820,2026-10-01,111.0,15.1,19.0,5.024,13.632,-8.608,48.9,-5003587.0,114.5,112.91,138.21
7821,2026-10-01,35.15,5.4,15.4,-3.708,-1.697,-2.011,17.0,-27112493.0,36.72,39.36,47.31
7822,2026-10-01,1005.0,31.7,42.3,180.726,191.658,-10.932,61.3,49178647.0,972.33,970.41,1041.88
7823,2026-10-01,79.9,7.9,12.4,-2.56,-1.513,-1.048,13.9,1221824.0,81.0,83.6,84.01
7825,2026-10-01,80.0,22.9,28.9,10.781,9.826,0.955,50.7,13912379.0,87.63,89.04,81.28
7827,2026-10-01,165.0,72.6,73.5,21.611,15.71,5.901,51.6,10091842.0,161.5,156.17,136.92
7828,2026-10-01,1845.0,65.8,69.1,400.048,290.778,109.27,76.9,38623293.0,1831.67,1709.34,1300.47
7842,2026-10-01,97.9,18.5,15.6,-28.795,-22.564,-6.231,43.9,-2746574.0,98.6,97.08,127.47
8011,2026-10-01,16.25,14.0,16.3,-0.97,-0.386,-0.584,39.4,1426284228.0,16.1,16.64,18.35
8016,2026-10-01,291.5,59.9,61.7,24.17,14.059,10.111,62.2,345736888313.0,288.17,292.81,240.63
8024,2026-10-01,12.55,23.7,29.3,-1.261,-1.455,0.195,40.1,349616220.0,12.75,13.36,13.02
8027,2026-10-01,210.0,59.1,62.8,32.843,24.185,8.658,62.3,1511545201.0,203.83,207.42,166.09
8028,2026-10-01,281.5,59.8,63.6,46.257,40.201,6.056,65.8,5150369938.0,268.33,281.85,233.76
8933,2026-10-01,4.56,9.2,11.3,-1.218,-1.197,-0.021,31.9,1313512597.0,4.58,4.59,5.52
9919,2026-10-01,14.1,7.5,7.9,-1.509,-1.371,-0.138,37.9,999422800.0,13.97,13.9,15.0
9935,2026-10-01,18.3,42.8,41.3,-0.664,-0.534,-0.13,44.7,9071112781.0,18.73,18.61,18.51
9937,2026-10-01,54.4,28.2,28.0,-0.778,-0.46,-0.319,44.6,4398984751.0,54.63,54.44,54.73
9939,2026-10-01,125.5,55.3,50.0,0.838,1.173,-0.335,52.2,39135330257.0,127.67,125.12,119.49
9941,2026-10-01,75.6,50.0,38.7,-8.694,-9.785,1.09,40.1,8051770572.0,78.11,75.49,75.55
9946,2026-10-01,16.7,40.8,37.1,-0.751,-0.783,0.031,47.1,195170238115.0,16.98,16.85,16.45
0061,2026-10-01,22.9,41.6,63.0,1.315,1.355,-0.04,54.4,7193205702.0,23.47,24.36,23.84
6805,2026-10-01,2470.0,74.3,71.2,410.737,331.576,79.161,70.2,512435686.0,2410.0,2025.93,1852.92
6835,2026-10-01,32.0,24.0,21.6,-2.523,-1.764,-0.759,40.9,50082118.0,31.4,33.01,35.27
6885,2026-10-01,29.8,51.9,33.0,-3.231,-4.131,0.9,49.5,-23500280.0,28.3,24.65,25.7
6982,2026-10-01,45.0,12.4,18.3,-2.73,-0.73,-2.0,38.2,16610350.0,45.57,48.93,52.84
8150,2026-10-01,127.5,79.8,75.0,19.933,12.626,7.307,71.3,95151321688.0,110.37,102.46,79.62
8210,2026-10-01,882.0,24.1,43.1,178.63,197.757,-19.127,56.2,2263265554.0,895.67,1061.26,1007.87
8215,2026-10-01,28.5,63.3,57.1,-0.0,-0.973,0.973,54.9,1951852008.0,27.92,27.59,24.24
8423,2026-10-01,17.8,42.7,37.5,0.056,0.079,-0.023,52.6,6437520.0,17.72,17.35,17.42
8443,2026-10-01,11.15,28.8,40.4,-0.093,-0.035,-0.058,43.9,123016597.0,11.22,11.29,11.42
8462,2026-10-01,157.5,59.7,57.6,10.163,8.473,1.69,59.7,-288375591.0,161.33,154.66,146.93
8467,2026-10-01,88.3,6.7,11.4,-17.539,-6.831,-10.708,35.2,131745682.0,89.4,101.13,130.18
8916,2026-10-01,40.95,31.4,28.1,-1.238,-0.618,-0.621,38.9,456877576.0,41.0,40.87,42.88
8931,2026-10-01,42.25,25.7,22.8,-0.786,-0.318,-0.469,47.1,264765349.0,42.28,41.48,42.24
9933,2026-10-01,45.25,75.9,71.2,2.135,0.629,1.505,64.9,-16336611868.0,41.64,39.55,35.72
