symbol,date,close,K,D,DIF,MACD,OSC,RSI,OBV,MA5,MA10,MA20,MA60
1101,2026-09-28,25.3,61.9,60.1,0.368,0.24,0.128,60.9,395309388732.0,24.8,24.6,24.05,23.29
1102,2026-09-28,35.3,86.7,84.4,0.519,0.235,0.284,60.6,-42551605613.0,35.31,34.53,33.72,33.95
1103,2026-09-28,13.0,38.9,50.0,-0.004,-0.01,0.006,47.2,11044650093.0,13.15,13.16,13.08,13.1
1104,2026-09-28,26.55,32.4,39.9,-0.117,-0.14,0.023,46.2,9976603771.0,27.0,26.82,26.81,27.53
1108,2026-09-28,11.0,8.2,10.1,-0.595,-0.503,-0.092,17.1,2365448936.0,11.21,11.54,12.09,13.28
1109,2026-09-28,13.3,4.7,10.8,-0.249,-0.237,-0.012,28.8,-34319967.0,13.37,13.48,13.62,14.27
1110,2026-09-28,14.35,23.3,41.4,-0.089,0.004,-0.093,38.5,122012378629.0,15.35,15.68,15.43,15.85
1201,2026-09-28,11.5,12.5,25.8,-0.404,-0.404,-0.0,29.8,31998633598.0,11.79,12.02,12.11,13.56
1203,2026-09-28,43.3,30.6,38.8,0.905,1.154,-0.249,50.9,-107947273.0,44.19,44.69,43.69,40.63
1210,2026-09-28,51.6,17.2,24.3,0.33,0.557,-0.227,48.2,-34700495292.0,52.1,52.32,52.41,50.63
1213,2026-09-28,7.29,26.8,29.1,-0.556,-0.619,0.064,37.0,675588213.0,7.4,7.42,7.71,9.66
1215,2026-09-28,105.5,54.2,55.3,-5.715,-5.778,0.064,35.8,42712635217.0,108.3,108.1,112.62,126.65
1216,2026-09-28,73.9,38.9,50.7,0.891,0.979,-0.088,50.6,710195637039.0,74.8,75.25,73.92,72.98
1217,2026-09-28,9.9,58.9,57.2,-0.022,-0.036,0.014,47.2,31506927217.0,9.95,9.94,9.9,10.1
1218,2026-09-28,14.45,14.4,13.9,-0.823,-0.657,-0.166,27.6,57459857558.0,14.45,14.77,16.05,16.93
1219,2026-09-28,11.35,57.8,50.3,-0.394,-0.403,0.009,37.4,2238522984.0,11.46,11.32,11.8,12.68
1220,2026-09-28,10.75,16.6,16.9,-0.369,-0.361,-0.008,31.6,-413570210.0,10.78,10.91,11.19,12.09
1225,2026-09-28,24.4,23.4,21.4,-1.629,-1.46,-0.17,33.7,11927602890.0,24.55,24.77,26.95,29.15
1227,2026-09-28,28.0,14.4,27.7,-0.035,-0.002,-0.033,44.6,-11988663903.0,28.32,28.66,28.32,28.72
1229,2026-09-28,39.55,25.1,44.2,-0.164,-0.192,0.028,43.3,-55261274751.0,40.61,40.94,40.22,42.41
1231,2026-09-28,79.6,26.5,39.9,-0.829,-1.271,0.442,45.0,13874028492.0,80.18,80.61,79.63,88.55
1232,2026-09-28,154.0,37.5,37.4,3.48,3.616,-0.136,55.7,25555191.0,155.4,155.5,151.0,143.85
1233,2026-09-28,27.6,19.4,28.6,-0.409,-0.457,0.048,40.1,-146781343.0,28.03,28.29,28.17,29.87
1234,2026-09-28,32.9,11.1,23.3,-0.325,-0.358,0.033,39.0,6628645025.0,33.16,33.37,33.28,34.8
1235,2026-09-28,32.85,34.1,44.4,-1.413,-1.698,0.285,38.9,46114064599.0,35.25,35.05,35.24,40.77
1236,2026-09-28,25.35,70.2,77.8,0.466,0.401,0.065,55.7,719717832.0,25.7,25.5,24.62,23.92
1240,2026-09-28,53.8,75.6,82.1,0.546,0.361,0.185,51.5,49043487.0,55.0,54.25,53.24,53.16
1256,2026-09-28,168.5,12.0,19.5,2.762,5.781,-3.019,48.2,33659533.0,170.2,176.1,179.18,157.8
1259,2026-09-28,68.0,88.9,85.2,2.339,1.404,0.934,69.3,2856023.0,66.5,64.35,61.0,59.7
1264,2026-09-28,244.0,15.1,23.4,-4.589,-3.778,-0.812,27.9,18329512.0,246.6,251.1,253.6,265.65
1268,2026-09-28,175.5,83.1,80.3,5.411,4.942,0.469,67.4,19298286.0,173.9,172.85,167.35,156.44
1294,2026-09-28,50.2,6.1,9.5,-3.067,-2.289,-0.778,22.6,9848136.0,51.42,53.68,57.28,61.14
1295,2026-09-28,47.15,36.2,21.5,-5.355,-6.674,1.318,34.4,48226591.0,45.83,46.03,47.7,74.86
1301,2026-09-28,64.6,63.3,62.5,4.684,4.324,0.36,61.9,-22187078211.0,64.86,61.72,57.38,47.47
1303,2026-09-28,247.0,87.9,82.4,39.087,34.951,4.136,75.5,319804401865.0,236.6,215.05,179.2,100.91
1304,2026-09-28,12.3,51.6,41.6,-0.136,-0.064,-0.072,48.2,33575266698.0,12.35,12.11,12.61,12.06
1305,2026-09-28,12.1,51.4,44.6,-0.269,-0.22,-0.049,46.8,31601510622.0,12.1,11.93,12.4,12.37
1307,2026-09-28,30.85,24.0,23.3,-0.134,0.035,-0.169,48.1,453798065070.0,30.62,30.96,31.58,30.66
1308,2026-09-28,14.1,57.8,50.6,0.04,0.01,0.03,50.8,49156111218.0,14.19,13.83,13.85,13.56
1309,2026-09-28,13.65,49.3,38.8,-0.45,-0.35,-0.101,46.5,161642164101.0,13.77,13.36,14.24,13.7
1310,2026-09-28,8.9,62.1,47.0,-0.189,-0.187,-0.002,49.0,-20670360489.0,8.78,8.41,8.93,9.15
1312,2026-09-28,14.45,61.7,57.0,0.511,0.343,0.168,56.8,422792684.0,14.54,13.4,13.26,12.14
1313,2026-09-28,12.05,68.5,57.4,0.219,0.227,-0.009,53.0,430509694499.0,12.06,11.77,11.8,11.08
1314,2026-09-28,8.74,56.7,45.6,0.194,0.119,0.074,56.4,73285369563.0,8.56,8.21,8.18,7.92
1315,2026-09-28,68.1,92.9,90.1,2.014,1.357,0.657,78.8,46665169.0,67.34,65.38,62.97,61.0
1316,2026-09-28,10.45,34.9,40.0,-0.445,-0.592,0.146,42.8,490916090.0,10.59,10.53,10.52,12.73
1319,2026-09-28,77.8,56.8,57.2,-1.5,-1.897,0.398,45.2,-9125720484.0,79.76,79.55,81.05,86.4
1321,2026-09-28,32.35,45.5,53.3,-0.029,-0.221,0.192,50.5,360762607.0,32.4,32.38,31.68,33.64
1323,2026-09-28,21.2,71.7,71.8,0.567,0.509,0.058,58.0,2880822632.0,21.38,21.12,20.5,19.4
1324,2026-09-28,9.98,28.1,26.9,-0.177,-0.168,-0.01,43.0,750165981.0,10.03,10.07,10.25,10.64
1325,2026-09-28,25.55,22.1,29.5,-0.527,-0.591,0.064,44.5,1605069302.0,25.59,26.06,26.01,28.16
1326,2026-09-28,67.5,53.1,52.6,6.037,5.992,0.045,61.9,58663412609.0,68.52,64.16,60.29,44.13
1336,2026-09-28,16.8,60.0,59.5,0.565,0.323,0.241,57.7,314491693.0,16.75,16.44,15.39,15.59
1337,2026-09-28,4.43,9.3,10.1,-0.21,-0.177,-0.034,36.7,359381231.0,4.48,4.57,4.8,5.09
1338,2026-09-28,14.75,28.8,21.1,-0.803,-0.835,0.032,40.5,224747131.0,14.52,14.69,15.57,18.04
1339,2026-09-28,42.3,37.3,47.7,0.532,0.509,0.023,51.6,43482049.0,42.79,42.85,42.2,41.25
1340,2026-09-28,5.21,36.9,30.5,-0.297,-0.344,0.047,39.8,-588046159.0,5.21,5.18,5.36,6.31
1341,2026-09-21,60.0,59.3,58.0,0.741,0.721,0.021,57.6,4080945.0,59.44,59.41,58.68,56.92
1342,2026-09-28,101.0,42.0,37.6,1.76,3.184,-1.424,50.4,299214634.0,101.16,101.67,105.15,91.72
1402,2026-09-28,27.75,43.0,54.5,0.544,0.495,0.049,51.9,116625009211.0,28.36,28.2,27.39,26.64
1409,2026-09-28,24.35,58.9,52.4,1.726,1.955,-0.23,59.3,30541807867.0,24.43,23.61,23.78,17.66
1410,2026-09-28,24.1,11.5,17.0,-1.491,-1.578,0.087,25.8,-363262635.0,24.28,24.97,25.33,30.48
1413,2026-09-28,9.08,18.1,20.0,-0.174,-0.159,-0.015,39.2,2837215297.0,9.2,9.3,9.42,9.95
1414,2026-09-28,17.5,19.4,33.5,-0.016,0.107,-0.123,46.4,113225558157.0,17.49,18.53,17.95,18.15
1416,2026-09-28,11.35,50.0,56.5,0.137,0.118,0.02,52.0,9779981979.0,11.47,11.48,11.21,11.08
1417,2026-09-28,8.04,21.2,22.6,-0.092,-0.06,-0.032,41.2,5887175933.0,8.1,8.19,8.26,8.35
1418,2026-09-28,18.3,41.5,30.4,-0.329,-0.398,0.069,48.6,4151884907.0,17.87,17.9,18.17,19.44
1419,2026-09-28,65.6,55.1,58.4,0.89,0.875,0.015,52.5,-23972293249.0,66.4,66.05,64.99,62.62
1423,2026-09-28,34.35,17.7,19.6,-0.562,-0.256,-0.306,38.8,1142185887.0,34.94,35.23,36.66,35.97
1432,2026-09-28,14.95,20.3,23.7,-0.131,-0.145,0.014,43.2,2033619304.0,15.0,15.04,15.1,15.48
1434,2026-09-28,18.0,45.0,39.1,0.497,0.503,-0.006,56.6,61422403150.0,17.95,17.77,17.34,16.19
1435,2026-09-28,21.75,33.4,39.9,0.771,0.694,0.078,51.0,594699453.0,22.33,22.73,21.03,22.05
1436,2026-09-28,35.5,30.0,36.1,-3.029,-3.404,0.374,32.8,198335082.0,37.05,37.17,38.68,49.71
1437,2026-09-28,31.85,79.2,81.4,0.575,0.331,0.244,55.3,8468230515.0,32.27,31.8,30.6,30.7
1438,2026-09-28,21.15,56.6,57.7,-1.08,-1.632,0.551,44.1,93628633.0,21.39,21.03,20.51,26.92
1439,2026-09-28,28.15,69.0,77.0,0.566,0.258,0.308,54.9,374787981.0,28.76,28.61,26.66,27.5
1440,2026-09-28,13.3,50.1,50.6,0.196,0.158,0.038,51.6,48231889845.0,13.51,13.36,13.12,13.01
1441,2026-09-28,10.15,27.9,19.7,-0.411,-0.423,0.012,39.1,15341111032.0,10.15,10.28,10.53,11.74
1442,2026-09-28,26.9,55.7,70.7,-0.136,-0.508,0.371,46.7,3800594972.0,27.82,27.65,26.67,30.45
1443,2026-09-28,23.0,14.3,18.5,-0.724,-0.44,-0.284,37.7,551661996.0,23.35,24.38,25.4,26.36
1444,2026-09-28,6.94,17.1,15.7,0.067,0.183,-0.116,49.0,23658259440.0,6.89,7.07,7.29,6.64
1445,2026-09-28,10.0,6.6,10.6,-0.66,-0.641,-0.019,36.1,2645249315.0,10.14,10.34,10.87,12.59
1446,2026-09-28,13.35,20.5,20.9,-0.579,-0.589,0.009,37.8,7036072609.0,13.48,13.62,14.25,15.73
1447,2026-09-28,6.5,14.6,15.5,0.163,0.306,-0.143,49.6,165970997622.0,6.51,6.73,6.92,5.96
1449,2026-09-28,12.35,38.2,29.6,-0.103,0.015,-0.117,47.4,2889514885.0,12.31,12.31,12.93,12.12
1451,2026-09-28,16.9,20.6,36.4,0.042,0.091,-0.049,45.3,6515431278.0,17.07,17.28,17.12,16.88
1452,2026-09-28,10.7,17.6,32.5,-0.103,-0.046,-0.057,40.5,7751168744.0,10.97,11.22,11.14,11.55
1453,2026-09-28,10.8,39.4,43.9,-0.213,-0.257,0.044,41.1,303296529.0,10.98,10.97,10.99,11.86
1454,2026-09-28,12.15,33.6,37.0,-0.23,-0.22,-0.009,41.4,-1620193867.0,12.34,12.45,12.56,13.18
1455,2026-09-28,9.68,55.8,50.9,0.312,0.314,-0.002,54.1,29133654881.0,9.82,9.65,9.49,8.7
1456,2026-09-28,14.6,52.0,44.9,0.195,0.148,0.047,55.7,-3013863527.0,14.34,14.14,14.01,13.38
1457,2026-09-28,14.3,57.9,55.4,-0.08,-0.111,0.031,46.6,1407383580672300.0,14.44,14.39,14.39,14.81
1459,2026-09-28,16.0,90.6,82.8,0.722,0.534,0.188,64.3,-2053518157.0,15.74,15.16,14.29,13.45
1460,2026-09-28,6.24,5.4,7.9,-0.143,-0.037,-0.106,40.0,22747821357.0,6.39,6.53,6.88,6.55
1463,2026-09-28,17.55,54.2,48.7,-0.152,-0.16,0.008,46.0,69268883904.0,17.48,17.58,17.67,18.04
1464,2026-09-28,9.94,13.1,18.4,-0.129,-0.122,-0.006,41.9,2841461263.0,9.99,10.13,10.17,10.54
1465,2026-09-28,11.55,10.1,13.9,-0.14,-0.06,-0.08,33.8,611682644.0,11.73,11.97,12.13,12.29
1466,2026-09-28,14.85,16.1,21.0,-0.167,-0.027,-0.14,45.8,23417849444.0,15.03,15.49,15.44,15.67
1467,2026-09-28,8.03,10.6,20.5,0.155,0.264,-0.11,49.3,9421250648.0,8.07,8.5,8.26,7.63
1468,2026-09-28,13.15,41.2,44.3,0.233,0.217,0.015,54.3,1905867803.0,13.15,13.32,12.81,12.56
1470,2026-09-28,23.45,61.5,70.2,0.549,0.451,0.097,55.1,42983198.0,23.9,23.64,22.75,22.01
1471,2026-09-28,9.3,24.6,28.1,-0.443,-0.372,-0.071,39.2,25805093564.0,9.46,9.55,10.11,10.37
1472,2026-09-28,88.1,56.6,63.7,0.791,0.889,-0.098,52.9,424014689.0,88.58,88.74,87.36,85.87
1473,2026-09-28,19.3,19.3,28.2,-0.792,-0.894,0.102,32.9,7624012370.0,19.72,19.83,20.07,22.98
1474,2026-09-28,10.05,33.1,30.0,-0.056,-0.074,0.018,48.7,9604924080.0,10.02,10.01,10.06,10.49
1475,2026-09-28,25.8,44.5,48.3,-0.722,-0.828,0.106,40.4,34467627.0,26.17,26.36,26.51,29.41
1476,2026-09-28,273.0,6.9,16.5,-18.288,-13.976,-4.312,28.8,96831105883.0,286.6,307.75,318.55,359.83
1477,2026-09-28,190.0,11.8,19.1,-12.868,-12.683,-0.185,32.3,-5199534653.0,193.6,200.98,207.8,245.31
1503,2026-09-28,194.0,35.2,39.5,0.056,2.222,-2.166,46.8,14598029716.0,199.8,199.35,207.83,192.13
1504,2026-09-28,68.5,55.1,59.1,-0.499,-0.811,0.311,47.4,-21643410748.0,69.64,69.43,69.55,76.16
1506,2026-09-28,9.57,4.6,11.0,-0.386,-0.348,-0.038,34.1,466098523.0,9.8,10.03,10.28,11.4
1512,2026-09-28,6.12,13.4,15.1,-0.323,-0.283,-0.04,35.0,2400318438.0,6.2,6.4,6.68,7.4
1513,2026-09-28,167.0,62.2,60.5,3.34,3.32,0.02,55.7,7348426113.0,166.1,164.55,163.9,155.09
1514,2026-09-28,102.0,43.3,39.9,-2.21,-1.509,-0.702,46.2,28468767426.0,101.6,101.39,108.09,105.19
1515,2026-09-28,29.3,21.3,28.5,1.062,1.615,-0.553,48.9,13135930979.0,30.21,31.2,30.89,27.88
1516,2026-09-28,13.5,13.5,11.9,-1.787,-1.462,-0.325,28.2,14102725989.0,13.71,14.31,16.81,18.43
1517,2026-09-28,10.35,14.1,21.7,-0.092,-0.035,-0.058,44.9,44449010525.0,10.42,10.83,10.66,10.91
1519,2026-09-28,688.0,58.6,62.6,-4.649,-6.099,1.45,47.2,12940905026.0,713.2,703.7,700.42,693.98
1521,2026-09-28,25.55,42.4,43.3,0.124,0.162,-0.037,51.5,648517879.0,25.38,25.44,25.63,24.78
1522,2026-09-28,26.55,28.2,25.5,-2.312,-2.555,0.243,35.9,49584051245.0,26.33,27.16,28.41,36.18
1524,2026-09-28,25.85,27.3,32.5,-0.788,-0.579,-0.209,40.2,549370539065.0,26.18,26.66,28.05,28.24
1525,2026-09-28,63.7,21.0,37.4,0.852,1.337,-0.485,47.5,59797165042.0,64.92,66.35,65.69,62.99
1526,2026-09-28,14.55,12.8,24.5,-0.438,-0.333,-0.105,41.0,-1718959287.0,15.03,16.2,15.59,16.95
1527,2026-09-28,32.6,51.8,56.0,0.192,0.144,0.047,54.8,530924538823.0,32.55,32.59,32.25,31.86
1528,2026-09-28,25.5,68.7,54.3,0.068,-0.402,0.47,58.2,10685688429.0,23.18,20.92,22.39,21.13
1529,2026-09-28,15.45,22.2,19.9,-1.229,-0.961,-0.268,36.4,1281933153.0,15.69,16.46,17.98,19.47
1530,2026-09-28,26.45,16.7,33.0,0.29,0.542,-0.251,46.7,191382125485.0,27.17,27.92,27.89,26.13
1531,2026-09-28,11.6,20.2,33.4,0.03,0.104,-0.075,45.6,-8014216632.0,11.75,11.95,11.92,11.5
1532,2026-09-28,22.1,61.3,67.0,0.003,-0.109,0.112,47.7,-49017869561.0,22.57,22.38,22.13,23.39
1533,2026-09-28,30.4,12.2,14.3,-0.824,-0.258,-0.566,39.8,536478919.0,30.57,31.46,34.24,32.46
1535,2026-09-28,45.55,39.7,28.8,-0.787,-0.825,0.038,40.5,217639247.0,45.49,45.7,46.33,48.91
1536,2026-09-28,46.55,21.0,28.9,-1.789,-1.66,-0.128,41.8,11510423473.0,47.41,48.56,49.64,55.46
1537,2026-09-28,115.5,21.5,27.4,-0.66,-0.192,-0.468,43.0,-1098150515.0,115.5,117.6,118.43,118.45
1538,2026-09-21,8.3,11.0,10.7,-2.447,-2.72,0.273,14.7,278188156.0,8.85,9.41,10.51,19.31
1539,2026-09-28,15.45,9.3,16.8,-0.325,-0.338,0.013,39.5,453517279.0,15.56,15.74,15.86,16.87
1540,2026-09-28,19.35,35.7,34.6,-0.575,-0.599,0.024,42.7,2180429520.0,19.53,19.47,20.13,21.64
1541,2026-09-28,21.0,33.7,39.0,-0.656,-0.714,0.058,39.6,-23291178.0,21.2,21.44,21.53,23.67
1558,2026-09-28,114.0,95.9,91.3,5.952,3.399,2.553,85.5,155641780.0,110.4,103.48,95.23,92.01
1560,2026-09-28,956.0,87.2,78.3,95.251,74.334,20.916,75.3,20756635672.0,861.6,770.9,731.18,508.76
1563,2026-09-28,76.1,43.4,50.7,3.742,5.066,-1.324,52.1,39093903.0,77.82,78.83,79.29,64.21
1565,2026-09-28,95.9,54.3,54.2,-3.125,-4.405,1.28,40.9,89164177.0,97.02,95.78,95.34,113.11
1568,2026-09-28,32.4,70.4,50.0,0.565,0.985,-0.42,54.7,15259800791.0,30.32,29.38,33.28,26.29
1569,2026-09-28,65.0,83.9,72.5,1.528,-1.007,2.535,68.7,1217986677.0,56.9,50.0,48.94,53.92
1570,2026-09-28,33.0,21.2,14.5,-0.666,0.201,-0.866,44.8,321258283.0,32.59,33.17,37.59,32.41
1580,2026-09-28,97.1,8.8,10.2,-5.601,-4.254,-1.346,20.9,207697232.0,98.54,103.87,109.45,119.26
1582,2026-09-28,70.1,46.2,44.0,-3.434,-2.166,-1.267,42.2,747980348.0,71.04,71.65,80.77,75.28
1583,2026-09-28,46.95,41.9,42.8,0.794,0.76,0.035,52.9,57897119.0,47.61,46.95,46.85,44.65
1584,2026-09-28,18.05,45.1,35.8,-0.85,-0.933,0.083,38.1,1666710250.0,18.02,17.99,18.71,21.38
1586,2026-09-28,18.0,18.6,19.9,-1.393,-1.512,0.12,33.4,193072657.0,18.0,18.22,19.26,23.5
1587,2026-09-28,23.85,26.0,20.3,-3.085,-3.413,0.328,33.0,498600656.0,23.75,24.0,25.89,35.62
1589,2026-09-28,5.54,50.0,49.8,-1.228,-1.674,0.446,17.6,421393495.0,5.54,5.54,5.54,12.25
1590,2026-09-28,1210.0,18.0,29.0,24.964,61.285,-36.321,45.7,304470476.0,1264.0,1350.0,1340.76,1097.92
1591,2026-09-28,41.1,55.6,43.0,-1.593,-2.665,1.073,51.3,207704106.0,39.29,37.92,36.33,45.68
1593,2026-09-28,31.65,54.9,57.3,0.595,0.543,0.051,58.2,81974029.0,31.73,31.52,30.76,29.23
1595,2026-09-28,77.6,72.2,60.1,3.537,3.407,0.13,59.4,157934749.0,70.13,65.31,69.95,51.87
1597,2026-09-28,146.5,63.2,61.7,7.088,9.307,-2.219,55.0,1521012941.0,144.1,140.19,146.05,106.53
1598,2026-09-28,20.3,45.1,48.5,0.069,0.008,0.062,51.4,217183341.0,20.27,20.32,20.03,20.4
1599,2026-09-28,23.0,39.8,36.7,-0.559,-0.717,0.158,43.0,135044491.0,22.91,22.96,22.97,25.63
1603,2026-09-28,30.05,65.7,68.1,-0.469,-0.711,0.242,46.4,2632990960.0,30.2,30.16,29.91,33.15
1604,2026-09-28,23.3,54.5,51.8,0.046,0.034,0.012,49.7,977716475.0,23.45,23.35,23.33,23.21
1605,2026-09-28,36.35,63.1,64.2,1.071,1.145,-0.073,52.5,3280291137626.0,37.18,36.72,36.43,32.33
1608,2026-09-28,35.2,68.7,69.9,1.183,0.953,0.23,55.0,8235398251.0,35.84,35.42,33.59,32.18
1609,2026-09-28,38.5,78.7,64.6,0.431,0.253,0.178,54.0,122513959868.0,37.91,37.37,37.37,37.63
1611,2026-09-28,11.35,20.3,21.8,-0.258,-0.13,-0.128,42.7,855493670.0,11.43,11.71,12.24,12.19
1612,2026-09-28,35.35,85.2,76.9,0.412,0.208,0.204,56.9,9616557301.0,35.03,34.18,34.19,33.89
1614,2026-09-28,31.05,53.5,47.3,-0.264,-0.386,0.122,47.0,204246694.0,31.02,30.96,30.96,32.63
1615,2026-09-28,42.6,38.6,46.8,-0.079,-0.126,0.047,46.7,7055182733.0,43.14,43.27,42.75,44.07
1616,2026-09-28,18.3,27.9,30.6,-1.378,-1.454,0.076,34.6,70654211938.0,18.58,18.97,19.91,25.42
1617,2026-09-28,21.9,68.3,49.5,1.053,0.878,0.175,63.6,456544943.0,19.29,18.46,18.23,15.93
1618,2026-09-28,38.35,58.5,61.1,-0.223,-0.395,0.172,47.8,1870483195.0,38.96,38.77,38.72,40.62
1623,2026-09-28,198.0,22.1,23.6,-5.27,-3.777,-1.493,43.3,6056206.0,203.5,205.15,213.28,219.93
1626,2026-09-28,9.6,26.9,20.2,-0.311,-0.323,0.011,41.4,287513272.0,9.67,9.66,9.93,10.93
1702,2026-09-28,32.95,41.5,40.5,-0.39,-0.57,0.18,47.5,94461818089.0,32.74,32.9,32.51,34.94
1707,2026-09-28,85.9,10.6,14.3,-5.943,-6.225,0.281,21.0,4141777716.0,87.94,88.69,92.16,109.49
1708,2026-09-28,52.0,59.0,45.6,3.032,3.57,-0.538,59.2,-5257989418.0,50.94,50.23,50.18,38.67
1709,2026-09-28,44.0,80.7,83.1,5.993,4.22,1.773,85.1,-10288514996.0,39.38,34.42,27.99,20.45
1710,2026-09-28,16.55,70.7,57.7,0.716,0.634,0.082,58.0,-31448053205.0,16.25,15.51,15.31,13.59
1711,2026-09-28,40.55,52.8,49.9,0.768,1.522,-0.754,52.1,76937316101.0,39.86,38.82,41.53,31.39
1712,2026-09-28,39.6,48.9,50.5,-0.379,-0.507,0.128,44.5,100568492746.0,40.08,39.66,39.55,41.07
1713,2026-09-28,41.8,11.1,17.0,-0.623,-0.2,-0.423,40.2,-884199856.0,42.23,43.21,44.47,44.11
1714,2026-09-28,15.75,49.2,45.3,1.3,1.577,-0.277,55.4,203810243533.0,15.84,15.76,15.55,10.92
1717,2026-09-28,72.5,54.3,53.0,2.116,2.767,-0.652,53.5,38008634035.0,72.46,70.94,72.16,58.56
1718,2026-09-28,10.55,45.7,39.3,0.668,0.849,-0.181,54.5,269999401791.0,10.53,10.37,10.53,8.08
1720,2026-09-28,56.1,24.3,33.1,0.544,0.662,-0.118,54.6,27545220025.0,56.06,56.35,55.84,53.59
1721,2026-09-28,26.1,61.0,41.9,0.677,0.577,0.099,61.1,4606153726.0,23.02,21.39,22.98,18.38
1722,2026-09-28,41.15,12.2,19.6,-0.815,-0.462,-0.353,35.5,-28696542963.0,42.58,43.27,44.33,45.27
1723,2026-09-28,80.0,12.1,25.2,0.898,1.749,-0.851,47.1,1880815148.0,81.76,83.19,83.54,78.25
1725,2026-09-28,34.0,77.3,60.8,1.006,0.83,0.177,60.4,200310176.0,33.36,32.03,32.04,28.96
1726,2026-09-28,76.2,28.0,46.5,0.954,1.104,-0.15,55.1,1251301907.0,76.74,77.2,76.07,73.54
1727,2026-09-28,118.5,80.9,70.7,11.53,9.321,2.209,69.0,11304769379.0,104.86,92.77,91.26,60.8
1730,2026-09-28,51.2,38.0,48.0,0.355,0.377,-0.022,57.7,-1035063950.0,51.32,51.35,50.91,50.18
1731,2026-09-28,20.85,37.1,41.1,0.093,0.081,0.012,53.6,189728418.0,20.88,20.92,20.71,20.65
1732,2026-09-28,25.95,34.7,32.4,-0.071,-0.109,0.038,48.5,-288626001.0,26.04,26.0,26.01,26.81
1733,2026-09-28,29.45,26.1,45.1,0.424,0.597,-0.173,45.8,2236223285.0,30.61,31.15,30.44,29.77
1734,2026-09-28,32.1,84.9,86.8,1.336,1.051,0.285,73.0,-771411633.0,31.76,31.01,29.35,27.55
1735,2026-09-28,20.05,45.4,41.5,-0.362,-0.088,-0.275,45.9,601843051.0,20.22,20.26,21.46,19.22
1736,2026-09-28,128.0,38.2,42.9,0.206,-0.759,0.964,51.1,65882412263.0,127.0,128.37,123.46,134.27
1737,2026-09-28,29.95,35.3,41.8,-0.072,0.023,-0.095,43.7,-10575861697.0,30.11,30.44,30.44,30.44
1742,2026-09-28,17.7,60.5,65.6,0.549,0.479,0.07,61.9,200706563.0,17.61,17.68,16.63,15.63
1752,2026-09-28,31.35,25.7,32.1,-0.848,-1.077,0.229,45.6,527207255.0,31.45,31.68,31.62,33.85
1760,2026-09-28,53.9,5.3,7.1,-2.071,-1.512,-0.558,34.6,660589524.0,54.32,56.52,58.46,62.05
1762,2026-09-28,33.7,41.9,41.8,0.738,1.322,-0.584,49.7,850915129.0,34.19,34.61,35.88,30.01
1773,2026-09-28,167.5,60.5,49.0,1.769,2.635,-0.866,54.7,897304328.0,163.4,159.9,167.16,151.4
1776,2026-09-28,18.2,61.1,48.2,0.392,0.456,-0.064,58.8,25121944.0,17.88,17.44,18.01,16.02
1777,2026-09-28,74.0,70.8,79.7,1.427,1.158,0.269,61.1,90139425.0,74.54,74.29,71.74,70.58
1780,2026-09-28,25.2,81.6,68.3,-0.216,-0.082,-0.134,50.6,15945285.0,24.76,24.37,25.77,23.22
1781,2026-09-28,9.99,8.1,13.5,-0.476,-0.351,-0.126,29.3,244083526.0,10.14,10.6,11.15,11.84
1783,2026-09-28,36.65,21.8,32.9,-0.7,-0.673,-0.027,38.9,12291989686.0,36.95,37.66,37.6,40.0
1784,2026-09-28,61.3,55.6,42.7,-5.267,-6.004,0.737,39.8,749111301.0,59.64,59.95,63.12,80.1
1785,2026-09-28,98.0,19.4,20.4,-2.989,1.751,-4.74,45.1,5511325361.0,97.7,101.14,118.56,89.89
1786,2026-09-28,42.65,8.5,12.2,-5.6,-5.522,-0.078,26.9,-1335209471.0,43.84,46.72,50.35,67.5
1788,2026-09-28,128.0,14.0,18.9,-0.343,-0.152,-0.191,38.4,124130920.0,128.1,129.05,129.13,129.84
1789,2026-09-28,18.55,31.8,29.6,-0.384,-0.28,-0.104,43.8,604210147.0,18.71,18.89,19.39,19.46
1795,2026-09-28,177.5,32.0,33.1,-13.12,-14.928,1.807,42.2,1724862078.0,177.7,179.71,184.49,229.07
1796,2026-09-28,28.8,18.6,21.4,-2.677,-2.872,0.195,31.7,34569658.0,29.43,29.81,31.67,40.91
1799,2026-09-28,28.4,4.0,8.2,-2.007,-1.86,-0.147,37.2,118199657.0,29.04,29.99,31.38,36.15
1802,2026-09-28,57.6,65.2,57.2,0.756,1.675,-0.919,50.0,135270151793.0,58.42,56.72,61.0,48.57
1805,2026-09-28,10.05,66.4,63.0,-0.244,-0.298,0.053,42.9,-40991314.0,10.11,10.1,10.2,11.05
1806,2026-09-28,7.94,56.8,50.7,-0.123,-0.145,0.021,41.0,12462860617.0,8.0,8.01,8.04,8.61
1808,2026-09-28,31.6,45.7,58.8,0.735,0.586,0.149,50.7,677250651.0,32.81,32.72,31.17,31.1
1809,2026-09-28,45.0,70.5,54.0,2.536,3.006,-0.47,58.0,16534560550.0,40.83,39.18,43.01,29.09
1810,2026-09-28,23.7,14.2,23.4,1.317,1.604,-0.286,53.7,21757009842.0,23.9,24.68,23.51,20.1
1813,2026-09-28,11.3,22.5,27.3,-0.404,-0.418,0.014,26.1,65104983.0,11.38,11.48,11.73,12.85
1815,2026-09-28,116.0,76.1,72.2,7.429,4.501,2.928,58.6,13428687374.0,118.28,104.79,97.83,87.49
1817,2026-09-28,39.85,78.3,80.1,0.828,0.733,0.095,61.9,2172313444.0,40.19,39.78,38.88,37.39
1903,2026-09-28,47.0,24.0,26.7,-1.032,-1.11,0.078,42.6,789696382.0,47.06,47.39,47.91,51.5
1904,2026-09-28,24.25,69.4,71.3,1.541,1.498,0.042,60.3,66176898676.0,24.7,24.25,22.88,19.42
1905,2026-09-28,12.85,29.5,28.6,-0.049,0.146,-0.195,45.3,1158972657111.0,13.18,13.28,13.87,12.91
1906,2026-09-28,10.8,17.5,25.6,-0.185,-0.175,-0.009,43.9,1480645241.0,10.92,11.07,11.11,11.8
1907,2026-09-28,27.9,27.2,48.4,1.073,1.186,-0.113,52.1,3019855945.0,28.86,29.42,27.72,25.63
1909,2026-09-28,10.05,31.0,44.1,0.158,0.176,-0.018,49.2,87174440746.0,10.35,10.43,10.11,9.98
2002,2026-09-28,18.8,24.9,36.1,-0.057,-0.051,-0.007,47.7,2194063808605.0,18.84,18.97,18.86,19.03
2006,2026-09-28,85.4,79.4,77.0,4.969,3.987,0.981,65.2,21118896035.0,84.98,83.11,76.03,67.87
2007,2026-09-28,6.9,33.5,25.2,-0.213,-0.206,-0.006,41.6,987711461769.0,6.9,6.97,7.15,7.58
2008,2026-09-28,30.5,31.5,50.3,0.774,0.831,-0.057,57.3,2995191723.0,30.66,30.72,29.98,27.95
2009,2026-09-28,39.15,48.9,50.5,-0.218,-0.421,0.204,49.3,18015275939.0,39.26,39.14,38.88,40.18
2010,2026-09-28,22.45,60.2,59.8,0.362,0.407,-0.045,55.7,63586281668.0,22.28,22.35,21.98,20.57
2012,2026-09-28,14.15,17.0,16.6,-0.326,-0.286,-0.041,40.9,2364050737.0,14.23,14.57,14.67,15.51
2013,2026-09-28,41.2,43.1,49.5,0.19,0.215,-0.025,51.7,49724835652.0,41.32,41.33,41.06,40.41
2014,2026-09-28,16.8,29.5,28.9,-0.173,-0.078,-0.096,46.6,357397124578.0,16.78,16.96,17.33,16.84
2015,2026-09-28,63.1,41.8,49.3,0.567,0.578,-0.011,49.1,11457242574.0,64.38,64.46,63.4,62.33
2017,2026-09-28,8.92,31.8,34.6,-0.072,-0.066,-0.006,47.6,4648827521.0,8.95,8.96,9.07,9.16
2020,2026-09-28,24.3,75.9,64.4,0.129,-0.107,0.236,70.2,658214269680.0,22.25,21.88,21.64,22.09
2022,2026-09-28,7.3,19.2,21.6,-0.265,-0.23,-0.035,40.4,1954606260.0,7.3,7.48,7.64,8.12
2023,2026-09-28,13.55,24.5,30.7,-0.178,-0.198,0.02,42.5,218998568148.0,13.71,13.72,13.76,14.45
2024,2026-09-28,12.75,10.5,18.3,-0.556,-0.55,-0.006,34.2,161556287950.0,13.01,13.27,13.62,15.32
2025,2026-09-28,13.35,61.9,53.7,0.254,0.224,0.03,57.0,6558986154.0,12.77,12.69,12.73,11.65
2027,2026-09-28,47.15,58.8,66.1,2.782,2.613,0.169,60.4,30451366405.0,47.76,47.49,43.97,38.85
2028,2026-09-28,16.6,68.3,58.4,-0.286,-0.416,0.13,52.8,4461100715.0,16.03,15.85,16.01,16.9
2029,2026-09-28,22.15,69.9,68.6,0.363,0.236,0.126,63.3,25707861584.0,21.5,21.44,20.82,20.77
2030,2026-09-28,33.4,95.2,87.0,3.266,1.966,1.3,89.4,77239220156.0,27.14,23.68,20.82,16.71
2031,2026-09-28,45.7,78.7,75.4,2.102,1.681,0.421,62.5,22215965934.0,45.14,44.39,41.57,38.94
2032,2026-09-28,19.9,78.5,68.1,0.596,0.383,0.213,68.5,18354284562.0,17.97,17.34,17.18,15.76
2033,2026-09-28,38.5,90.6,86.4,4.835,2.562,2.273,90.5,83403961447.0,32.73,26.62,21.13,17.95
2034,2026-09-28,23.4,83.9,82.0,0.691,0.303,0.388,68.9,1325589842718.0,21.8,20.83,20.09,19.69
2035,2026-09-21,26.5,39.8,41.8,-0.401,-0.378,-0.023,42.7,194615747.0,26.75,26.87,27.32,28.09
2038,2026-09-28,12.65,43.3,35.6,-0.517,-0.536,0.019,43.1,2647155425.0,12.44,12.54,12.98,14.23
2049,2026-09-28,335.5,45.2,50.9,16.9,22.307,-5.408,52.8,2756170690.0,343.5,348.55,342.4,265.99
2059,2026-09-28,12115.0,68.0,75.2,2185.661,2047.12,138.541,69.2,-289612378.0,12580.0,12188.74,9503.1,5520.5
2061,2026-09-28,59.4,41.9,31.9,6.814,7.797,-0.983,63.1,221423409.0,53.37,53.11,52.15,29.55
2062,2026-09-28,18.0,61.8,65.6,-0.361,-0.468,0.108,43.1,568457182.0,18.18,18.07,18.02,19.6
2063,2026-09-28,23.45,15.8,24.5,-0.609,-0.623,0.015,32.8,27736600.0,23.76,23.91,24.26,25.66
2064,2026-09-28,11.9,26.6,25.7,-0.201,-0.072,-0.129,43.3,71822851.0,12.03,12.08,12.84,12.56
2065,2026-09-28,35.15,57.0,57.5,1.061,0.999,0.062,57.9,35265683.0,35.4,35.02,34.33,31.07
2066,2026-09-28,52.7,18.0,18.0,-0.458,0.495,-0.953,45.8,38944975.0,52.86,54.65,57.87,54.36
2067,2026-09-28,5.2,26.8,23.5,-0.782,-0.762,-0.02,31.5,36790996.0,5.03,5.47,6.05,8.11
2069,2026-09-28,26.5,85.0,80.0,1.926,1.202,0.724,82.9,666503377.0,24.47,22.16,20.36,17.7
2070,2026-09-28,62.8,65.0,63.0,2.978,3.42,-0.442,54.9,191091916.0,61.68,60.9,61.7,48.8
2072,2026-09-28,131.5,13.2,16.5,-17.784,-18.792,1.008,36.1,-25145116.0,130.3,138.63,147.57,202.02
2073,2026-09-28,25.2,28.6,34.0,-0.171,-0.041,-0.13,43.4,-3862178.0,25.79,26.32,26.25,26.6
2101,2026-09-28,29.8,9.7,20.8,-0.908,-0.736,-0.172,41.5,1724672576260.0,30.37,31.47,31.64,34.38
2102,2026-09-28,16.3,9.4,21.7,-0.557,-0.336,-0.221,31.2,-10962741016.0,17.22,18.02,18.22,19.2
2103,2026-09-28,27.4,77.7,76.4,2.31,2.135,0.176,63.3,132336922053.0,27.36,26.65,24.14,19.27
2104,2026-09-28,10.7,60.1,53.5,-0.092,-0.19,0.098,50.4,240434544759.0,10.64,10.4,10.42,10.94
2105,2026-09-28,30.1,14.0,20.1,-0.162,-0.038,-0.124,46.5,219518876756.0,30.31,30.59,31.0,31.13
2106,2026-09-28,16.45,8.9,18.5,-0.367,-0.32,-0.047,40.8,-158010190169.0,16.7,17.17,17.19,18.38
2107,2026-09-28,26.8,81.9,82.1,0.738,0.676,0.062,65.3,25143870438.0,26.92,26.5,25.82,24.18
2108,2026-09-28,28.2,42.7,51.6,0.746,1.005,-0.259,50.5,19462161178.0,28.86,29.13,28.96,25.39
2109,2026-09-28,14.35,72.1,69.4,0.058,0.015,0.043,54.7,-9389194225.0,14.32,14.24,14.13,14.26
2114,2026-09-28,89.7,59.6,52.9,0.992,0.953,0.039,62.8,185827417.0,89.42,88.82,88.71,86.31
2115,2026-09-28,23.7,71.8,75.7,0.644,0.385,0.259,63.6,126475467.0,23.75,23.43,22.13,22.64
2201,2026-09-28,29.2,57.4,61.3,0.138,-0.22,0.358,52.1,217052682942.0,29.83,28.86,28.14,30.25
2204,2026-09-28,52.0,47.2,54.8,-0.012,-0.079,0.067,47.5,-11871646632.0,52.82,52.9,52.45,53.67
2206,2026-09-28,62.5,54.2,57.8,1.445,1.367,0.078,55.4,-12360385227.0,63.2,63.11,61.37,59.08
2207,2026-09-28,506.0,33.3,48.0,6.775,4.053,2.722,49.7,1748416368.0,524.4,524.8,499.11,517.49
2208,2026-09-28,19.1,30.5,32.4,-0.251,-0.304,0.052,47.6,648192605.0,19.11,19.22,19.0,20.47
2211,2026-09-28,78.8,11.1,20.2,-2.968,-2.385,-0.583,33.4,104497571.0,80.98,82.8,85.27,91.36
2221,2026-09-28,180.0,93.2,84.8,27.948,14.955,12.993,93.0,408674230.0,131.54,93.75,69.72,42.98
2227,2026-09-28,44.75,7.5,15.6,-1.532,-1.29,-0.243,29.8,202622674.0,46.06,47.2,48.05,51.48
2228,2026-09-28,75.0,20.5,18.5,-3.17,-3.242,0.072,40.5,1622753110.0,74.38,75.28,77.99,88.69
2230,2026-09-28,21.75,20.1,25.4,-6.703,-8.445,1.743,29.2,208979598.0,22.04,23.0,24.22,57.96
2231,2026-09-28,92.0,18.7,19.7,-3.235,-2.097,-1.139,45.3,540433244.0,90.68,93.46,97.56,101.59
2233,2026-09-28,168.0,14.2,12.7,-21.871,-14.536,-7.335,39.8,722180664.0,164.6,176.2,223.64,221.5
2235,2026-09-21,28.3,76.9,63.7,-0.851,-1.139,0.287,45.0,13083510.0,28.33,27.69,28.19,31.53
2236,2026-09-28,107.0,12.0,15.5,-3.624,1.538,-5.162,38.0,232774688.0,115.1,120.8,135.55,117.55
2237,2026-09-28,26.9,7.3,9.7,-1.74,-0.64,-1.1,33.6,24678764.0,27.17,28.19,33.53,30.64
2239,2026-09-28,18.8,20.2,21.7,-1.737,-1.86,0.123,34.1,45770893.0,19.17,19.45,20.86,26.53
2241,2026-09-28,44.0,69.2,49.5,1.255,0.844,0.411,61.4,280929864.0,38.26,35.84,38.39,34.03
2243,2026-09-28,50.5,55.3,44.9,6.285,6.72,-0.435,64.3,278294088.0,49.16,44.85,44.39,24.27
2247,2026-09-28,223.0,53.8,60.3,-2.386,-3.987,1.6,44.2,26614135.0,229.0,228.1,225.06,248.22
2248,2026-09-28,61.5,46.1,46.1,3.059,3.19,-0.132,59.3,1544139.0,60.9,61.02,58.12,50.02
2250,2026-09-28,56.8,46.6,39.9,-2.069,-2.414,0.345,43.6,79758421.0,57.1,57.11,58.77,68.11
2254,2026-09-28,91.8,88.6,73.3,4.255,0.876,3.379,76.3,31613340.0,77.06,68.84,65.05,63.56
2258,2026-09-28,30.95,46.1,43.9,-0.694,-0.891,0.197,46.5,804830.0,30.81,31.07,31.33,35.1
2301,2026-09-28,281.0,66.9,70.6,29.468,26.26,3.208,63.0,4248410977133.0,287.0,272.99,242.71,186.46
2302,2026-09-28,45.3,70.3,60.2,5.018,5.447,-0.429,62.0,-2641224227.0,43.97,42.8,41.81,25.99
2303,2026-09-28,153.5,68.1,57.3,15.893,16.237,-0.344,66.5,2420013876748.0,146.8,133.85,137.66,81.89
2305,2026-09-28,69.1,83.8,66.5,9.723,6.111,3.612,83.0,74735322988.0,52.52,40.36,35.09,20.25
2308,2026-09-28,1835.0,60.7,51.8,47.543,82.358,-34.815,52.4,-35674604223.0,1785.0,1768.0,1906.39,1416.63
2312,2026-09-28,30.7,39.4,42.5,0.949,1.545,-0.596,51.0,106438522334.0,31.13,31.35,32.89,25.98
2313,2026-09-28,226.0,64.9,62.1,6.821,9.855,-3.034,52.2,46018468244.0,229.6,219.55,231.05,169.78
2314,2026-09-28,11.05,20.2,16.1,-1.878,-2.04,0.162,36.1,1933467367.0,10.91,11.18,12.81,18.14
2316,2026-09-28,162.0,50.3,44.0,8.159,11.944,-3.785,54.3,12868056781.0,158.4,157.6,169.35,124.15
2317,2026-09-28,250.5,45.1,48.4,6.661,8.159,-1.498,54.3,21243635657.0,251.1,252.4,252.16,227.74
2321,2026-09-28,25.0,37.1,46.6,-0.298,-0.26,-0.037,44.8,2376262515.0,26.35,26.78,26.41,28.76
2323,2026-09-28,10.7,50.6,50.9,0.043,0.079,-0.036,49.9,69612212943.0,10.74,10.69,10.85,10.29
2324,2026-09-28,36.05,32.7,43.6,1.53,1.92,-0.39,50.4,4165436736406.0,37.93,38.4,37.36,32.22
2327,2026-09-28,548.0,31.4,28.6,24.928,59.241,-34.313,48.9,2996045918882.0,556.8,559.9,697.79,390.51
2328,2026-09-28,47.0,71.4,60.1,-0.519,-0.519,0.0,49.6,197542766931.0,46.6,45.64,48.05,48.76
2329,2026-09-28,43.8,55.6,44.3,-2.446,-2.075,-0.372,43.8,17694824853.0,43.41,43.39,48.0,49.47
2330,2026-09-28,2475.0,81.0,75.2,130.024,148.411,-18.387,68.5,4216718620985.0,2443.17,2420.06,2382.4,1864.8
2331,2026-09-28,18.7,36.3,39.8,-0.787,-0.699,-0.088,41.3,1784652703456.0,18.95,19.32,20.18,21.35
2332,2026-09-28,20.1,22.1,27.7,0.926,1.125,-0.199,54.1,3417238210867.0,19.64,20.48,19.64,17.19
2337,2026-09-28,118.5,44.2,42.8,1.236,5.75,-4.514,48.4,202697297105.0,119.4,120.5,134.2,90.21
2338,2026-09-28,47.1,60.1,51.2,0.091,-0.251,0.342,53.0,-4251456488.0,46.11,42.4,46.03,42.66
2340,2026-09-28,38.0,76.2,59.3,0.941,0.866,0.076,59.1,660234702287.0,34.45,32.72,34.42,29.48
2342,2026-09-28,50.1,69.2,52.9,2.151,1.913,0.238,60.2,23575507882.0,43.35,40.52,43.33,34.74
2344,2026-09-28,174.0,69.6,65.8,16.123,19.042,-2.919,57.4,2902716203232.0,174.1,171.0,171.12,104.93
2345,2026-09-28,1810.0,11.9,19.7,18.479,110.765,-92.285,43.7,-13938404806.0,1909.0,2034.5,2210.55,1605.77
2347,2026-09-28,94.5,59.4,55.6,4.8,5.07,-0.271,68.5,671604188022.0,91.36,90.88,88.28,71.65
2348,2026-09-28,70.5,60.4,70.1,0.89,0.244,0.646,51.5,194866742.0,71.82,71.27,68.27,70.75
2349,2026-09-28,10.4,20.0,22.5,-0.678,-0.517,-0.162,39.2,-292028054108.0,10.47,10.77,11.87,12.11
2351,2026-09-28,215.5,73.3,72.1,24.579,23.728,0.851,60.4,-11162924497.0,230.0,205.8,197.77,127.93
2352,2026-09-28,29.0,56.5,47.5,0.616,0.694,-0.079,53.5,2489915837160.0,29.03,28.73,29.15,27.83
2353,2026-09-28,31.4,65.8,59.8,0.706,0.818,-0.111,52.7,3503931770541.0,31.78,31.19,31.92,28.88
2354,2026-09-28,65.1,78.5,77.2,2.367,1.448,0.92,61.2,2269806262425.0,65.6,63.29,59.93,60.34
2355,2026-09-28,41.6,54.7,46.6,-1.216,-0.317,-0.899,45.4,188522496315.0,41.72,41.38,47.36,41.06
2356,2026-09-28,59.2,22.5,35.9,2.919,4.271,-1.352,50.1,-90916087136226.0,62.06,63.66,64.19,49.98
2357,2026-09-28,963.0,76.2,76.6,97.21,87.171,10.039,64.4,801787174564.0,965.0,933.4,825.25,652.74
2359,2026-09-28,128.5,23.4,32.6,1.07,2.954,-1.884,47.1,2634888689.0,131.2,137.55,137.78,131.5
2360,2026-09-28,2185.0,57.2,55.2,149.147,179.081,-29.934,55.9,44070921496.0,2192.0,2150.0,2171.45,1424.39
2362,2026-09-28,46.7,59.9,62.8,2.227,2.18,0.046,55.4,109815311823.0,47.82,47.65,45.28,40.53
2363,2026-09-28,59.2,59.7,45.7,-0.054,0.001,-0.056,55.2,60173304121.0,54.68,53.04,57.86,54.05
2364,2026-09-28,64.9,31.6,38.9,1.733,1.697,0.035,53.4,1607422071.0,64.92,66.07,63.51,61.96
2365,2026-09-28,28.1,31.2,34.5,-1.794,-1.579,-0.215,39.0,155802187729.0,28.33,29.15,31.48,35.16
2367,2026-09-28,42.25,53.6,44.9,-3.24,-2.215,-1.026,42.8,104510737586.0,41.7,41.65,49.08,44.06
2368,2026-09-28,1120.0,63.3,54.8,23.698,36.134,-12.436,54.5,96973089625.0,1064.0,1020.5,1109.82,839.62
2369,2026-09-28,31.6,41.7,36.0,0.285,1.066,-0.781,49.9,-1110767293.0,30.88,31.31,34.09,27.31
2371,2026-09-28,29.35,77.6,68.7,-0.831,-1.398,0.567,51.0,-40620361031.0,28.6,27.57,27.79,32.7
2373,2026-09-28,52.5,11.8,15.0,-0.122,0.03,-0.153,41.8,97365254206.0,52.9,53.17,53.6,53.18
2374,2026-09-28,66.2,53.3,53.2,-1.698,-1.416,-0.282,42.9,3634187066.0,67.12,67.16,70.29,73.71
2375,2026-09-28,117.5,23.3,24.9,1.325,7.193,-5.868,47.2,18283103275523.0,119.6,121.69,146.5,104.03
2376,2026-09-28,362.0,55.4,55.0,21.968,22.753,-0.785,58.8,3126750216257.0,357.9,354.4,342.17,282.41
2377,2026-09-28,151.0,55.7,59.2,11.396,11.293,0.103,60.3,100663871318.0,153.6,149.55,141.75,115.71
2379,2026-09-28,760.0,64.3,52.3,48.124,49.386,-1.262,62.1,4825893562.0,725.71,709.54,695.81,561.28
2380,2026-09-28,16.55,13.6,13.9,-0.811,-0.342,-0.469,39.5,1116273502.0,17.15,18.2,19.72,19.67
2382,2026-09-28,336.5,73.7,64.3,9.375,10.551,-1.177,54.3,953655967184265.0,339.9,327.05,335.55,295.98
2383,2026-09-28,4920.0,39.0,50.2,443.816,606.585,-162.769,53.3,676800665147.0,5128.0,5286.08,5197.38,3091.05
2385,2026-09-28,104.5,45.3,47.8,-3.471,-3.305,-0.166,43.0,-14610003845.0,106.1,105.95,111.07,116.73
2387,2026-09-28,36.25,25.0,22.7,-0.773,-0.515,-0.258,42.1,13107833050.0,36.5,36.85,38.4,38.01
2388,2026-09-28,71.2,32.0,42.6,2.18,3.176,-0.996,50.6,-12922849864.0,73.56,73.95,73.83,62.32
2390,2026-09-28,10.2,22.6,18.3,-0.151,-0.003,-0.148,45.5,176130814742.0,10.15,10.27,11.05,10.44
2392,2026-09-28,40.85,58.1,61.5,1.183,0.692,0.491,52.6,877758446343.0,42.51,41.22,39.23,39.98
2393,2026-09-28,63.6,72.9,71.3,0.946,1.074,-0.129,52.4,-332125532.0,63.66,63.12,62.85,58.93
2395,2026-09-28,730.0,88.1,85.3,87.588,78.683,8.905,73.4,33860239516.0,705.4,672.5,583.97,406.56
2397,2026-09-28,63.0,61.3,59.0,1.121,0.832,0.288,54.7,44206543455.0,61.72,61.99,60.38,60.79
2399,2026-09-28,49.2,81.0,71.2,3.264,3.441,-0.177,60.9,11505790068.0,47.55,45.2,45.66,32.58
2401,2026-09-28,26.05,35.6,30.1,0.147,0.677,-0.53,50.0,60726524786.0,25.37,25.69,27.98,23.96
2402,2026-09-28,56.9,43.4,39.6,-0.729,-0.133,-0.595,49.8,2004951199684.0,55.38,54.9,58.8,55.51
2404,2026-09-28,1220.0,64.2,48.6,42.441,43.953,-1.512,57.7,54487249535.0,1141.0,1121.5,1158.94,1000.72
2405,2026-09-28,15.15,23.4,22.0,-0.462,-0.301,-0.161,43.4,46300494069.0,15.03,15.42,16.55,16.95
2406,2026-09-28,30.3,37.1,23.5,-0.545,0.073,-0.618,49.5,9106472805.0,28.42,29.09,32.2,28.13
2408,2026-09-28,506.0,72.9,74.1,65.758,66.515,-0.757,64.3,24602071348.0,504.6,492.05,442.67,262.18
2409,2026-09-28,35.05,75.9,63.3,3.529,2.979,0.55,74.5,1859750611173.0,31.32,28.26,27.14,18.35
2412,2026-09-28,144.0,79.4,70.0,3.063,2.469,0.594,65.8,-53708601852.0,142.5,139.65,137.91,131.79
2413,2026-09-28,51.0,69.5,62.9,1.701,1.213,0.488,56.7,900789895535.0,50.28,45.95,47.38,38.76
2414,2026-09-28,53.1,17.3,20.6,1.948,2.744,-0.797,56.2,34886952003.0,52.96,53.6,54.2,45.16
2415,2026-09-28,27.25,30.7,28.2,0.571,0.876,-0.305,51.2,117859225779.0,27.34,27.38,27.67,24.87
2417,2026-09-28,38.7,24.4,32.3,-0.578,0.195,-0.774,44.0,42345303110.0,39.55,41.28,43.34,40.81
2419,2026-09-28,29.0,69.5,57.1,-0.295,-0.579,0.285,54.6,4536945793.0,27.94,26.2,27.48,26.94
2420,2026-09-28,53.9,55.5,50.1,0.332,0.736,-0.404,50.2,-26497739120.0,53.78,53.74,55.73,51.54
2421,2026-09-28,163.5,69.8,70.0,6.814,4.444,2.369,56.7,98595290571.0,168.0,157.45,150.62,143.99
2423,2026-09-28,72.0,43.0,46.8,3.594,4.857,-1.263,55.2,-25633261042.0,72.78,74.0,74.64,59.46
2424,2026-09-28,8.12,33.7,30.1,-4.941,-6.012,1.072,26.1,6813990733.0,8.12,8.26,9.54,30.47
2425,2026-09-28,37.45,13.3,20.6,1.188,2.143,-0.954,50.0,2450094880.0,37.25,40.31,39.68,33.38
2426,2026-09-28,99.8,79.1,73.0,14.102,12.577,1.526,64.5,170923221935.0,100.06,86.33,79.62,43.31
2427,2026-09-28,23.25,55.1,46.5,-0.034,-0.248,0.214,51.9,15559295846.0,23.01,22.63,22.49,24.19
2428,2026-09-28,251.5,62.9,55.0,12.834,16.958,-4.124,53.4,16633315661.0,256.3,247.27,264.9,200.1
2429,2026-09-28,30.65,9.3,10.7,-6.696,-7.109,0.413,37.0,474181958.0,30.85,31.6,37.25,63.92
2430,2026-09-28,18.1,85.2,69.6,-0.705,-0.934,0.229,39.0,55116428396.0,18.05,17.7,17.95,20.92
2431,2026-09-28,10.0,29.4,27.6,-0.489,-0.486,-0.003,41.4,12930882208.0,10.06,10.17,10.6,11.85
2432,2026-09-28,27.65,23.9,27.0,0.393,0.508,-0.115,54.7,634939.0,27.34,27.66,27.39,26.1
2433,2026-09-28,40.0,12.3,22.7,-0.686,-0.584,-0.102,24.7,224203384.0,40.7,41.28,41.49,43.58
2434,2026-09-28,64.8,56.0,48.3,7.478,7.081,0.397,61.0,2712319224.0,63.9,58.24,53.56,37.9
2436,2026-09-28,75.9,82.9,68.5,2.516,2.015,0.5,59.6,24892076914.0,69.7,66.45,67.54,57.94
2438,2026-09-28,19.7,49.5,45.8,-0.795,-0.967,0.172,47.4,153222004496.0,20.21,19.09,20.49,22.32
2439,2026-09-28,78.1,48.0,37.3,-2.677,-2.894,0.218,41.4,34965513296.0,77.78,77.49,81.15,89.16
2440,2026-09-28,14.15,25.0,20.8,-0.408,-0.169,-0.239,42.6,-855119509.0,14.22,14.4,15.69,14.61
2441,2026-09-28,122.0,66.8,57.3,5.893,7.079,-1.186,55.5,2533023603562.0,119.4,115.45,121.75,92.04
2442,2026-09-28,14.35,20.2,30.8,-0.64,-0.552,-0.088,31.0,2376370404.0,14.87,15.52,15.77,17.95
2444,2026-09-28,15.05,72.2,51.8,0.211,-0.152,0.363,67.9,4573433612.0,13.09,12.03,12.27,12.17
2449,2026-09-28,294.5,69.5,59.5,7.006,4.886,2.12,55.7,55116070976.0,284.4,263.65,275.73,239.85
2450,2026-09-28,28.2,25.6,25.6,-0.005,0.07,-0.075,46.6,-3966184390.0,28.26,28.32,28.57,28.06
2451,2026-09-28,286.0,46.2,55.8,12.637,16.429,-3.792,54.5,129661205134.0,282.9,290.35,286.08,217.04
2453,2026-09-28,53.5,54.7,51.8,0.166,0.056,0.109,51.6,-7551409101.0,53.4,52.89,53.49,53.26
2454,2026-09-28,4910.0,78.9,75.2,594.069,550.24,43.829,64.9,41563412821.0,4781.0,4334.5,4166.6,2462.08
2455,2026-09-28,543.0,85.8,80.5,69.482,54.266,15.216,69.2,152884982175.0,539.2,457.15,411.17,264.55
2457,2026-09-28,21.75,32.4,30.9,-1.368,-1.107,-0.261,39.7,63589242449.0,22.07,22.39,24.9,26.29
2458,2026-09-28,136.0,23.5,18.8,-0.735,2.568,-3.303,47.2,30266577498.0,133.0,136.78,149.5,130.11
2459,2026-09-28,64.9,43.7,52.1,0.812,0.951,-0.14,52.7,23853722671.0,65.48,65.71,64.96,62.58
2460,2026-09-28,29.85,34.8,30.3,0.284,0.885,-0.6,49.8,332826667007.0,29.67,29.62,31.58,25.6
2461,2026-09-28,17.4,62.1,64.0,0.252,0.261,-0.009,50.3,31999523456.0,17.77,17.68,17.54,16.7
2462,2026-09-28,19.85,42.0,29.7,-0.82,-0.739,-0.081,43.4,8910506799.0,19.78,19.76,21.28,22.56
2464,2026-09-28,192.0,69.7,69.2,24.263,24.25,0.013,61.0,7343539228.0,196.8,185.08,172.01,104.94
2465,2026-09-28,91.9,58.0,59.3,6.494,6.421,0.072,56.7,5433742270.0,92.32,89.69,84.9,69.03
2466,2026-09-28,113.5,70.8,63.3,13.731,11.341,2.39,64.3,495668096.0,108.44,102.29,86.11,68.27
2467,2026-09-28,544.0,49.4,50.7,31.166,44.1,-12.934,54.0,3644138651.0,551.2,543.95,558.72,374.64
2468,2026-09-28,46.05,74.8,61.5,1.463,-0.2,1.663,66.4,1923900062.0,41.57,37.53,36.5,39.85
2471,2026-09-28,51.3,66.7,67.9,0.721,0.474,0.247,55.7,1218888620.0,51.16,50.11,49.62,48.33
2472,2026-09-28,213.0,19.2,19.1,2.637,17.442,-14.805,46.3,196528445281.0,217.2,222.06,282.99,170.67
2474,2026-09-28,205.5,75.6,70.7,3.759,2.707,1.052,54.3,-6006534907.0,207.0,202.0,198.93,191.95
2476,2026-09-28,124.5,71.3,66.1,5.431,6.181,-0.75,58.3,468068552900.0,122.0,120.54,120.66,102.17
2477,2026-09-28,23.1,76.0,61.4,0.078,-0.141,0.219,57.7,19230194102.0,22.43,21.87,21.79,22.38
2478,2026-09-28,117.5,34.1,30.9,5.118,11.631,-6.513,48.9,63482477207.0,120.4,120.55,145.87,88.31
2480,2026-09-28,159.5,63.4,62.8,4.443,4.461,-0.018,56.6,-2116336680.0,159.8,159.7,156.19,149.49
2481,2026-09-28,175.5,74.9,58.0,13.762,13.713,0.049,60.7,10137514389.0,164.9,150.0,157.62,108.28
2482,2026-09-28,16.35,33.3,20.9,-0.307,-0.304,-0.003,47.2,6821325403.0,16.1,16.1,16.58,17.44
2483,2026-09-28,32.5,18.2,18.4,1.186,3.085,-1.899,48.3,198085306.0,32.3,34.3,38.86,26.43
2484,2026-09-28,76.9,61.0,51.3,8.198,9.698,-1.5,61.3,33396599238.0,71.44,71.28,70.86,40.74
2485,2026-09-28,39.75,42.0,37.8,-3.421,-1.85,-1.571,42.2,5612478404.0,39.66,40.15,49.1,39.64
2486,2026-09-28,237.0,47.3,51.1,14.139,19.289,-5.15,53.7,-17621474355.0,240.4,235.1,244.05,161.83
2488,2026-09-28,48.7,41.8,41.2,0.434,0.775,-0.341,51.2,1414688567.0,48.68,49.02,49.69,46.06
2489,2026-09-28,41.1,74.5,65.2,1.89,1.849,0.04,55.0,-84282965886.0,40.79,36.89,39.32,28.08
2491,2026-09-28,40.2,54.8,56.7,5.244,5.216,0.028,56.9,239844711.0,40.53,38.72,35.73,22.52
2492,2026-09-28,302.0,58.7,46.9,19.811,32.306,-12.496,51.7,227527613575.0,306.6,288.4,354.49,197.9
2493,2026-09-28,196.0,29.4,26.3,10.652,16.98,-6.328,53.4,7682501266.0,186.9,190.2,205.96,143.48
2495,2026-09-28,38.95,60.4,48.5,0.266,1.105,-0.839,50.3,-73742955.0,38.19,37.74,42.37,33.12
2496,2026-09-28,55.1,48.1,39.0,-1.448,-1.432,-0.017,35.8,35323893.0,55.06,54.94,56.89,59.31
2497,2026-09-28,43.6,18.6,18.2,-1.936,-0.79,-1.146,40.4,-1115611736.0,43.97,45.09,50.83,47.92
2498,2026-09-28,43.0,54.8,40.3,-0.771,-0.964,0.193,51.9,27172024295.0,41.18,40.78,42.39,46.68
2501,2026-09-28,21.15,22.4,29.9,-0.143,0.09,-0.233,42.8,65640864836.0,21.75,22.13,22.55,21.94
2504,2026-09-28,30.55,32.7,36.4,-0.664,-0.635,-0.029,38.2,237003607342.0,31.12,31.1,31.9,33.13
2505,2026-09-28,16.95,42.5,47.9,-0.154,-0.184,0.029,46.0,146350828822.0,17.06,17.12,17.09,17.69
2506,2026-09-28,8.41,31.8,31.8,-0.113,-0.099,-0.013,42.0,-4292514178.0,8.45,8.53,8.61,8.94
2509,2026-09-28,14.05,55.1,59.6,0.128,0.002,0.127,49.7,-13957741464.0,14.54,14.26,13.78,14.41
2511,2026-09-28,8.32,55.6,64.2,0.115,0.089,0.026,55.0,715072040.0,8.4,8.39,8.14,8.19
2514,2026-09-28,11.4,6.9,11.2,-0.645,-0.581,-0.065,22.9,9535877584.0,11.59,11.91,12.54,13.86
2515,2026-09-28,11.8,31.9,32.7,-0.23,-0.19,-0.04,43.9,328783913526.0,11.97,11.96,12.29,12.41
2516,2026-09-28,14.9,66.3,62.9,0.243,0.065,0.178,58.2,9418869651.0,14.73,14.42,13.92,14.22
2520,2026-09-28,37.0,71.8,75.2,1.506,1.093,0.413,60.9,-19810792558.0,37.17,35.89,34.08,32.68
2524,2026-09-28,34.25,35.7,34.6,-1.067,-1.256,0.189,43.5,-32991781132.0,35.12,35.11,35.54,39.53
2527,2026-09-28,48.35,71.8,61.9,3.805,3.615,0.19,71.6,28613247034.0,45.7,44.68,41.73,32.19
2528,2026-09-28,19.3,38.3,52.9,-0.474,-0.599,0.125,41.8,1867585119.0,19.72,19.97,19.65,22.09
2530,2026-09-28,20.1,59.9,54.7,-0.8,-1.217,0.417,46.1,-2812430964.0,20.08,19.6,19.37,24.02
2534,2026-09-28,16.9,31.9,44.3,-0.276,-0.343,0.067,45.4,2520684808.0,16.87,17.01,16.89,18.26
2535,2026-09-28,89.1,48.4,52.7,4.518,5.417,-0.899,61.8,-11816983997.0,89.68,89.76,88.52,71.14
2536,2026-09-28,19.15,44.8,50.9,-0.339,-0.438,0.099,44.5,74624877646.0,19.21,19.61,19.33,21.52
2537,2026-09-28,11.25,48.9,53.7,0.191,0.166,0.025,52.8,-2901703582.0,11.39,11.32,11.05,10.87
2538,2026-09-28,8.71,16.4,15.9,-0.298,-0.269,-0.029,35.8,68618560805.0,8.7,8.93,9.15,9.87
2539,2026-09-28,34.0,58.5,69.0,-0.144,-0.539,0.395,48.0,393668276.0,34.94,34.76,33.04,36.74
2540,2026-09-28,47.6,49.0,48.5,0.622,0.724,-0.102,49.7,383350544.0,48.69,48.79,48.37,46.28
2542,2026-09-28,38.6,36.7,57.0,1.257,1.608,-0.351,46.8,10391931007634.0,41.68,41.84,40.78,37.0
2543,2026-09-28,38.15,49.0,47.1,-3.847,-4.651,0.804,39.1,5499793995.0,38.42,38.35,39.83,54.56
2545,2026-09-28,33.9,57.2,56.7,-0.287,-0.389,0.102,46.5,38160383036.0,34.38,34.01,34.39,35.63
2546,2026-09-28,106.0,65.7,69.2,8.871,7.217,1.654,66.9,1591328284.0,105.5,101.77,89.96,78.29
2547,2026-09-28,9.85,24.2,29.0,-0.027,0.02,-0.046,46.5,184013765564.0,9.91,10.11,10.09,10.07
2548,2026-09-28,92.2,24.0,27.5,-2.198,-1.616,-0.582,40.2,41017552441.0,94.28,94.78,97.47,97.43
2596,2026-09-28,35.25,83.4,85.9,1.432,0.841,0.591,65.6,44689792.0,35.48,34.04,31.43,30.99
2597,2026-09-28,167.0,60.8,62.8,2.95,3.283,-0.333,52.5,281433565.0,169.0,168.25,167.79,158.6
2601,2026-09-21,5.91,18.5,30.9,0.162,0.212,-0.051,47.6,275331952223.0,6.39,6.46,6.17,5.87
2603,2026-09-28,238.0,70.8,70.9,13.832,11.268,2.563,62.6,42191936598.0,237.8,230.25,214.86,190.37
2605,2026-09-28,35.4,65.7,67.6,1.579,1.298,0.281,56.4,12110201922.0,36.07,34.84,32.61,29.17
2606,2026-09-28,73.4,71.5,73.7,4.32,3.472,0.848,59.6,-58647696148.0,76.44,72.34,67.82,60.4
2607,2026-09-28,53.1,90.1,87.5,1.115,0.256,0.859,62.5,-3547343491.0,53.38,51.56,48.93,51.98
2608,2026-09-28,28.55,26.6,31.0,-0.256,-0.33,0.074,42.7,76845325583.0,28.75,28.74,28.73,30.27
2609,2026-09-28,58.4,57.2,61.1,2.23,1.307,0.923,57.1,71432326921.0,59.32,56.97,53.59,52.62
2610,2026-09-28,20.1,14.5,21.2,0.251,0.362,-0.111,49.8,136997314150.0,20.28,20.69,20.45,19.69
2611,2026-09-28,14.05,24.1,34.4,0.042,0.054,-0.012,48.4,121809512866.0,14.17,14.52,14.18,14.37
2612,2026-09-28,60.8,72.7,72.0,2.05,1.225,0.824,56.5,-6722795425.0,62.66,59.36,56.65,55.49
2613,2026-09-28,21.95,39.0,40.2,-0.175,-0.326,0.151,48.1,6248525144.0,22.24,21.98,21.84,23.18
2614,2026-09-28,18.85,52.1,41.0,-0.385,-0.484,0.099,50.5,119364913829.0,18.27,18.26,18.37,19.94
2615,2026-09-28,111.0,63.8,69.3,10.404,7.83,2.574,62.0,15446094644.0,114.8,107.02,93.67,81.7
2616,2026-09-28,13.2,22.0,32.5,-0.26,-0.275,0.015,43.5,407280652.0,13.3,13.35,13.39,13.99
2617,2026-09-28,31.25,65.8,71.6,1.059,0.729,0.331,55.7,64254020635.0,32.62,31.15,29.74,28.66
2618,2026-09-28,41.5,51.0,57.3,1.704,1.804,-0.1,56.4,56385623987.0,42.02,42.21,40.43,36.69
2630,2026-09-28,46.3,13.4,25.2,-0.021,0.358,-0.379,45.9,1376755074.0,47.62,49.08,47.82,50.27
2633,2026-09-28,25.45,23.6,44.8,0.071,0.065,0.006,46.6,587806634.0,25.78,25.9,25.47,25.9
2634,2026-09-28,63.1,33.0,44.7,3.838,3.78,0.058,58.0,4428124830.0,63.92,65.09,58.73,54.19
2636,2026-09-28,70.4,50.5,56.0,2.088,1.614,0.473,58.4,487765627.0,70.82,69.53,67.0,64.35
2637,2026-09-28,95.0,69.7,73.7,8.047,6.99,1.056,59.3,3782279032.0,99.66,94.43,85.48,70.91
2640,2026-09-28,158.5,60.3,66.7,4.077,3.913,0.164,54.4,85420132.0,159.1,155.2,152.9,138.96
2641,2026-09-28,17.3,36.0,42.2,-0.199,-0.238,0.04,45.4,2149463286.0,17.63,17.65,17.72,18.83
2642,2026-09-28,20.3,31.7,29.6,-0.7,-0.869,0.169,38.9,17495811760.0,20.36,20.37,20.56,23.83
2643,2026-09-28,62.7,70.3,68.0,-0.437,-0.793,0.355,49.5,70620370.0,62.64,62.29,61.85,64.75
2645,2026-09-28,172.0,10.7,15.5,3.389,6.963,-3.574,48.9,632405995.0,172.9,179.15,181.7,163.66
2646,2026-09-28,20.05,14.2,23.5,-0.411,-0.4,-0.01,38.3,194897184.0,20.34,20.72,20.82,22.42
2701,2026-09-28,10.25,24.4,33.2,-0.05,-0.051,0.001,43.5,1478103490.0,10.33,10.35,10.33,10.57
2702,2026-09-28,12.65,60.5,48.6,-0.089,-0.058,-0.03,47.4,-942247392.0,12.74,12.62,12.83,12.61
2704,2026-09-28,45.0,25.4,34.3,0.688,0.763,-0.075,52.6,-1266885521.0,45.41,45.86,44.77,43.29
2705,2026-09-28,15.05,13.5,22.7,-0.287,-0.197,-0.09,34.9,10551548046.0,15.36,15.69,15.83,16.4
2706,2026-09-28,12.1,21.0,24.8,-0.028,-0.037,0.009,46.8,-13642188004.0,12.15,12.16,12.11,12.38
2707,2026-09-28,175.0,21.6,37.0,-0.152,0.198,-0.35,43.6,13007190362.0,177.0,178.25,178.25,178.89
2712,2026-09-28,13.4,8.4,13.0,-0.792,-0.754,-0.038,31.4,660545295.0,13.79,14.21,14.59,16.96
2718,2026-09-28,40.65,32.6,38.9,-1.105,-0.961,-0.144,43.9,8121253.0,40.63,41.54,42.9,46.01
2719,2026-09-28,19.2,5.7,5.9,-2.317,-2.244,-0.073,20.7,33196882.0,19.51,20.3,22.45,28.48
2722,2026-09-28,21.2,15.1,21.0,-0.854,-0.884,0.03,34.7,155119542.0,21.29,21.59,22.17,24.93
2723,2026-09-28,76.6,72.6,70.0,2.548,0.918,1.63,58.5,116667311.0,78.8,73.08,69.03,70.59
2724,2026-09-21,13.1,56.7,36.8,-1.445,-1.846,0.401,49.4,978250.0,11.3,11.11,11.79,16.73
2726,2026-09-28,8.03,11.7,11.5,-0.901,-0.972,0.071,25.3,15221175.0,8.08,8.31,8.98,12.08
2727,2026-09-28,235.0,53.9,55.7,4.933,5.298,-0.366,60.7,540230828.0,231.0,232.8,228.47,213.93
2729,2026-09-28,158.0,65.3,62.1,-1.375,-2.441,1.066,52.0,22081923.0,156.1,155.06,154.07,165.02
2731,2026-09-28,143.0,39.4,32.0,-2.22,-1.973,-0.248,44.0,1796308117.0,143.0,144.2,147.06,150.56
2732,2026-09-28,64.4,52.9,49.0,-0.416,-0.728,0.312,54.4,131618037.0,63.12,62.63,62.81,65.27
2734,2026-09-28,14.4,25.1,29.3,-0.638,-0.709,0.071,32.9,158581424.0,14.57,14.68,14.98,17.31
2736,2026-09-28,11.35,12.7,19.8,-0.508,-0.564,0.056,37.1,424344682.0,11.4,11.54,11.77,13.59
2739,2026-09-28,36.25,58.5,66.5,0.995,0.878,0.118,56.5,44070484.0,36.98,36.64,35.24,33.97
2740,2026-09-28,30.65,54.0,54.5,-0.969,-0.842,-0.127,44.3,1174864.0,30.86,31.11,31.53,31.44
2743,2026-09-28,53.3,31.5,26.2,-4.214,-4.336,0.122,34.6,116383258.0,53.94,54.39,58.35,70.39
2745,2026-09-28,84.0,12.9,18.0,-3.522,-2.756,-0.766,30.9,47740440.0,85.16,86.91,92.02,97.61
2748,2026-09-28,38.7,58.9,64.8,-0.144,-0.33,0.186,48.8,465160133.0,38.81,38.7,38.33,40.2
2751,2026-09-28,52.6,78.7,75.9,-0.368,-0.939,0.571,48.8,-1889471.0,53.1,52.25,51.44,56.99
2752,2026-09-28,177.5,59.7,59.9,-2.731,-3.443,0.712,43.3,14091319.0,177.2,177.4,177.28,187.96
2753,2026-09-28,179.0,80.9,82.0,3.23,2.422,0.807,60.3,48006780.0,179.3,177.46,172.79,171.64
2754,2026-09-28,68.0,34.8,43.2,-1.182,-1.645,0.463,42.1,58496089.0,68.66,69.04,68.42,77.12
2755,2026-09-28,99.0,12.3,14.5,-0.916,0.133,-1.049,42.8,13553415.0,98.96,100.88,103.57,100.59
2756,2026-09-28,62.5,80.8,71.9,-1.867,-3.288,1.421,48.4,627947.0,62.4,60.1,59.31,73.94
2762,2026-09-28,79.0,16.0,31.9,1.718,2.442,-0.724,50.8,23444266.0,80.04,81.82,81.12,73.69
2801,2026-09-28,27.5,78.9,85.0,2.057,1.596,0.461,73.9,-73369478817.0,27.74,25.81,23.59,20.68
2812,2026-09-28,18.8,54.0,65.9,0.139,0.074,0.065,50.4,943997110548.0,19.2,18.98,18.57,19.09
2816,2026-09-28,39.85,82.9,81.1,2.758,2.32,0.438,75.3,-765445327.0,40.01,37.84,35.33,30.06
2820,2026-09-28,16.85,61.8,62.0,0.265,0.251,0.014,54.9,9936872185.0,17.16,16.83,16.71,16.11
2832,2026-09-28,56.8,36.4,51.9,2.52,2.932,-0.412,56.9,2063571015.0,57.7,58.66,56.34,49.18
2834,2026-09-28,17.6,66.2,70.6,0.76,0.658,0.102,66.8,736630308099.0,17.76,17.13,16.54,15.09
2836,2026-09-28,12.0,48.7,55.0,0.13,0.125,0.005,51.2,41492747568.0,12.22,12.1,11.97,11.75
2838,2026-09-28,20.55,47.4,45.2,0.557,0.627,-0.07,54.4,11982976382.0,20.97,20.66,20.49,18.62
2845,2026-09-28,13.1,65.2,73.6,0.37,0.307,0.062,58.4,509682452.0,13.46,13.09,12.65,12.18
2849,2026-09-28,15.5,71.5,71.1,0.618,0.519,0.099,61.2,966973696.0,15.62,15.12,14.54,13.43
2850,2026-09-28,161.0,54.2,63.7,10.146,10.714,-0.569,69.9,182270740594.0,159.1,160.75,150.86,124.56
2851,2026-09-28,47.05,88.7,84.1,4.778,4.106,0.672,74.6,-798375295.0,47.07,43.62,39.54,29.95
2852,2026-09-28,27.7,46.2,57.0,0.712,0.656,0.056,58.5,26003115592.0,28.06,27.84,27.04,25.84
2855,2026-09-28,55.5,81.1,75.0,5.049,4.781,0.269,68.3,14566785543.0,53.84,50.0,49.03,33.72
2867,2026-09-07,9.7,79.0,81.7,0.573,0.516,0.057,72.8,896036719.0,9.71,9.54,8.79,7.59
2880,2026-09-28,44.9,78.4,81.4,3.472,2.901,0.571,65.4,99243201.0,45.63,43.14,39.11,33.2
2881,2026-09-28,151.5,84.5,84.1,14.021,12.553,1.467,78.7,349148639046.0,150.2,141.55,130.33,101.8
2882,2026-09-28,111.5,73.3,71.4,8.716,8.343,0.374,67.8,-50352853706.0,111.6,106.64,100.74,78.91
2883,2026-09-28,38.95,89.1,92.3,4.554,3.93,0.624,87.3,-50965132077.0,38.35,34.94,31.15,21.79
2884,2026-09-28,44.9,86.2,88.9,3.558,2.601,0.957,76.4,-64305258661.0,45.35,41.8,37.46,33.39
2885,2026-09-28,68.7,79.9,81.6,5.797,6.014,-0.217,70.1,-55825255985.0,69.54,67.33,63.72,46.39
2886,2026-09-28,49.1,64.7,70.5,2.726,2.565,0.161,62.4,1189422750441.0,50.21,49.38,46.15,41.32
2887,2026-09-28,41.8,83.8,89.0,4.895,4.393,0.503,74.4,536303251481.0,42.57,39.65,34.84,24.93
2889,2026-09-28,16.4,74.0,77.4,0.471,0.256,0.215,61.3,1137036144199.0,16.69,15.86,15.21,15.17
2890,2026-09-28,43.9,80.8,83.7,3.703,3.334,0.369,71.9,10129766769.0,44.17,42.03,38.44,30.78
2891,2026-09-28,68.7,67.2,64.3,3.905,4.147,-0.242,65.8,191032389041.0,68.44,66.79,65.47,52.54
2892,2026-09-28,38.6,81.5,83.9,2.722,2.129,0.593,72.8,732297509633.0,38.82,36.51,33.42,29.73
2897,2026-09-28,10.95,78.0,80.3,0.419,0.351,0.067,74.5,1702332249.0,10.99,10.6,10.24,9.36
2901,2026-09-28,23.8,25.9,25.4,-0.046,-0.085,0.039,53.4,-8732727.0,23.39,23.48,23.4,23.99
2903,2026-09-28,21.9,37.0,44.1,0.16,0.203,-0.043,49.6,57238607487.0,22.16,22.15,22.07,21.46
2904,2026-09-28,12.6,15.9,18.2,-0.695,-0.702,0.007,25.5,209194638.0,12.59,12.82,13.21,15.21
2905,2026-09-28,18.0,80.4,83.4,1.043,0.799,0.244,66.5,7029594579.0,18.28,17.56,16.06,14.73
2906,2026-09-28,13.3,52.5,56.3,0.289,0.278,0.012,51.8,123586654795.0,13.68,13.6,13.22,12.93
2908,2026-09-28,21.7,52.7,62.1,0.478,0.508,-0.03,55.9,24875629936.0,22.06,21.97,21.59,20.36
2910,2026-09-28,23.1,10.3,17.7,0.55,0.689,-0.138,51.3,116070152.0,23.44,23.96,23.21,21.4
2911,2026-09-28,6.03,4.7,9.6,0.035,0.242,-0.207,43.8,5533645607.0,6.26,6.5,7.22,5.72
2912,2026-09-28,212.0,11.3,20.3,-1.593,-0.499,-1.094,43.4,79713617538.0,214.7,217.5,219.38,223.09
2913,2026-09-28,11.0,37.0,33.0,-0.338,-0.422,0.084,41.4,154118209861.0,10.99,11.02,11.07,12.59
2915,2026-09-28,58.5,70.7,73.4,2.937,2.215,0.722,63.1,39452256548.0,58.34,57.37,52.91,50.76
2916,2026-09-28,40.55,50.8,47.3,-0.727,-0.823,0.096,42.5,94362142.0,40.36,40.39,41.05,43.08
2923,2026-09-28,23.9,14.1,19.3,0.516,1.162,-0.646,47.2,29768172.0,25.26,26.47,26.49,22.94
2924,2026-09-28,18.45,78.6,69.0,-0.521,-0.813,0.292,49.5,32189265.0,18.09,17.67,17.72,21.13
2926,2026-09-28,29.55,15.6,14.4,-1.913,-1.979,0.066,25.5,-4800639.0,30.05,30.12,31.91,37.17
2929,2026-09-28,5.81,50.1,45.9,-0.258,-0.354,0.096,41.8,248210697.0,5.79,5.73,5.8,7.15
2937,2026-09-28,44.7,81.7,76.0,1.024,1.043,-0.019,60.3,6050761.0,44.34,43.54,43.67,40.14
2938,2026-09-28,18.55,11.2,19.9,-1.226,-0.497,-0.729,28.9,-503009.0,20.09,22.72,23.59,25.12
2939,2026-09-28,20.25,56.6,48.3,-0.944,-1.161,0.218,45.5,-1944594.0,20.01,19.8,20.14,23.42
2941,2026-09-28,32.15,47.7,37.7,-1.476,-1.921,0.445,46.3,7185974.0,32.06,31.39,32.06,39.37
2945,2026-09-28,39.8,34.0,33.6,0.13,0.364,-0.234,48.0,-9330880.0,39.88,40.31,40.55,38.71
2947,2026-09-21,60.4,3.7,4.6,-4.944,-4.425,-0.519,20.5,-1783308.0,60.74,61.66,68.43,77.94
2948,2026-09-28,36.8,71.8,76.2,0.492,0.359,0.133,53.6,-1065436.0,37.17,37.11,35.78,35.83
2949,2026-09-21,64.0,55.6,39.5,0.208,0.089,0.118,51.8,-925497.0,63.12,61.71,63.48,63.95
3002,2026-09-28,18.9,57.0,48.7,-0.286,-0.507,0.22,51.0,-10392150801.0,18.49,17.62,18.44,19.83
3003,2026-09-28,59.7,38.7,45.0,1.645,2.52,-0.875,50.1,8785999833.0,60.24,62.18,62.43,53.89
3004,2026-09-28,117.5,15.2,15.6,-0.171,2.377,-2.548,45.4,4442321490.0,118.8,122.0,129.0,117.96
3005,2026-09-28,117.0,54.7,61.6,2.319,1.381,0.939,57.1,-8945622114.0,116.5,116.1,111.15,116.2
3006,2026-09-28,285.0,75.9,74.9,30.388,28.588,1.8,62.3,16726081191.0,284.0,265.6,244.5,160.25
3008,2026-09-28,6020.0,62.5,67.3,940.48,827.102,113.377,64.1,881919549.0,6551.0,5838.38,4939.73,3185.96
3010,2026-09-28,125.0,61.3,61.1,1.956,2.255,-0.299,52.7,14746882055.0,125.9,124.4,124.73,113.11
3011,2026-09-28,9.9,18.9,14.8,-0.993,-0.767,-0.227,31.6,1828096979.0,9.95,10.53,12.09,13.31
3013,2026-09-28,84.0,56.8,48.9,-6.071,-6.206,0.134,42.7,174736091.0,84.8,82.76,92.42,106.43
3014,2026-09-28,143.5,76.0,59.9,3.311,3.238,0.073,61.3,22663966924.0,136.3,133.45,137.36,124.17
3015,2026-09-28,53.7,31.3,27.5,-0.101,0.463,-0.564,49.4,16594191599.0,52.74,53.4,56.01,53.1
3016,2026-09-28,172.5,80.4,62.6,15.174,10.743,4.431,72.7,25047556724.0,131.9,113.78,116.18,76.92
3017,2026-09-28,3400.0,87.6,83.4,379.883,328.232,51.652,62.5,-1301187281.0,3465.0,3184.08,2812.8,1979.36
3018,2026-09-28,11.95,17.9,21.2,-0.013,0.061,-0.075,48.0,3866489969.0,11.76,12.81,12.18,12.42
3019,2026-09-28,135.5,35.8,39.8,-0.517,-0.224,-0.293,48.3,12670213764.0,137.9,135.8,140.0,140.47
3021,2026-09-28,29.6,76.4,55.5,1.625,1.255,0.37,65.5,300265332.0,26.21,23.28,25.04,19.61
3022,2026-09-28,93.0,41.5,45.8,6.077,6.016,0.061,57.9,253278041978.0,91.24,90.87,85.25,71.2
3023,2026-09-28,307.5,59.3,65.1,14.939,17.373,-2.434,53.4,290585483761.0,321.6,315.02,310.42,254.3
3024,2026-09-28,14.2,68.3,64.7,0.617,0.529,0.088,54.8,-11202595015.0,14.47,13.91,13.6,12.23
3025,2026-09-28,52.4,51.2,42.2,-1.783,-1.17,-0.613,44.2,1052034632.0,51.88,52.08,57.42,54.13
3026,2026-09-28,796.0,76.0,63.3,114.596,121.079,-6.483,61.0,16668147837.0,769.6,686.1,715.03,322.06
3027,2026-09-28,18.4,37.5,29.1,-0.938,-1.026,0.088,44.4,2908579933.0,18.06,18.18,19.2,22.01
3028,2026-09-28,62.7,27.9,30.7,1.213,3.262,-2.049,48.9,32039090700.0,62.56,63.98,69.6,51.0
3029,2026-09-28,117.5,77.1,79.4,4.032,2.283,1.749,59.8,-3689538270.0,118.1,114.35,107.85,107.97
3030,2026-09-28,276.0,34.0,34.1,-0.286,8.077,-8.363,48.0,-181422735.0,272.0,279.2,306.78,240.32
3031,2026-09-28,31.25,77.0,56.7,0.944,0.595,0.349,62.0,7951490544.0,27.7,25.37,27.02,22.95
3032,2026-09-28,77.9,39.5,37.6,0.103,0.396,-0.293,50.0,-2630527171.0,76.76,78.49,80.38,81.38
3033,2026-09-28,42.0,16.0,21.5,1.273,2.477,-1.203,49.5,-5763425584.0,42.18,43.92,46.1,35.5
3034,2026-09-28,540.0,66.8,68.1,32.885,32.77,0.116,60.0,558719410341.0,542.4,536.0,510.19,427.6
3035,2026-09-28,210.0,72.4,55.3,4.565,3.005,1.559,58.0,64797682975.0,191.2,180.1,191.17,172.25
3036,2026-09-28,207.5,41.8,36.5,0.164,3.131,-2.967,51.0,-4425498768.0,200.7,202.35,217.58,180.29
3037,2026-09-28,1165.0,74.1,66.0,126.181,125.545,0.636,65.2,159305569453.0,1042.0,1016.7,971.66,543.86
3038,2026-09-28,20.3,33.7,29.5,-0.484,-0.363,-0.121,41.3,65228855077.0,20.2,20.4,21.36,21.26
3040,2026-09-28,33.85,25.6,33.5,-2.951,-3.14,0.188,36.0,463224553.0,34.64,36.01,37.09,48.73
3041,2026-09-28,23.6,56.2,44.5,-0.567,-0.533,-0.034,48.4,353122970451.0,23.12,22.82,24.39,25.4
3042,2026-09-28,208.5,71.5,59.3,15.304,16.753,-1.449,61.1,512512514176.0,189.1,182.2,191.26,126.48
3043,2026-09-28,20.1,40.7,43.6,-0.345,-0.304,-0.041,44.8,2065400356.0,20.5,20.52,21.2,21.82
3044,2026-09-28,521.0,85.8,76.4,31.211,27.139,4.072,60.0,1651809839504.0,514.7,477.35,476.15,383.93
3045,2026-09-28,121.0,83.2,82.7,3.849,2.955,0.894,63.9,21273096156.0,121.3,116.9,114.04,107.32
3046,2026-09-28,53.6,28.9,37.4,1.45,1.898,-0.448,51.8,-1283181379.0,53.78,55.2,54.4,48.76
3047,2026-09-28,14.55,44.7,32.2,-0.65,-0.735,0.085,46.2,13108442500.0,14.03,14.05,14.83,16.79
3048,2026-09-28,51.1,38.9,41.2,1.105,2.605,-1.5,48.8,5152530445.0,51.52,53.18,58.6,45.03
3049,2026-09-28,12.15,55.7,52.9,0.238,0.348,-0.11,51.3,-29856486224.0,12.28,11.82,12.42,10.04
3050,2026-09-28,11.65,67.1,56.2,-0.302,-0.325,0.022,47.3,10381257276.0,11.43,11.4,11.82,12.35
3051,2026-09-28,22.65,52.8,44.6,-0.295,-0.024,-0.27,48.4,2015979067.0,22.11,22.44,24.13,22.19
3052,2026-09-28,10.35,57.5,60.3,-0.018,-0.052,0.034,48.8,6111136990.0,10.4,10.39,10.28,10.58
3054,2026-09-28,58.8,68.2,55.1,0.841,1.607,-0.766,53.2,239896378.0,57.24,54.33,59.59,44.79
3055,2026-09-28,203.5,72.2,58.9,24.927,17.527,7.4,71.5,1520584604.0,172.1,140.64,130.25,87.17
3056,2026-09-28,13.85,43.9,50.4,-0.317,-0.461,0.144,43.9,476129366.0,14.1,14.12,14.0,16.16
3057,2026-09-28,16.25,55.9,51.7,-0.45,-0.277,-0.173,46.1,1674985445.0,16.5,16.29,17.64,16.83
3058,2026-09-28,8.15,30.8,20.5,-0.397,-0.41,0.013,40.9,24342076010.0,8.12,8.16,8.62,9.82
3059,2026-09-28,37.85,34.0,30.6,-0.875,-0.419,-0.456,44.5,29887028327.0,37.88,38.25,41.35,41.87
3060,2026-09-28,27.45,27.2,23.0,-0.874,-0.4,-0.473,46.1,7812585901.0,26.76,27.32,29.87,28.28
3062,2026-09-28,22.0,62.1,48.7,-1.26,-1.265,0.005,45.6,105944958355.0,21.24,20.86,23.19,24.59
3064,2026-09-21,17.2,37.6,49.2,-3.835,-4.745,0.909,29.2,26739906.0,18.32,18.47,18.8,36.03
3066,2026-09-28,29.5,73.0,61.1,2.344,1.94,0.405,61.2,216583674.0,26.94,25.3,23.93,18.7
3067,2026-09-28,16.9,30.1,29.3,-0.484,-0.352,-0.132,41.7,8470417.0,16.88,17.32,18.02,18.37
3071,2026-09-28,22.9,10.8,15.7,-1.045,-0.347,-0.698,37.8,1005818184.0,23.58,24.32,27.3,25.26
3073,2026-09-28,20.6,22.0,32.5,-1.619,-1.903,0.285,36.4,77318396.0,21.28,21.74,21.57,28.86
3078,2026-09-28,45.65,28.2,26.6,-2.834,-2.832,-0.002,37.8,3605729329.0,45.13,47.2,49.02,59.09
3081,2026-09-28,2650.0,60.8,65.2,337.759,331.516,6.242,57.8,921154727.0,2842.0,2691.0,2358.54,1403.48
3083,2026-09-28,22.7,18.2,13.3,-1.809,-1.707,-0.101,28.5,645479832.0,22.68,23.46,25.39,29.48
3085,2026-09-28,11.4,47.2,53.5,-0.386,-0.403,0.018,41.7,9564516.0,11.59,11.79,11.98,13.37
3086,2026-09-28,27.7,30.6,29.0,-0.345,0.247,-0.592,45.5,1042028719.0,28.7,27.86,30.69,25.65
3088,2026-09-28,136.0,42.2,35.5,6.423,8.364,-1.941,57.8,763862292.0,128.6,127.4,133.12,99.72
3090,2026-09-28,161.0,51.4,42.5,4.034,13.055,-9.021,48.1,2831635050.0,166.1,161.95,206.14,128.09
3092,2026-09-28,22.75,27.8,23.9,-1.22,-0.665,-0.555,42.0,1337983292.0,23.0,23.39,26.19,23.67
3093,2026-09-28,43.9,29.3,28.2,-0.454,1.376,-1.831,45.9,504646374.0,44.44,45.48,51.82,39.07
3094,2026-09-28,59.7,86.9,76.0,6.168,4.257,1.911,75.8,2573495666.0,50.62,43.71,39.98,29.98
3095,2026-09-28,34.0,22.5,21.4,-0.372,0.45,-0.822,42.5,25067614.0,34.66,35.97,38.09,32.96
3105,2026-09-28,493.0,84.1,72.0,31.356,27.106,4.249,60.7,4914184731.0,476.4,423.25,435.78,295.34
3114,2026-09-28,35.0,57.4,43.0,1.144,1.568,-0.424,55.4,335582237.0,32.41,32.01,34.56,27.33
3115,2026-09-28,8.6,39.5,43.5,-0.392,-0.377,-0.015,44.6,22753932.0,8.41,8.75,8.83,10.2
3118,2026-09-28,31.35,23.4,26.6,0.021,0.111,-0.09,48.6,157188414.0,31.34,31.58,31.59,31.27
3122,2026-09-28,23.5,25.7,28.0,-1.187,-0.617,-0.57,40.1,843410639.0,24.21,24.74,27.55,26.47
3128,2026-09-28,20.35,42.9,42.9,-0.935,-1.051,0.116,42.1,991986217.0,20.24,20.3,21.11,24.64
3130,2026-09-28,209.0,52.4,51.7,0.525,0.249,0.277,52.5,2631763196.0,209.2,208.6,207.55,208.7
3131,2026-09-28,2475.0,40.0,31.5,-28.266,57.732,-85.998,48.0,342463914.0,2408.0,2412.5,2795.25,2155.07
3135,2026-09-28,156.5,52.6,55.5,8.167,12.169,-4.001,51.8,289245650.0,162.4,159.55,170.3,108.94
3138,2026-09-28,98.1,50.7,43.4,-11.631,-11.139,-0.492,42.1,110599723.0,98.0,95.88,113.31,121.34
3141,2026-09-28,85.2,56.0,60.4,8.219,7.384,0.834,57.5,2070734810.0,91.14,81.71,77.44,57.65
3147,2026-09-28,243.0,57.4,48.5,11.128,12.041,-0.913,58.3,303703479.0,234.6,226.64,236.56,191.82
3149,2026-09-28,67.3,36.7,24.7,1.911,4.067,-2.157,52.8,1864612960.0,63.46,64.45,73.09,52.32
3150,2026-09-28,15.15,16.5,24.9,-0.83,-0.637,-0.193,35.9,16089925.0,15.63,16.21,17.27,18.53
3152,2026-09-28,226.0,36.0,34.2,-10.824,-5.727,-5.098,44.0,220163538.0,228.3,230.32,265.42,243.1
3158,2026-09-28,85.2,50.8,52.7,-1.292,-2.063,0.772,47.4,577204.0,84.94,83.87,83.88,93.21
3162,2026-09-28,80.9,77.8,60.1,1.682,1.451,0.232,58.3,806665390.0,74.56,69.09,74.57,64.43
3163,2026-09-28,646.0,52.2,58.2,8.111,24.375,-16.264,47.9,5045941650.0,681.8,686.3,707.63,522.13
3164,2026-09-28,16.6,65.9,50.9,-0.289,-0.358,0.069,50.7,340344583.0,16.12,16.15,16.28,17.34
3167,2026-09-28,903.0,79.2,68.6,89.689,85.996,3.693,61.4,4246940140.0,863.4,767.7,782.69,462.93
3168,2026-09-28,42.15,47.8,41.3,0.122,0.33,-0.208,49.0,15129560.0,42.48,42.14,43.34,41.92
3169,2026-09-28,115.5,58.4,46.0,2.544,1.743,0.8,62.0,1096232375.0,107.6,104.25,105.64,97.94
3171,2026-09-28,58.3,15.3,17.5,0.659,2.062,-1.403,43.1,46460730.0,59.84,62.21,63.75,54.72
3176,2026-09-28,37.35,65.1,59.6,1.333,1.065,0.268,56.4,599077496.0,36.96,35.95,35.06,32.34
3178,2026-09-28,69.4,55.9,49.6,1.029,0.538,0.491,57.5,503575191.0,65.78,62.33,64.52,60.62
3188,2026-09-28,23.45,48.8,56.8,-0.556,-0.646,0.089,43.3,211106042.0,23.9,23.78,23.82,25.71
3189,2026-09-28,955.0,80.1,74.0,125.358,124.628,0.73,67.2,278092061340.0,878.0,842.0,781.29,408.61
3191,2026-09-28,16.5,15.8,23.7,0.042,0.358,-0.316,45.9,105237206.0,16.79,17.42,18.47,16.52
3205,2026-09-28,46.75,18.4,16.2,-1.67,-1.22,-0.449,40.4,264056532.0,46.7,47.46,50.16,51.44
3206,2026-09-28,34.55,63.7,57.3,-0.054,0.042,-0.096,49.1,482267480.0,34.7,34.33,35.33,33.86
3207,2026-09-28,38.25,17.3,14.2,-7.67,-6.85,-0.82,32.5,859028037.0,38.47,39.73,50.7,62.48
3209,2026-09-28,45.5,12.3,12.5,0.091,1.748,-1.657,45.6,1461319285.0,45.67,47.46,53.16,40.09
3211,2026-09-28,386.0,62.8,53.2,8.58,11.633,-3.053,52.7,2131320075.0,376.1,365.25,384.8,339.26
3213,2026-09-28,125.5,32.3,38.5,4.854,6.334,-1.48,53.7,332661188.0,124.9,127.6,126.42,108.37
3217,2026-09-28,130.0,15.2,12.8,-7.935,-5.299,-2.636,37.5,1335544181.0,130.2,134.75,151.14,155.36
3218,2026-09-28,133.5,24.4,31.4,-0.658,-0.698,0.04,47.1,1321198559.0,134.9,135.9,135.78,139.85
3219,2026-09-28,125.5,90.0,79.0,9.938,4.906,5.032,74.7,141115154.0,101.34,86.45,80.21,71.56
3221,2026-09-28,50.8,62.3,48.5,2.275,3.486,-1.21,55.8,1177417048.0,48.48,47.78,52.49,35.29
3224,2026-09-28,31.0,11.6,17.4,-2.662,-2.369,-0.293,33.4,238727680.0,32.12,33.56,35.66,41.73
3226,2026-09-28,60.1,97.0,93.0,3.223,2.016,1.207,74.0,45709283.0,57.28,54.49,50.23,47.34
3227,2026-09-28,185.5,21.0,26.0,-4.151,-1.961,-2.19,45.2,2427507654.0,185.7,191.6,200.47,200.19
3228,2026-09-28,180.0,70.7,57.6,2.447,1.714,0.732,55.5,356339890.0,172.1,159.9,169.65,153.03
3229,2026-09-28,57.1,62.6,68.1,7.719,7.234,0.484,59.2,70642927.0,59.04,55.59,49.07,30.33
3230,2026-09-28,41.7,44.1,44.0,0.92,0.905,0.016,51.4,447014705.0,41.61,41.86,39.99,42.11
3231,2026-09-28,185.5,58.0,63.4,13.215,12.326,0.89,59.6,-12563380156.0,188.0,184.65,168.67,143.4
3232,2026-09-28,20.8,52.1,44.1,-0.463,-0.633,0.17,48.8,281956853.0,20.44,19.93,20.83,22.32
3234,2026-09-28,174.5,70.2,71.5,24.551,20.884,3.667,62.6,2498030213.0,185.2,159.24,138.69,85.76
3236,2026-09-28,44.1,50.4,41.5,1.255,2.8,-1.544,50.5,2171776623.0,43.73,43.22,50.45,34.39
3252,2026-09-28,15.45,32.9,22.7,-0.937,-0.863,-0.075,27.7,173671710.0,15.37,15.69,16.65,18.55
3257,2026-09-28,49.3,31.9,22.5,-2.557,-1.961,-0.596,43.8,585608250.0,48.52,49.4,54.95,58.3
3259,2026-09-28,9.71,12.4,17.6,-2.036,-1.661,-0.375,31.3,71155915.0,10.73,12.12,14.13,18.15
3260,2026-09-28,377.0,41.6,49.7,14.936,22.245,-7.308,53.1,6955524706.0,380.0,385.79,386.24,285.56
3264,2026-09-28,241.5,66.7,64.8,18.996,19.227,-0.231,57.1,5529696682.0,242.7,226.15,225.42,155.47
3265,2026-09-28,180.5,70.0,64.5,7.909,8.403,-0.493,56.3,2181559717.0,177.0,170.95,173.13,137.35
3266,2026-09-28,13.75,68.2,81.7,0.223,0.179,0.045,54.0,159852734.0,13.93,13.95,13.44,13.33
3268,2026-09-28,21.5,53.1,35.3,0.347,0.362,-0.014,59.6,149442337.0,18.96,19.21,19.65,18.12
3272,2026-09-28,13.7,26.8,29.6,-1.17,-1.241,0.07,33.3,590369751.0,14.06,13.97,15.14,18.7
3276,2026-09-28,13.85,10.0,11.8,-0.247,-0.044,-0.203,42.1,243267730.0,13.94,14.27,14.9,14.71
3284,2026-09-28,19.4,12.9,17.0,-0.136,0.254,-0.391,45.8,366100072.0,19.93,20.58,21.54,20.74
3285,2026-09-28,41.6,57.2,49.9,2.594,2.685,-0.092,59.6,312320395.0,40.92,39.57,38.99,31.34
3287,2026-09-28,41.2,79.7,74.8,2.746,1.67,1.075,65.1,561092232.0,39.24,36.27,33.89,31.02
3288,2026-09-28,20.9,21.2,25.6,0.839,1.118,-0.279,52.4,52107410.0,20.62,21.44,21.09,18.06
3289,2026-09-28,139.5,41.8,33.0,-2.515,0.045,-2.56,47.5,1198627441.0,137.6,137.78,150.61,134.2
3290,2026-09-28,47.8,14.3,14.3,-0.657,1.021,-1.678,45.5,882114738.0,46.28,48.92,54.31,46.98
3293,2026-09-28,779.0,53.2,43.3,7.244,4.908,2.336,57.0,3804677769.0,734.2,743.5,735.27,720.81
3294,2026-09-28,32.9,52.7,42.5,-1.443,-1.583,0.139,48.7,1563971689.0,31.14,30.77,34.01,38.19
3296,2026-09-28,27.8,71.9,59.3,1.016,0.725,0.291,58.6,79966821.0,26.79,25.03,25.22,23.43
3297,2026-09-28,32.85,57.6,48.9,-1.254,-2.225,0.971,52.3,933267906.0,30.91,29.02,30.07,39.43
3303,2026-09-28,48.35,13.9,21.2,0.442,1.383,-0.941,46.1,730220163.0,49.02,51.3,52.02,47.1
3305,2026-09-28,104.5,36.8,37.4,-3.271,-0.736,-2.536,45.3,1742098746.0,104.18,106.98,120.47,111.35
3306,2026-09-28,47.6,78.0,62.0,-0.105,-0.487,0.383,55.9,682333372.0,45.64,44.79,45.04,47.96
3308,2026-09-28,22.2,63.6,56.3,0.339,0.227,0.112,56.2,191518881.0,21.83,20.98,21.02,19.53
3310,2026-09-28,68.9,48.2,49.6,-0.021,-0.191,0.17,51.4,93304874.0,68.56,68.42,68.2,67.65
3311,2026-09-28,38.15,74.0,54.4,0.873,0.454,0.418,60.2,-602839311.0,36.37,34.35,35.29,33.43
3312,2026-09-28,50.9,61.9,55.9,1.702,2.17,-0.468,53.3,1420173286.0,50.31,49.48,51.85,43.05
3313,2026-09-28,10.5,20.4,22.5,-0.608,-0.66,0.052,41.0,371404049.0,10.64,10.55,11.12,13.33
3317,2026-09-28,65.4,40.5,27.7,0.112,2.514,-2.402,49.5,2998544191.0,61.4,63.68,74.05,57.34
3321,2026-09-28,18.15,29.0,25.8,-0.031,0.258,-0.289,48.4,77161624.0,17.96,18.18,19.49,17.51
3322,2026-09-28,11.1,30.7,23.9,-0.825,-0.738,-0.086,38.7,484120168.0,11.02,11.11,12.41,13.69
3323,2026-09-28,29.35,32.6,28.8,-2.109,-1.956,-0.153,43.4,2149870346.0,28.01,28.99,31.74,36.9
3324,2026-09-28,1630.0,86.9,79.8,146.23,74.777,71.453,68.4,2851299794.0,1533.0,1270.1,1136.45,1003.58
3325,2026-09-28,11.7,30.7,22.8,-0.705,-0.814,0.109,42.9,1040099556.0,11.42,11.48,12.01,14.71
3332,2026-09-21,61.5,43.4,41.7,0.639,1.131,-0.493,51.5,47279210.0,61.16,61.76,62.5,58.55
3338,2026-09-28,67.9,68.5,58.5,0.919,1.184,-0.265,53.8,14666406198.0,67.08,64.64,67.85,60.52
3339,2026-09-28,46.2,75.1,64.9,1.37,0.931,0.439,56.0,493081752.0,45.35,41.62,42.3,36.62
3346,2026-09-28,23.8,60.2,46.2,0.369,0.172,0.197,57.0,770243790.0,21.69,20.86,22.0,20.81
3349,2026-09-28,19.95,24.2,35.9,-0.851,-0.717,-0.134,40.6,15559096.0,20.56,21.81,20.98,23.41
3354,2026-09-28,29.25,75.1,62.2,0.535,-0.085,0.62,56.5,581587574.0,28.46,24.88,26.23,23.92
3356,2026-09-28,65.6,36.9,49.8,2.497,3.381,-0.884,50.5,51962559.0,68.17,69.05,68.4,57.73
3357,2026-09-28,203.0,29.7,32.1,1.83,9.509,-7.679,47.3,204728638.0,206.3,209.45,242.97,180.32
3360,2026-09-28,15.1,21.5,19.3,-0.043,0.286,-0.329,47.1,1215638275.0,14.85,15.35,16.24,14.6
3362,2026-09-28,171.0,39.7,52.5,15.15,17.519,-2.369,54.0,1891050502.0,182.4,182.35,171.82,126.61
3363,2026-09-28,652.0,53.4,54.7,13.043,15.414,-2.371,51.1,3363074962.0,680.6,635.25,660.42,542.79
3372,2026-09-28,16.3,51.1,34.0,-1.113,-1.028,-0.085,45.5,687042851.0,15.5,15.44,17.54,18.42
3373,2026-09-28,16.05,15.9,17.8,-0.316,-0.301,-0.015,42.1,418896307.0,16.03,16.26,16.47,17.45
3374,2026-09-28,455.0,79.2,75.4,63.06,52.266,10.794,71.2,4979292484.0,448.4,384.3,337.39,218.4
3376,2026-09-28,171.5,34.0,43.2,-5.312,-3.765,-1.548,43.5,-3056925878.0,183.7,185.98,191.83,202.94
3379,2026-09-28,27.3,37.4,35.4,-3.511,-3.735,0.224,37.3,695263073.0,27.36,27.95,31.26,42.57
3380,2026-09-28,31.6,63.9,51.1,-0.665,-0.802,0.137,51.0,46506792203.0,30.82,29.3,31.43,31.41
3388,2026-09-28,81.6,44.6,48.2,1.501,2.597,-1.096,49.5,143024368.0,83.5,83.34,85.74,72.42
3390,2026-09-28,22.3,33.0,25.1,-0.712,-0.361,-0.351,44.8,885651810.0,22.03,22.08,24.48,22.96
3402,2026-09-28,131.0,60.1,46.5,-0.005,0.585,-0.591,52.6,494649456.0,126.8,125.0,131.47,125.63
3406,2026-09-28,882.0,69.5,69.2,115.376,88.648,26.729,62.8,4159431041.0,974.0,808.1,714.43,529.13
3413,2026-09-28,291.0,22.1,18.6,-4.821,-1.073,-3.748,47.0,928863712.0,285.2,290.05,307.13,298.06
3416,2026-09-28,162.0,31.3,40.9,3.635,5.402,-1.767,50.5,193836684.0,163.7,167.39,166.69,153.36
3419,2026-09-28,11.8,33.4,22.7,-0.814,-0.695,-0.12,41.6,-373811063.0,11.34,11.68,12.7,13.64
3430,2026-09-28,112.5,50.6,40.0,1.499,5.071,-3.572,50.7,316406409.0,107.5,109.38,124.69,90.11
3432,2026-09-28,14.8,23.0,21.0,-0.685,-0.402,-0.283,40.1,60703209.0,14.79,15.08,16.68,16.18
3434,2026-09-28,31.55,63.6,61.8,0.429,0.014,0.414,56.9,136031422.0,30.89,30.21,29.53,30.38
3437,2026-09-28,22.4,67.8,54.0,0.209,-0.032,0.24,58.6,1101333567.0,20.65,19.09,20.3,18.22
3438,2026-09-28,61.3,58.0,55.2,1.699,2.139,-0.44,52.9,500081906.0,62.4,60.14,63.1,52.97
3441,2026-09-28,185.0,88.0,86.5,34.349,23.929,10.42,86.1,1924432228.0,172.1,134.97,101.9,56.53
3443,2026-09-28,7925.0,89.4,83.4,1080.843,788.182,292.661,71.7,4332932973.0,7106.0,6096.0,5303.03,3269.25
3444,2026-09-28,80.6,54.7,51.6,1.42,2.154,-0.734,51.7,254846264.0,81.1,78.45,83.63,69.87
3447,2026-09-28,27.15,27.0,26.8,-3.715,-3.826,0.11,35.8,258176165.0,27.74,27.73,31.93,44.15
3450,2026-09-28,525.0,59.8,63.0,48.901,53.707,-4.806,55.9,12884347195.0,533.6,521.3,505.36,345.04
3455,2026-09-28,267.0,82.7,72.0,21.552,20.291,1.26,62.0,1447857745.0,250.1,230.81,230.14,156.59
3465,2026-09-28,29.65,39.3,24.3,-2.404,-2.778,0.374,36.9,23988871.0,29.36,29.51,30.9,39.67
3466,2026-09-28,23.85,9.9,8.7,-3.51,-3.417,-0.093,32.4,194829241.0,24.14,24.41,28.16,36.47
3467,2026-09-28,74.6,71.0,58.4,4.486,1.973,2.513,64.0,23608353.0,68.64,57.31,59.44,50.38
3479,2026-09-28,138.5,42.6,33.3,7.56,8.805,-1.245,60.3,913708230.0,132.8,131.9,133.91,108.43
3481,2026-09-28,49.75,56.4,44.6,4.158,5.7,-1.542,57.7,66406439063.0,48.75,48.15,51.94,29.76
3483,2026-09-28,77.5,51.8,43.9,-2.823,-3.074,0.252,46.8,2167846096.0,77.34,75.14,80.47,87.85
3484,2026-09-28,46.75,39.7,42.4,0.352,0.46,-0.109,51.3,714759897.0,46.12,46.98,46.53,46.11
3485,2026-09-28,201.0,26.7,26.9,-5.063,5.032,-10.096,45.4,26436682.0,200.5,208.2,246.43,175.56
3489,2026-09-28,23.25,46.9,51.8,0.921,0.897,0.024,57.7,151492220.0,22.58,23.23,21.55,19.6
3490,2026-09-28,45.1,60.3,60.4,4.535,3.774,0.761,60.7,781459867.0,44.41,42.4,37.7,29.27
3491,2026-09-28,1510.0,85.0,76.5,50.373,50.26,0.113,53.5,1333532964.0,1510.0,1391.9,1477.16,1085.3
3492,2026-09-28,19.05,17.2,19.6,-0.901,-0.772,-0.129,35.9,182295250.0,19.09,19.65,20.61,22.28
3494,2026-09-28,7.09,36.6,33.8,-0.414,-0.466,0.052,35.7,-378323719.0,7.14,7.11,7.5,8.85
3498,2026-09-28,235.0,89.2,80.5,33.184,25.583,7.601,77.9,904052792.0,206.0,177.6,152.68,90.15
3499,2026-09-28,13.7,48.9,40.8,-0.677,-0.762,0.085,44.3,429283710.0,13.52,13.15,13.87,15.4
3501,2026-09-28,37.5,24.6,37.4,-1.555,-1.746,0.191,36.6,78073865.0,38.46,38.84,38.87,44.66
3504,2026-09-28,79.5,51.8,55.4,4.322,4.688,-0.366,54.3,-493949454.0,81.78,79.43,78.56,64.12
3508,2026-09-28,25.95,78.9,68.3,-0.174,-1.343,1.169,58.5,2119567559.0,23.61,21.43,19.94,24.59
3511,2026-09-28,19.45,37.6,29.2,-0.631,-0.355,-0.276,45.0,810838474.0,19.25,19.53,21.34,20.91
3512,2026-09-28,19.2,32.0,39.5,-0.046,-0.056,0.01,46.5,142554108.0,19.24,19.44,19.24,19.6
3515,2026-09-28,211.0,47.0,49.5,-2.795,-2.774,-0.021,47.0,323894896.0,213.6,214.15,217.89,232.39
3516,2026-09-28,25.0,31.8,39.6,0.979,1.25,-0.271,54.1,150649118.0,25.42,25.53,25.41,21.7
3518,2026-09-28,37.4,76.2,58.6,1.814,1.327,0.487,65.0,-1264983264.0,32.41,29.95,30.23,25.17
3520,2026-09-28,17.1,31.8,45.6,0.449,0.529,-0.079,51.2,213185294.0,17.39,17.84,17.18,16.28
3521,2026-09-28,11.75,10.0,14.2,-0.424,-0.394,-0.03,40.0,160647633.0,11.93,12.09,12.34,13.05
3522,2026-09-28,12.55,56.4,46.9,-0.317,-0.488,0.17,47.6,232200613.0,12.67,12.24,12.38,13.98
3523,2026-09-28,14.95,35.7,29.0,-0.301,-0.241,-0.06,48.5,64774290.0,14.61,15.0,15.65,16.31
3526,2026-09-28,270.5,15.0,14.4,-5.822,1.068,-6.89,43.4,873569027.0,272.6,280.35,306.6,271.03
3527,2026-09-28,51.6,38.5,27.4,-1.965,-1.484,-0.482,44.5,460294848.0,50.76,50.96,55.5,56.87
3528,2026-09-28,84.7,50.3,40.7,0.381,2.038,-1.657,49.4,451117104.0,83.72,84.26,93.43,77.89
3529,2026-09-28,3305.0,76.4,59.6,36.686,-1.993,38.68,58.8,532895143.0,2869.0,2689.5,2836.81,2495.85
3530,2026-09-28,58.4,51.5,44.2,-1.662,-1.612,-0.05,46.6,691311045.0,57.94,56.86,60.85,62.37
3531,2026-09-21,21.25,28.3,31.1,-0.191,-0.017,-0.174,41.5,71558361.0,21.33,21.66,22.27,21.91
3532,2026-09-28,454.0,75.9,62.0,60.746,57.864,2.881,66.0,3415466534.0,435.2,385.75,371.43,205.04
3533,2026-09-28,1710.0,27.3,21.3,-84.773,-36.932,-47.841,45.3,709068186.0,1650.0,1703.27,1940.82,1725.65
3535,2026-09-28,89.8,64.8,50.6,-6.016,-4.516,-1.5,45.0,3145599735.0,87.44,86.85,101.01,97.15
3537,2026-09-28,52.6,42.7,39.9,-0.067,1.368,-1.434,47.2,539162194.0,53.42,53.47,61.64,49.45
3540,2026-09-28,22.7,55.5,50.8,-1.304,-1.608,0.304,44.0,1455470796.0,22.92,22.25,23.27,28.13
3541,2026-09-28,24.45,69.3,61.7,-0.142,-0.557,0.415,62.6,291170160.0,22.92,22.2,22.15,24.09
3543,2026-09-28,50.2,70.5,67.9,2.279,0.596,1.683,60.7,421213413.0,45.42,43.48,37.48,40.09
3545,2026-09-28,51.9,65.4,53.4,-0.624,-0.727,0.103,50.6,3667684022.0,50.75,50.02,52.35,53.84
3546,2026-09-28,72.7,38.9,37.4,0.376,0.602,-0.226,50.1,704731280.0,72.82,73.01,74.4,72.36
3548,2026-09-28,77.1,43.8,46.7,-3.217,-3.329,0.112,44.2,1069161856.0,79.48,78.61,82.78,89.81
3550,2026-09-28,26.2,71.3,52.0,0.89,1.241,-0.351,55.8,686008017.0,23.78,23.41,25.22,19.23
3551,2026-09-28,186.5,66.1,51.3,-1.093,-0.467,-0.626,51.2,552897268.0,181.6,178.2,187.56,179.93
3552,2026-09-28,43.45,39.3,26.7,-3.095,-3.174,0.079,42.3,1610744934.0,42.69,43.72,46.63,55.61
3555,2026-09-28,168.0,47.2,49.7,3.242,6.701,-3.46,49.5,28850664.0,176.9,169.15,180.42,133.29
3556,2026-09-28,57.9,30.3,32.6,1.844,3.646,-1.801,50.1,1159668661.0,57.36,59.88,63.66,47.95
3557,2026-09-28,22.8,11.0,15.8,-2.058,-2.175,0.117,31.2,566596305.0,23.26,24.09,24.78,31.75
3558,2026-09-28,124.5,49.4,43.2,-1.538,-1.458,-0.08,49.4,339360628.0,121.2,122.48,127.11,131.83
3563,2026-09-28,794.0,76.2,61.6,11.922,8.86,3.063,58.4,472270139.0,717.2,691.6,712.21,628.72
3564,2026-09-28,50.4,63.1,51.6,0.718,0.175,0.543,54.7,255324786.0,49.44,47.18,47.5,48.09
3567,2026-09-28,25.8,32.1,24.7,-0.31,-0.128,-0.182,47.3,314217859.0,25.5,25.56,26.7,25.97
3570,2026-09-28,167.0,63.2,59.7,0.638,0.14,0.498,52.1,69199200.0,167.1,165.6,166.2,167.84
3576,2026-09-28,17.95,54.5,42.2,0.484,0.646,-0.161,54.3,4108708115.0,17.37,17.26,17.51,13.53
3577,2026-09-28,122.0,28.1,22.7,6.605,9.785,-3.181,54.3,375125041.0,115.8,119.35,126.07,88.66
3580,2026-09-28,111.0,80.7,63.7,4.829,3.258,1.571,64.7,769653271.0,96.22,87.53,91.16,75.32
3581,2026-09-28,106.5,34.6,31.1,-4.495,0.943,-5.437,46.8,656489433.0,104.4,106.39,134.11,95.01
3583,2026-09-28,713.0,46.8,44.2,27.101,47.121,-20.02,53.1,1076212387.0,705.6,703.5,760.15,532.56
3587,2026-09-28,239.5,33.8,36.6,-4.902,0.349,-5.251,46.3,474076105.0,242.1,241.7,265.8,233.79
3588,2026-09-28,53.7,41.1,35.4,-0.815,-0.016,-0.799,48.0,1122047730.0,52.5,52.67,57.16,52.66
3591,2026-09-28,26.4,71.3,60.5,0.556,0.511,0.044,55.5,407631240.0,26.09,24.24,25.31,22.34
3592,2026-09-28,225.0,21.2,20.4,-3.779,-1.363,-2.416,45.8,75609516.0,223.5,227.1,241.36,234.93
3593,2026-09-28,10.3,23.4,15.4,-1.336,-0.811,-0.525,33.9,108942867.0,10.13,11.0,13.48,13.31
3594,2026-09-28,47.2,16.3,24.1,0.613,1.523,-0.911,49.0,721117328.0,47.15,49.56,49.63,44.1
3596,2026-09-28,153.5,7.1,11.2,-7.39,-4.612,-2.778,38.4,2456779909.0,154.9,161.3,174.68,182.37
3597,2026-09-28,27.85,66.2,58.3,0.356,0.271,0.085,58.5,133431961.0,26.96,26.77,26.86,26.51
3605,2026-09-28,182.5,88.7,82.2,24.314,15.556,8.758,73.5,2130667484.0,152.1,131.54,105.82,79.56
3607,2026-09-28,13.7,27.6,25.3,-0.147,0.03,-0.178,45.0,382548409.0,13.73,13.95,14.72,13.83
3609,2026-09-28,23.5,45.7,34.0,-2.742,-3.036,0.295,44.1,42531157.0,21.05,22.0,24.71,34.31
3611,2026-09-28,183.0,29.6,36.6,0.087,0.45,-0.363,48.4,149080095.0,182.7,184.6,184.32,184.1
3615,2026-09-28,41.65,64.2,44.1,0.564,1.364,-0.8,54.4,1307042773.0,37.36,36.75,42.64,31.94
3617,2026-09-28,240.5,63.4,69.1,13.9,12.326,1.575,58.6,347148585.0,243.9,242.05,223.74,203.75
3622,2026-09-28,44.65,18.2,22.9,-2.314,-1.785,-0.53,38.6,908589156.0,46.04,47.73,50.09,53.67
3623,2026-09-28,29.15,83.6,69.5,1.047,0.222,0.825,67.5,297055752.0,27.25,24.24,23.75,23.52
3624,2026-09-28,140.0,80.4,63.2,13.809,11.225,2.584,64.1,2199912947.0,124.74,103.01,111.55,70.01
3625,2026-09-28,11.2,9.0,14.8,-1.639,-1.307,-0.333,32.4,443063641.0,11.75,13.07,14.58,18.78
3628,2026-09-28,72.9,67.2,60.6,2.138,1.606,0.532,55.2,64287743.0,73.4,70.24,69.1,66.18
3629,2026-09-28,17.3,61.5,60.2,-0.083,-0.71,0.627,50.2,7786212.0,18.69,16.75,16.01,20.45
3630,2026-09-28,26.65,38.2,33.0,-0.73,-0.77,0.04,47.4,843312852.0,26.8,26.35,27.48,29.74
3631,2026-09-28,39.95,65.7,62.9,2.466,2.167,0.298,60.4,44873190.0,39.57,38.09,36.16,29.72
3632,2026-09-28,7.19,7.0,11.2,-0.501,-0.481,-0.02,37.4,124359584.0,7.19,7.42,7.77,8.98
3645,2026-09-28,72.7,56.3,44.2,-2.386,-1.196,-1.19,47.6,2616309780.0,70.96,70.01,79.6,71.96
3646,2026-09-28,24.8,86.4,78.4,0.259,-0.101,0.36,68.5,87826209.0,24.56,23.62,23.11,24.46
3652,2026-09-28,33.85,52.6,50.8,1.051,1.212,-0.16,53.7,241135440.0,33.51,33.59,33.73,29.99
3653,2026-09-28,6895.0,90.8,85.6,804.164,541.219,262.945,75.6,1421488122.0,6196.0,5484.0,4489.71,3419.96
3661,2026-09-28,3685.0,53.2,53.6,2.249,47.947,-45.698,48.8,1689207650.0,3773.0,3746.96,3942.06,3634.98
3663,2026-09-28,62.4,38.3,32.1,-1.866,-0.527,-1.339,47.3,1271490722.0,61.22,61.43,69.86,61.48
3664,2026-09-28,8.86,76.6,61.0,-0.829,-1.424,0.594,50.9,243931173.0,8.27,7.3,7.35,12.88
3665,2026-09-28,2445.0,66.7,57.4,110.853,107.843,3.01,59.4,1777661137.0,2203.0,2205.0,2125.52,1726.82
3666,2026-09-28,25.3,72.7,61.5,-0.569,-0.678,0.109,44.5,131507930.0,25.1,25.12,25.51,27.14
3669,2026-09-28,32.45,10.6,20.5,-0.471,0.252,-0.723,42.6,746598466.0,32.96,35.48,35.83,33.66
3672,2026-09-28,12.5,38.3,31.4,0.023,-0.008,0.03,51.7,96638388.0,12.24,12.38,12.28,12.6
3673,2026-09-28,68.7,71.1,55.0,2.453,3.598,-1.145,55.4,1489098942.0,65.2,63.36,69.9,51.48
3675,2026-09-28,334.0,72.8,55.6,18.756,19.96,-1.205,58.5,720206139.0,299.28,276.53,310.53,209.71
3679,2026-09-28,108.5,32.6,26.0,-0.507,-0.331,-0.175,47.7,96703031.0,108.0,108.65,109.82,108.58
3680,2026-09-28,548.0,78.2,68.3,23.073,19.621,3.452,60.7,1362991352.0,530.2,492.3,501.86,414.88
3684,2026-09-28,53.4,72.9,70.0,-0.162,-0.143,-0.019,49.1,33038027.0,53.82,53.22,53.96,52.41
3685,2026-09-28,35.2,41.9,55.2,1.147,1.167,-0.02,51.9,156214416.0,36.02,36.67,34.05,33.39
3686,2026-09-28,14.85,30.6,23.0,-0.898,-0.892,-0.006,39.8,503944542.0,14.46,14.5,15.68,17.38
3687,2026-09-28,60.3,5.4,9.7,-2.918,-2.11,-0.808,36.6,292483553.0,61.28,62.98,68.12,71.61
3689,2026-09-28,110.0,51.1,51.8,-0.83,-0.375,-0.455,48.6,1116917109.0,111.0,109.64,113.36,109.03
3691,2026-09-28,118.5,45.6,28.2,-3.24,-0.966,-2.273,51.3,450780407.0,105.86,105.83,125.79,104.51
3693,2026-09-28,702.0,86.5,80.0,59.804,41.933,17.872,64.8,562276023.0,692.2,604.39,558.28,431.44
3694,2026-09-28,50.4,14.5,15.2,-2.586,-1.937,-0.649,41.9,1320708561.0,50.28,51.56,56.55,61.88
3701,2026-09-28,41.75,61.7,55.0,-2.738,-2.652,-0.086,44.8,615486410.0,41.19,40.66,43.95,46.28
3702,2026-09-28,115.0,53.9,45.5,6.625,7.318,-0.693,59.9,59399997720.0,111.5,110.29,109.11,82.91
3703,2026-09-28,19.5,32.5,36.5,-0.304,-0.279,-0.025,40.8,565990950.0,19.82,19.93,20.15,20.93
3704,2026-09-28,40.25,16.4,22.1,0.749,1.597,-0.848,48.7,3971999105.0,40.5,41.72,43.7,36.99
3705,2026-09-28,55.9,76.1,77.4,0.824,0.634,0.19,58.2,1408157679.0,56.24,55.42,54.67,53.64
3706,2026-09-28,78.9,54.3,60.8,1.65,1.824,-0.174,52.7,15713420507.0,79.81,79.68,78.58,75.91
3707,2026-09-28,72.9,66.8,49.5,0.701,1.088,-0.386,55.1,7629022097.0,65.96,63.31,71.25,60.42
3708,2026-09-28,97.6,51.6,46.9,-3.06,-2.642,-0.418,44.6,1221722425.0,98.04,98.31,103.66,109.15
3709,2026-09-28,64.0,16.9,20.2,-1.101,0.732,-1.833,45.2,245973539.0,63.64,67.04,71.69,61.46
3710,2026-09-28,8.52,41.4,27.0,-0.672,-0.682,0.011,41.4,1115191408.0,8.24,8.27,9.03,10.93
3711,2026-09-28,687.0,78.4,69.2,61.061,64.774,-3.713,66.5,1444466180559.0,646.0,619.4,616.58,389.95
3712,2026-09-28,20.65,56.4,60.0,-0.504,-1.123,0.619,49.2,1059193700.0,20.77,20.58,19.1,25.18
3713,2026-09-28,13.9,33.4,37.3,-0.809,-0.939,0.129,38.5,30503209.0,14.15,14.39,14.67,18.12
3714,2026-09-28,68.1,80.0,71.1,3.424,3.27,0.154,57.7,121093604.0,66.32,61.59,63.03,48.49
3715,2026-09-28,124.5,56.3,44.9,-8.614,-6.836,-1.777,45.5,5750180455.0,121.4,116.94,137.9,133.15
3716,2026-09-28,33.9,38.2,43.5,0.293,0.367,-0.074,51.0,-11205833.0,33.86,34.34,34.0,33.12
3717,2026-09-28,27.85,72.1,53.6,1.109,0.859,0.25,62.0,226591226.0,24.33,23.58,23.43,20.6
4102,2026-09-28,18.35,20.2,31.7,-0.228,-0.199,-0.029,41.4,577313444.0,18.72,18.97,18.96,19.99
4104,2026-09-28,72.1,76.5,74.1,-0.203,-0.605,0.403,51.6,-436060015.0,72.04,71.54,70.81,74.41
4105,2026-09-28,78.8,75.6,68.5,0.733,0.471,0.263,57.8,1607593712.0,78.0,77.32,76.42,75.95
4106,2026-09-28,24.25,55.2,61.4,0.662,0.661,0.001,62.9,-1459930085.0,24.37,24.37,23.63,22.1
4107,2026-09-28,110.5,21.2,37.5,-0.414,-0.215,-0.199,43.6,676630592.0,111.5,112.95,112.04,113.63
4108,2026-09-28,11.35,36.2,34.4,-0.434,-0.47,0.036,42.4,584990365.0,11.33,11.41,11.8,13.16
4109,2026-09-28,11.05,41.0,30.3,-0.513,-0.597,0.084,41.6,577118347.0,10.98,11.0,11.37,13.33
4111,2026-09-28,28.8,65.1,56.0,0.075,0.082,-0.007,53.2,422959692.0,28.76,28.71,28.74,28.69
4113,2026-09-28,15.55,47.0,47.1,-0.65,-0.946,0.295,45.8,343752127.0,15.44,15.12,15.26,18.83
4114,2026-09-28,29.3,32.1,43.4,0.281,0.237,0.044,51.5,2617391547.0,29.56,29.63,28.96,29.41
4116,2026-09-28,39.4,57.1,61.6,0.271,0.007,0.264,54.2,456756906.0,39.59,39.49,38.04,40.26
4119,2026-09-28,55.4,74.9,80.3,2.242,1.057,1.185,59.2,-1647522568.0,56.94,54.33,49.13,51.24
4120,2026-09-28,46.1,43.3,56.6,1.054,1.07,-0.016,55.1,424942346.0,46.14,47.16,44.85,43.72
4121,2026-09-28,12.75,21.1,19.1,-0.655,-0.695,0.04,37.5,850373325.0,12.78,12.89,13.28,14.92
4123,2026-09-28,31.0,23.5,23.2,-1.206,-0.923,-0.283,41.8,2450286556.0,30.65,31.81,33.11,34.15
4126,2026-09-28,77.9,82.0,78.4,0.116,-0.176,0.292,55.0,451194812.0,77.8,77.44,76.7,79.17
4127,2026-09-28,47.5,11.9,27.2,2.57,7.181,-4.611,40.2,513654746.0,56.34,69.54,70.04,46.35
4128,2026-09-28,15.0,44.5,36.0,-0.746,-0.906,0.16,44.2,2161311130.0,14.72,14.79,15.17,18.44
4129,2026-09-28,82.9,19.7,21.3,-3.768,-4.041,0.273,41.0,556344135.0,82.3,83.72,85.2,99.3
4131,2026-09-28,31.95,43.4,35.2,-1.098,-1.056,-0.042,42.6,28348227.0,31.64,31.92,33.08,34.99
4133,2026-09-28,20.45,16.6,16.6,-0.582,-0.638,0.056,41.1,1147382991.0,20.45,20.66,20.85,22.95
4137,2026-09-28,76.5,8.9,9.7,-5.122,-2.976,-2.146,29.9,174963166.0,77.2,84.71,90.99,93.72
4138,2026-09-28,55.1,82.8,78.8,-0.346,-1.131,0.786,55.7,69589582.0,54.4,52.89,52.07,56.99
4139,2026-09-28,41.65,72.3,75.0,4.467,3.658,0.809,72.9,52543838.0,41.63,39.34,33.11,27.51
4142,2026-09-28,18.1,66.5,58.8,-0.079,-0.206,0.127,52.8,2406292541.0,17.71,17.6,17.48,18.26
4147,2026-09-28,63.0,49.3,45.9,1.123,0.665,0.459,53.9,444996965.0,62.28,61.46,60.12,62.55
4148,2026-09-28,31.95,50.4,54.6,-0.702,-1.144,0.442,46.2,158782893.0,32.63,32.11,31.21,35.81
4153,2026-09-28,31.5,30.0,44.4,0.201,0.126,0.075,49.1,75271736.0,31.81,32.35,31.28,32.48
4154,2026-09-28,12.9,65.1,57.3,-0.423,-0.556,0.133,50.9,15929372.0,12.28,12.11,12.47,14.41
4155,2026-09-28,14.6,42.9,38.1,0.067,0.089,-0.022,48.4,143555253.0,14.84,14.71,14.99,14.66
4157,2026-09-28,8.68,60.8,60.7,-0.398,-0.491,0.093,42.3,347313044.0,8.8,8.78,8.81,10.07
4160,2026-09-28,39.05,58.2,46.7,-1.235,-1.745,0.511,44.1,139787207.0,38.87,38.4,38.42,44.63
4161,2026-09-28,22.05,38.2,50.4,-0.412,-0.45,0.037,40.1,147612843.0,22.32,22.65,22.54,24.34
4162,2026-09-28,55.4,17.3,23.7,-1.074,-0.822,-0.253,42.9,813776512.0,55.66,57.95,57.82,61.73
4163,2026-09-28,135.0,45.6,50.2,7.461,7.988,-0.527,59.4,133620455.0,133.4,135.75,127.98,108.66
4164,2026-09-28,26.9,50.3,35.1,-1.443,-1.703,0.26,41.9,81102985.0,26.2,26.26,27.37,33.74
4166,2026-09-28,23.85,23.1,26.6,-0.483,-0.42,-0.064,43.1,35646181.0,24.3,24.39,24.83,25.68
4167,2026-09-28,19.55,63.8,64.1,0.523,0.48,0.042,55.0,901131629.0,19.34,19.34,18.7,17.54
4168,2026-09-28,21.7,26.8,24.5,-0.77,-0.571,-0.2,40.0,235498644.0,21.9,22.28,23.76,24.2
4169,2026-09-28,148.5,13.6,13.4,-6.186,-0.498,-5.688,44.0,9497485.0,150.1,154.2,175.74,163.75
4171,2026-09-28,16.5,16.0,15.0,-0.682,-0.648,-0.034,40.2,280131643.0,16.46,16.81,17.27,18.84
4173,2026-09-28,17.1,22.4,21.4,-0.621,-0.655,0.033,33.5,338290156.0,17.18,17.34,17.73,19.89
4174,2026-09-28,35.65,65.6,42.9,-2.55,-4.221,1.67,58.0,35289548.0,29.16,27.63,28.18,41.97
4175,2026-09-28,50.5,55.1,59.6,-0.419,-0.619,0.2,44.5,-5147519.0,51.0,50.86,50.63,53.24
4178,2026-09-28,16.55,18.5,21.0,-1.749,-1.882,0.133,33.7,-25734670.0,16.69,17.16,17.86,23.09
4183,2026-09-28,13.95,34.8,39.3,-0.475,-0.528,0.053,46.3,17760937.0,13.6,13.96,13.86,15.97
4188,2026-09-28,13.9,58.5,57.2,0.423,-0.104,0.527,57.3,65362939.0,14.26,12.8,11.73,13.51
4190,2026-09-28,25.05,46.2,54.2,-0.495,-0.7,0.204,43.8,112452556.0,25.44,25.38,25.11,28.22
4192,2026-09-28,18.45,25.8,25.7,-0.957,-0.988,0.031,38.0,14897945.0,18.41,18.85,19.52,22.73
4195,2026-09-28,15.8,46.2,23.5,-2.212,-2.392,0.18,43.7,71825328.0,14.14,14.48,15.56,22.08
4198,2026-09-28,49.9,80.0,75.8,2.992,2.054,0.939,67.3,3297025.0,49.19,45.44,42.36,39.12
4205,2026-09-28,68.5,20.7,27.7,-1.242,-1.394,0.152,35.7,46015527.0,68.96,69.22,69.54,75.42
4207,2026-09-28,19.45,29.5,44.4,0.357,0.505,-0.148,50.5,672917861.0,19.73,20.04,19.84,18.41
4303,2026-09-28,33.4,41.5,48.0,-0.735,-1.329,0.594,46.2,1480110285.0,34.94,34.23,33.16,40.23
4304,2026-09-28,17.7,27.3,29.6,-1.907,-1.682,-0.224,41.6,4919825.0,17.86,18.78,20.77,22.31
4305,2026-09-28,41.75,28.6,42.1,0.502,0.635,-0.133,49.8,18217670.0,42.44,42.77,42.04,40.3
4306,2026-09-28,14.65,43.5,49.9,0.314,0.393,-0.079,52.9,4330146488.0,14.78,14.86,14.76,13.69
4401,2026-09-28,13.85,35.1,38.8,-0.187,-0.243,0.056,46.6,422571646.0,13.92,13.94,13.83,14.99
4402,2026-09-28,14.15,19.5,24.0,-0.69,-0.648,-0.043,40.6,162181087.0,14.29,14.85,15.05,17.31
4406,2026-09-28,10.25,47.4,40.1,0.053,0.016,0.036,56.9,42672725.0,10.12,10.1,9.98,9.99
4413,2026-09-28,20.5,82.9,74.0,0.848,0.29,0.558,65.4,13463973.0,20.01,18.75,17.2,17.65
4414,2026-09-28,8.11,16.3,19.2,-0.495,-0.544,0.049,38.6,-235054810.0,8.19,8.32,8.39,10.1
4416,2026-09-28,13.75,49.9,46.3,-2.278,-3.52,1.242,45.4,6430806.0,12.67,12.27,11.68,28.04
4417,2026-09-28,49.65,88.2,83.8,1.081,0.342,0.739,67.1,303357960.0,49.27,47.48,45.4,46.87
4419,2026-09-28,49.0,58.6,40.3,0.176,-0.023,0.199,56.3,6995201.0,47.12,46.53,46.5,46.52
4420,2026-09-28,35.8,67.5,66.5,-1.254,-1.777,0.523,43.4,89042239.0,36.28,35.26,35.31,41.36
4426,2026-09-28,7.61,22.5,19.4,-0.326,-0.344,0.018,39.6,1011223729.0,7.64,7.76,7.95,9.02
4430,2026-09-28,17.8,50.1,52.0,0.057,-0.033,0.09,55.7,38892703.0,17.51,17.51,17.15,17.59
4432,2026-09-28,15.4,37.5,43.2,-0.054,-0.034,-0.02,47.0,173920869.0,15.56,15.62,15.81,15.88
4433,2026-09-28,18.05,13.0,15.3,-0.516,-0.391,-0.125,35.3,42302616.0,18.35,18.86,19.35,20.07
4438,2026-09-28,56.7,32.5,37.4,-1.209,-1.45,0.241,41.8,11363302.0,57.3,57.71,58.05,63.8
4439,2026-09-28,96.5,21.5,30.9,1.153,1.383,-0.23,52.6,5499018.0,95.48,98.2,94.69,93.35
4440,2026-09-28,17.45,29.0,33.2,0.027,0.056,-0.029,48.7,1662452.0,17.57,17.55,17.58,17.28
4441,2026-09-28,170.0,29.1,34.7,-8.449,-9.488,1.039,39.9,11218819.0,172.3,175.3,179.18,212.4
4442,2026-09-28,53.2,22.6,28.3,0.223,0.222,0.001,50.0,2449489.0,53.4,54.58,52.64,53.42
4502,2026-09-28,15.7,39.9,49.7,-0.092,-0.114,0.023,43.3,53635635.0,15.72,15.71,15.74,16.19
4503,2026-09-28,24.0,10.5,8.6,-4.987,-4.156,-0.831,32.2,588965254.0,23.55,25.6,32.58,41.52
4506,2026-09-28,118.0,28.1,47.9,1.582,1.899,-0.317,51.1,207584389.0,119.5,121.05,118.16,116.35
4510,2026-09-28,43.05,66.5,66.2,-0.19,-0.309,0.12,48.9,2545334615.0,44.18,43.22,43.81,44.09
4513,2026-09-28,16.3,22.0,18.9,-0.314,-0.264,-0.05,47.1,629557672.0,16.08,16.53,16.73,17.71
4523,2026-09-28,23.85,22.7,25.1,-1.015,-0.966,-0.05,41.3,301838554.0,24.0,24.38,25.36,27.64
4526,2026-09-28,32.15,66.2,51.6,-0.684,-0.521,-0.163,49.3,10545235798.0,31.49,30.51,33.56,32.86
4527,2026-09-28,40.9,57.3,54.6,0.375,0.361,0.014,56.1,78925020.0,40.85,40.61,40.55,38.77
4528,2026-09-28,14.85,26.3,19.5,-0.536,-0.574,0.038,33.8,431511145.0,14.9,15.03,15.32,16.86
4529,2026-09-28,3.33,20.9,21.7,-0.217,-0.095,-0.122,41.1,158867628.0,3.47,3.63,4.17,3.91
4530,2026-09-28,24.2,28.3,34.6,-0.73,-0.605,-0.125,44.0,3040122.0,24.96,25.71,25.74,28.01
4532,2026-09-28,25.05,58.9,40.9,0.145,0.12,0.025,54.0,22664841264.0,24.43,24.19,24.49,23.67
4533,2026-09-28,25.5,41.2,38.7,-1.064,-0.827,-0.238,45.8,2140416009.0,25.16,25.34,27.4,26.68
4534,2026-09-28,31.3,29.6,26.4,1.265,2.021,-0.756,52.7,571533156.0,29.99,30.79,32.01,23.97
4535,2026-09-28,26.8,24.9,36.0,-0.039,0.078,-0.117,41.9,8909802.0,27.18,27.9,27.49,27.72
4536,2026-09-28,161.5,35.2,49.8,2.348,2.506,-0.158,50.0,2090784491.0,163.8,166.05,162.61,161.69
4538,2026-09-28,17.55,34.8,31.3,-0.025,0.066,-0.091,48.3,-23328230.0,17.48,17.49,17.89,17.24
4540,2026-09-28,62.6,77.0,68.9,2.002,2.197,-0.195,56.2,788351566.0,60.16,58.38,59.9,49.48
4541,2026-09-28,59.3,22.6,32.9,3.886,4.853,-0.967,52.6,1455574580.0,59.65,63.23,58.64,49.13
4542,2026-09-28,339.0,60.2,42.6,26.409,32.295,-5.886,58.7,222168448.0,297.5,281.45,312.7,174.44
4543,2026-09-28,28.5,31.0,33.5,-0.911,-0.326,-0.586,42.5,681634507.0,28.71,29.34,32.06,29.01
4545,2026-09-28,35.55,65.7,45.8,-0.128,-0.166,0.039,55.7,142096568.0,33.31,32.79,34.58,33.52
4549,2026-09-28,96.2,66.9,66.2,-0.82,-1.261,0.442,48.6,120724560.0,97.0,96.04,98.14,102.95
4550,2026-09-28,24.15,38.8,34.3,-0.044,0.003,-0.047,49.7,64563103.0,23.92,24.12,24.28,24.1
4551,2026-09-28,179.5,50.7,33.5,5.631,8.691,-3.061,55.7,368374646.0,166.2,164.3,175.52,145.42
4552,2026-09-28,15.35,12.8,13.1,-1.525,-1.276,-0.249,20.6,9505753.0,15.82,16.69,18.41,21.11
4554,2026-09-28,28.05,62.9,64.7,0.86,0.78,0.08,56.9,-1995210943.0,28.42,27.88,27.13,25.59
4555,2026-09-28,41.6,29.1,37.0,0.106,0.973,-0.867,45.8,-497253636.0,42.97,44.45,46.66,42.6
4556,2026-09-28,92.4,43.3,34.9,11.954,13.017,-1.063,59.3,32252160.0,87.04,82.76,79.4,44.25
4557,2026-09-28,50.1,41.6,48.6,-1.965,-2.805,0.84,43.7,46422269.0,49.97,50.52,48.95,60.85
4558,2026-09-28,16.9,45.6,46.3,-0.676,-0.734,0.058,41.8,15455761.0,17.29,17.3,17.9,20.3
4560,2026-09-28,29.35,18.1,25.4,-0.501,-0.21,-0.291,42.3,19566364.0,29.22,30.51,30.83,30.99
4561,2026-09-28,41.9,51.6,52.5,0.566,0.64,-0.074,51.0,187895859.0,41.84,42.21,42.44,39.61
4562,2026-09-28,30.0,32.2,33.1,-1.939,-1.806,-0.133,41.6,739523675.0,29.95,30.67,33.51,37.44
4563,2026-09-28,51.4,83.9,69.2,0.172,-1.366,1.538,61.6,257385906.0,47.59,43.52,43.65,47.98
4564,2026-09-28,16.2,17.7,18.2,-0.406,-0.3,-0.106,45.7,517348775.0,16.02,16.45,16.65,17.53
4566,2026-09-28,73.2,47.9,42.0,2.109,1.914,0.196,56.9,715108192.0,68.16,69.18,67.15,61.18
4568,2026-09-28,39.05,40.4,47.1,-0.189,-0.235,0.046,47.2,560855.0,39.13,39.26,39.18,40.02
4569,2026-09-28,154.0,32.3,41.3,-0.903,0.701,-1.605,46.8,-19440895.0,160.2,160.12,164.41,158.95
4571,2026-09-28,152.5,29.8,35.5,-4.867,-3.136,-1.73,44.1,221234366.0,153.7,157.35,167.91,167.24
4572,2026-09-28,139.0,25.9,33.5,-0.861,-0.769,-0.092,44.0,121858383.0,140.6,140.85,141.49,146.06
4576,2026-09-28,241.0,74.0,68.7,16.976,17.357,-0.381,59.4,526511938.0,237.2,222.4,220.81,159.61
4577,2026-09-28,84.0,59.1,52.7,-2.118,-1.252,-0.866,48.3,170567117.0,85.16,81.18,86.85,74.43
4580,2026-09-28,81.0,49.8,51.0,0.946,0.562,0.384,59.1,24024441.0,81.42,79.67,78.71,78.43
4581,2026-09-28,47.7,35.9,39.8,0.036,-0.025,0.061,49.9,29891212.0,47.78,47.84,47.52,48.47
4582,2026-09-28,22.2,10.2,18.6,-0.95,-0.418,-0.532,41.7,29707534.0,22.66,23.87,24.57,23.53
4583,2026-09-28,429.0,10.5,13.7,-64.277,-53.931,-10.346,32.7,80569223.0,439.2,457.55,544.12,631.14
4584,2026-09-21,37.0,21.0,29.9,-1.227,-1.314,0.087,36.3,3553483.0,37.98,38.47,38.95,43.71
4585,2026-09-28,290.0,38.7,39.2,-11.094,-11.479,0.385,43.6,-9136935.0,295.7,297.1,309.55,359.02
4588,2026-09-28,55.3,61.8,49.7,-0.875,-1.405,0.529,52.0,38263160.0,53.56,52.69,53.56,57.24
4590,2026-09-28,88.5,56.3,59.3,3.064,2.497,0.568,54.8,3388244.0,89.74,88.26,83.9,82.08
4609,2026-09-21,4.25,17.2,21.5,-0.331,-0.27,-0.061,40.1,109174932.0,4.31,4.62,4.99,5.66
4702,2026-09-28,9.32,29.7,36.5,-0.046,-0.016,-0.03,45.3,235606739.0,9.33,9.46,9.51,9.49
4706,2026-09-28,33.85,33.0,43.3,0.958,0.9,0.058,56.0,76936564.0,34.54,33.5,32.75,30.4
4707,2026-09-28,29.65,52.0,48.5,3.692,4.359,-0.667,57.7,1959910869.0,28.78,29.22,27.58,16.12
4711,2026-09-28,16.2,47.2,52.1,0.216,0.298,-0.082,50.5,111586754.0,16.38,16.39,16.47,15.45
4714,2026-09-28,11.8,61.1,50.9,-0.854,-1.113,0.259,44.3,1030489954.0,11.63,11.11,11.8,15.25
4716,2026-09-28,16.9,22.7,25.0,0.205,0.482,-0.277,48.7,775135927.0,17.02,17.2,17.96,16.15
4720,2026-09-28,19.15,39.1,26.7,-0.43,0.001,-0.431,47.1,471673208.0,18.75,18.73,21.13,18.17
4721,2026-09-28,79.8,74.4,55.7,-0.372,0.004,-0.377,53.5,1763235700.0,75.02,73.7,79.42,74.12
4722,2026-09-28,190.0,35.7,36.4,-4.245,3.378,-7.623,46.3,888054134.0,189.6,197.3,228.63,189.59
4726,2026-09-28,22.65,14.2,14.6,-1.967,-2.006,0.039,30.2,265545775.0,22.97,23.69,24.81,30.63
4728,2026-09-28,399.5,57.7,59.6,4.637,3.054,1.583,57.8,339747061.0,397.9,394.25,386.8,385.52
4729,2026-09-28,18.8,33.8,31.2,-0.814,-0.679,-0.134,42.2,729497176.0,18.74,18.98,20.64,21.5
4735,2026-09-28,36.2,72.8,74.0,1.964,1.518,0.446,67.5,426572765.0,36.43,35.39,32.51,30.55
4736,2026-09-28,128.5,81.3,82.2,5.46,3.814,1.645,68.7,430229062.0,129.1,124.1,116.76,111.48
4737,2026-09-28,55.6,41.8,40.3,-0.58,-0.714,0.135,44.3,62507059.0,57.84,57.19,56.78,60.02
4739,2026-09-28,83.2,41.6,36.4,-1.357,0.986,-2.343,47.8,1905970022.0,80.78,82.59,93.88,78.56
4741,2026-09-28,40.05,22.8,19.4,-1.154,1.049,-2.203,45.9,65789454.0,38.78,40.63,49.61,35.15
4743,2026-09-28,45.7,31.1,27.9,-2.905,-3.064,0.159,43.9,489997335.0,44.6,45.38,47.93,57.08
4744,2026-09-28,28.65,42.0,39.7,-0.485,-0.485,0.0,49.3,169593961.0,28.07,28.16,28.73,29.39
4745,2026-09-28,12.1,53.3,37.2,-1.747,-1.85,0.103,35.0,24906286.0,11.87,11.82,13.27,17.58
4746,2026-09-28,47.7,33.9,33.1,-1.389,-1.469,0.08,44.8,1037204823.0,46.84,48.19,48.87,54.05
4747,2026-09-28,23.6,25.3,37.4,-0.847,-0.754,-0.093,38.4,209258626.0,24.22,25.38,25.59,28.46
4749,2026-09-28,764.0,43.2,38.8,-42.281,-30.451,-11.83,44.9,93335907.0,746.0,759.9,848.44,852.28
4754,2026-09-28,37.7,46.7,53.6,0.442,0.397,0.045,55.8,22347117.0,37.76,37.67,37.18,36.61
4755,2026-09-28,118.0,50.8,40.6,-4.281,-3.175,-1.106,46.0,-779858725.0,115.3,115.3,124.93,122.99
4760,2026-09-28,260.0,66.2,54.4,3.814,9.819,-6.004,49.9,218999834.0,263.5,252.1,294.74,218.64
4763,2026-09-28,46.85,50.7,53.3,0.412,-0.21,0.622,51.6,8378535033.0,47.26,46.57,44.6,48.74
4764,2026-09-28,183.0,9.0,14.2,-0.286,16.272,-16.559,42.9,43348346.0,203.4,221.21,260.21,159.39
4766,2026-09-28,341.0,67.0,62.2,2.916,3.364,-0.448,51.0,80233375.0,342.7,338.4,342.75,335.01
4767,2026-09-28,28.3,59.0,64.1,0.678,0.543,0.135,59.5,8582458.0,28.3,27.95,27.05,26.47
4768,2026-09-28,357.5,72.6,55.1,-15.609,-15.543,-0.066,52.2,226512525.0,319.9,309.84,343.39,327.75
4770,2026-09-28,286.5,78.3,62.5,8.124,0.116,8.008,69.7,123465732.0,255.3,235.3,229.6,238.73
4771,2026-09-28,211.5,76.2,70.0,7.892,6.4,1.492,60.5,19951517.0,209.7,203.6,196.66,181.93
4772,2026-09-28,271.0,69.2,56.3,-10.632,-12.746,2.114,51.3,75591814.0,250.3,247.6,260.22,290.79
4804,2026-09-28,3.27,50.0,49.7,-0.417,-0.551,0.133,30.7,185226635.0,3.27,3.27,3.27,5.82
4806,2026-09-21,10.4,56.8,39.4,-0.455,-0.538,0.084,52.2,-12147465.0,9.4,9.6,9.92,11.71
4807,2026-09-28,29.15,18.8,20.2,1.423,2.726,-1.302,49.7,35960504.0,29.41,30.82,33.74,22.85
4903,2026-09-28,42.8,67.3,50.9,-0.513,-0.923,0.409,54.9,1166772616.0,38.75,37.5,39.21,38.82
4904,2026-09-28,104.5,71.3,69.9,3.398,3.491,-0.093,57.9,4909371513.0,105.3,103.65,101.72,92.02
4905,2026-09-28,76.7,45.9,49.0,2.377,2.221,0.156,51.9,83389000.0,79.58,78.88,74.98,69.18
4906,2026-09-28,40.2,74.1,58.6,0.753,0.963,-0.209,57.1,268206838580.0,37.53,35.98,38.91,31.9
4907,2026-09-28,45.25,71.1,76.1,1.61,1.222,0.387,57.6,35822436.0,45.32,45.18,41.97,40.72
4908,2026-09-28,205.5,64.9,62.9,18.519,16.114,2.405,57.0,1555421174.0,224.2,189.17,191.25,130.78
4909,2026-09-28,35.8,21.4,22.2,-4.892,-4.66,-0.232,37.8,2015929694.0,35.27,36.83,41.73,50.09
4911,2026-09-28,28.45,36.4,37.4,-1.233,-1.548,0.315,41.4,83705498.0,28.97,28.88,28.96,35.71
4912,2026-09-28,96.8,70.5,68.6,2.092,1.24,0.853,54.4,185764632.0,96.69,93.26,92.08,86.86
4915,2026-09-28,63.5,54.1,41.1,-2.024,-2.226,0.202,44.4,2608529622.0,63.34,62.27,65.46,70.59
4916,2026-09-28,101.5,52.6,49.7,7.113,8.868,-1.754,55.7,4684557735.0,100.22,101.13,103.55,73.47
4919,2026-09-28,135.5,57.1,40.1,1.815,5.754,-3.939,52.6,5112698594.0,126.1,122.7,147.6,99.16
4923,2026-09-28,61.2,75.3,64.9,5.45,4.728,0.723,61.8,128021745.0,57.84,53.41,52.25,38.63
4924,2026-09-28,15.0,61.9,51.7,0.709,0.12,0.588,63.0,93819744.0,14.21,12.08,12.04,11.98
4927,2026-09-28,43.75,79.3,65.4,0.071,-0.177,0.248,53.5,1536545373.0,42.98,38.65,42.76,36.7
4930,2026-09-28,15.85,25.3,25.8,-0.888,-0.997,0.109,30.1,340192332.0,16.02,16.06,16.59,19.61
4931,2026-09-28,246.0,64.5,65.9,19.071,20.854,-1.783,56.8,4106962809.0,242.0,241.95,235.38,179.3
4933,2026-09-28,53.4,28.1,23.0,-2.171,-1.496,-0.675,42.9,507754231.0,52.76,53.73,58.85,58.09
4934,2026-09-28,14.15,34.2,25.9,-0.602,-0.4,-0.202,43.9,832999110.0,13.9,14.09,15.46,15.06
4935,2026-09-28,32.65,35.6,27.6,-1.342,-1.166,-0.176,39.8,611023667.0,33.05,33.81,35.57,38.3
4938,2026-09-28,90.8,52.4,53.9,3.916,3.967,-0.051,57.0,5070528061.0,91.76,90.22,87.34,76.11
4939,2026-09-28,75.3,62.9,66.0,9.907,9.498,0.409,59.7,2553169270.0,79.52,72.99,65.71,42.43
4942,2026-09-28,31.95,22.4,19.5,-1.042,-0.737,-0.305,32.8,301412864.0,31.98,32.9,34.19,35.19
4943,2026-09-28,6.98,20.4,22.7,-0.908,-0.819,-0.089,24.4,400362633.0,7.11,7.83,8.39,10.4
4946,2026-09-28,102.0,81.8,66.1,-4.761,-6.66,1.9,51.5,45030388.0,94.4,89.55,95.66,111.42
4949,2026-09-28,76.0,63.6,57.6,1.546,2.577,-1.031,53.0,262042976.0,75.9,72.07,78.11,59.5
4950,2026-09-28,15.55,36.2,44.7,-0.146,-0.072,-0.073,45.6,-2960533.0,15.81,15.92,16.13,15.78
4951,2026-09-28,90.2,49.9,44.5,0.461,0.946,-0.485,54.1,76336679.0,86.44,82.42,91.54,78.44
4952,2026-09-28,49.2,47.8,48.2,0.93,1.747,-0.817,50.8,1208896472.0,48.78,49.65,51.45,43.7
4953,2026-09-28,116.5,21.3,32.2,0.476,1.629,-1.152,46.4,551807183.0,119.1,121.55,123.13,117.03
4956,2026-09-28,46.0,81.2,67.8,2.022,1.141,0.88,61.0,2378115740.0,40.56,36.03,37.27,29.81
4958,2026-09-28,498.5,53.0,46.6,38.731,53.162,-14.431,57.0,3160786685.0,481.0,470.25,510.25,299.59
4960,2026-09-28,23.45,62.1,48.1,-0.556,-0.171,-0.385,50.5,2036416486.0,22.03,21.44,24.5,20.23
4961,2026-09-28,184.5,81.6,71.0,6.771,4.903,1.867,61.2,973829381.0,176.8,169.65,166.69,153.85
4966,2026-09-28,569.0,45.9,38.3,-14.432,-8.476,-5.956,47.1,497423866.0,561.2,565.96,620.06,621.53
4967,2026-09-28,272.0,78.7,77.6,16.568,17.469,-0.901,58.6,3560694026.0,275.6,269.13,258.62,192.67
4968,2026-09-28,92.8,36.6,30.6,-6.888,-6.82,-0.068,39.7,2800175027.0,91.3,92.62,100.98,119.56
4971,2026-09-28,540.0,57.4,58.9,19.063,19.855,-0.792,51.5,825538530.0,571.6,530.2,536.6,404.81
4972,2026-09-28,16.35,21.7,22.8,-0.271,-0.284,0.013,39.0,73423983.0,16.37,16.48,16.64,17.37
4973,2026-09-28,135.0,33.4,41.2,11.814,18.411,-6.597,52.1,1152797126.0,139.3,145.3,154.3,83.03
4974,2026-09-28,70.6,56.2,58.2,0.101,-0.141,0.242,51.0,483748672.0,71.32,70.03,70.46,71.0
4976,2026-09-28,35.5,37.2,47.6,1.071,1.34,-0.269,50.8,1813841796.0,36.34,37.02,36.27,34.0
4977,2026-09-28,168.5,74.1,68.6,0.655,-0.427,1.082,51.5,4521825949.0,174.4,158.39,165.1,150.33
4979,2026-09-28,567.0,72.1,70.4,39.939,38.289,1.649,54.7,5054542938.0,580.2,546.8,525.33,382.48
4989,2026-09-28,59.5,24.5,25.8,-3.657,-0.824,-2.833,44.7,1695603129.0,60.22,61.73,74.69,60.41
4991,2026-09-28,474.5,57.8,55.2,7.368,18.997,-11.629,50.5,2395198590.0,471.5,463.65,513.9,356.17
4994,2026-09-28,82.3,20.8,24.0,-2.833,-2.262,-0.571,39.4,1426908282.0,82.0,84.21,86.79,91.56
4995,2026-09-28,50.1,67.1,68.3,2.059,1.933,0.126,59.9,-3140376.0,50.32,49.74,47.91,43.58
4999,2026-09-28,17.7,12.1,14.5,-1.027,-1.008,-0.018,30.7,1650684178.0,18.01,18.38,19.19,22.2
5007,2026-09-28,55.4,27.4,36.6,0.161,0.396,-0.235,46.8,233523215.0,55.76,56.03,56.19,53.84
5009,2026-09-28,32.6,28.1,33.2,-0.173,-0.031,-0.142,48.3,3937695053.0,32.43,32.79,33.36,32.97
5011,2026-09-28,18.75,42.5,31.3,0.733,1.094,-0.36,54.3,193788643.0,18.33,18.05,19.28,14.56
5013,2026-09-28,35.25,85.6,78.1,1.037,0.12,0.917,76.9,420297839.0,31.06,28.85,27.61,28.15
5014,2026-09-28,10.2,21.2,19.9,-0.058,-0.016,-0.042,50.0,1447507529.0,9.98,10.16,10.33,10.11
5015,2026-09-28,21.35,41.9,45.5,-0.918,-1.086,0.167,33.9,132028332.0,21.69,21.66,22.08,25.48
5016,2026-09-28,24.8,61.0,57.1,-0.042,-0.103,0.061,52.1,59183062.0,24.67,24.5,24.36,24.5
5201,2026-09-28,29.55,65.2,55.5,-1.57,-2.393,0.823,48.1,204007393.0,28.89,27.6,27.59,35.96
5202,2026-09-28,14.25,58.2,44.5,-0.252,-0.594,0.342,53.2,442544955.0,13.56,12.7,13.26,15.3
5203,2026-09-28,58.6,28.0,23.4,-3.097,-3.363,0.265,40.3,-4110183049.0,57.9,59.2,61.54,73.87
5205,2026-09-21,17.3,15.1,18.7,-2.138,-1.894,-0.244,26.5,5465884.0,19.36,20.51,21.99,27.44
5206,2026-09-28,22.75,65.6,67.0,-0.469,-0.902,0.433,48.8,39951611.0,22.79,22.48,21.64,26.16
5209,2026-09-28,166.5,55.6,57.1,3.348,2.401,0.947,57.0,70635572.0,166.9,162.95,160.54,155.99
5210,2026-09-28,30.25,66.4,51.0,1.133,1.256,-0.123,63.5,326146624.0,29.38,29.09,29.33,25.49
5211,2026-09-28,20.2,42.4,37.9,-0.655,-0.907,0.252,47.2,339807947.0,20.02,19.74,19.81,23.83
5212,2026-09-28,48.9,71.6,56.4,0.085,-0.112,0.197,56.3,93523762.0,47.78,47.32,47.16,47.21
5213,2026-09-28,20.8,26.0,19.9,-0.638,-0.521,-0.117,39.0,651742182.0,20.7,20.98,21.93,22.37
5215,2026-09-28,37.3,21.9,28.0,-0.052,0.485,-0.537,45.0,421881624.0,38.12,38.79,40.62,36.88
5220,2026-09-28,22.0,56.0,38.1,0.139,0.166,-0.027,63.2,-91006371.0,20.21,20.17,20.77,19.53
5222,2026-09-28,104.5,46.6,46.8,-3.056,-3.068,0.012,45.2,419594398.0,104.1,105.0,107.09,116.53
5223,2026-09-28,23.0,28.2,31.7,-0.952,-0.963,0.01,39.0,70651027.0,22.99,23.17,24.0,26.37
5225,2026-09-28,55.3,9.7,10.6,-7.048,-6.211,-0.837,31.7,448404608.0,55.4,60.47,66.56,83.55
5227,2026-09-28,30.65,15.5,19.6,0.937,1.403,-0.466,51.1,85572619.0,30.36,31.76,31.57,28.2
5228,2026-09-28,39.35,35.0,32.2,0.453,2.64,-2.187,47.0,51179346.0,40.18,40.58,50.23,31.66
5230,2026-09-28,22.15,71.1,54.4,0.821,0.397,0.424,62.3,306057392.0,20.44,19.0,19.03,17.88
5234,2026-09-28,322.0,33.2,22.0,-20.848,-15.829,-5.019,45.8,517024448.0,298.2,306.1,346.85,359.08
5236,2026-09-28,135.5,20.5,17.0,-1.718,1.248,-2.966,44.8,70678018.0,134.7,136.9,149.9,132.54
5243,2026-09-28,88.7,64.3,55.4,-1.11,-0.191,-0.919,48.3,1901199699.0,88.66,86.49,94.8,85.57
5244,2026-09-28,35.5,78.1,71.4,-0.904,-1.306,0.402,48.6,127580443.0,35.39,34.32,35.16,38.87
5245,2026-09-28,20.6,10.5,13.6,-1.209,-0.808,-0.401,35.9,158284101.0,21.41,22.29,24.17,24.96
5251,2026-09-28,30.0,57.8,43.7,-0.806,-1.513,0.707,52.4,392207882.0,28.82,27.15,28.17,34.01
5258,2026-09-28,41.2,9.5,13.3,-3.185,-2.718,-0.467,34.1,1540601378.0,41.98,45.04,47.55,56.98
5263,2026-09-28,89.6,24.3,30.8,-2.184,-1.489,-0.695,43.5,124866812.0,93.12,93.03,97.27,96.52
5269,2026-09-28,1475.0,75.0,63.5,33.782,26.545,7.237,55.5,423148477.0,1439.0,1415.5,1412.27,1351.45
5272,2026-09-28,17.15,24.3,20.2,-1.291,-1.119,-0.172,37.7,679121456.0,17.0,17.24,19.13,20.54
5274,2026-09-28,19395.0,74.2,71.8,1949.509,1782.669,166.84,66.0,206389787.0,18775.0,17341.5,16378.88,10553.48
5276,2026-09-21,18.45,40.8,47.6,0.54,0.713,-0.174,53.5,13204404.0,18.32,18.76,18.52,16.26
5278,2026-09-28,23.9,47.4,49.2,-0.429,-0.612,0.183,46.9,327985982.0,23.76,23.94,23.71,27.23
5283,2026-09-28,52.6,75.9,76.0,1.431,0.508,0.924,58.5,34432745.0,53.84,51.36,48.42,49.62
5284,2026-09-28,300.0,39.5,40.9,-3.574,1.854,-5.428,47.2,-421988902.0,304.0,304.11,332.93,298.45
5285,2026-09-28,90.5,71.5,59.2,6.403,6.724,-0.321,60.8,2519648134.0,88.7,82.8,86.08,62.44
5287,2026-09-28,137.5,83.4,76.2,-0.181,-1.359,1.178,54.0,103806149.0,136.8,134.83,132.81,140.61
5288,2026-09-28,186.5,52.3,58.4,10.055,11.091,-1.036,58.4,120145427.0,186.5,186.88,179.49,147.66
5289,2026-09-28,1280.0,33.7,41.6,55.867,110.871,-55.004,49.0,1019745827.0,1311.0,1367.57,1480.5,924.4
5291,2026-09-28,58.8,54.5,55.9,1.547,2.344,-0.797,51.2,199583862.0,60.18,58.42,60.41,46.11
5292,2026-09-28,218.5,74.5,72.0,11.069,8.855,2.214,60.0,53736486.0,218.7,205.25,196.96,170.52
5299,2026-09-28,100.0,40.2,34.5,2.758,4.355,-1.597,53.0,480637678.0,97.46,98.88,103.68,83.93
5301,2026-09-28,4.99,20.3,20.1,-1.065,-1.154,0.089,26.9,7308366.0,5.14,5.33,5.92,9.26
5302,2026-09-28,9.72,10.1,12.4,-0.31,-0.096,-0.214,43.0,483556280.0,9.86,10.11,10.9,10.39
5306,2026-09-28,88.6,27.4,37.5,1.06,1.186,-0.127,50.8,233315734.0,88.87,90.66,88.06,86.7
5309,2026-09-28,59.1,67.1,47.5,-2.197,-2.117,-0.08,52.2,3007996565.0,53.21,52.85,58.71,60.88
5310,2026-09-28,29.0,80.1,70.1,-0.119,-0.81,0.692,61.7,60500435.0,26.1,25.69,24.86,29.73
5312,2026-09-28,89.9,30.9,27.0,-0.531,-0.725,0.194,47.0,205011424.0,90.56,90.37,90.29,93.12
5314,2026-09-28,27.45,53.8,59.2,3.244,1.781,1.463,55.6,11984301156.0,31.67,26.15,20.48,22.16
5315,2026-09-28,18.7,34.7,27.8,-0.672,-0.602,-0.07,37.9,599345189.0,18.63,18.92,19.74,20.84
5321,2026-09-28,67.5,55.3,63.2,9.648,9.213,0.435,58.6,298218004.0,72.82,69.29,60.28,42.43
5324,2026-09-28,12.4,54.0,64.0,0.272,0.28,-0.008,62.2,185361612.0,12.34,12.28,12.16,11.27
5328,2026-09-28,52.3,11.7,21.7,5.651,8.073,-2.422,52.1,3487693193.0,55.01,58.94,57.26,33.31
5340,2026-09-28,80.5,73.2,65.7,-2.532,-2.516,-0.017,47.4,1183019064.0,82.0,78.18,83.12,79.25
5344,2026-09-28,13.35,24.0,20.6,-0.512,-0.331,-0.181,40.4,99032725.0,13.45,13.63,14.68,14.8
5345,2026-09-28,22.0,33.3,29.9,-0.65,-0.335,-0.315,46.2,20101342.0,21.94,22.23,24.17,23.85
5347,2026-09-28,178.5,70.5,54.1,8.281,8.846,-0.565,60.9,4071701804.0,165.7,158.85,164.5,127.62
5348,2026-09-28,16.35,49.9,44.1,-0.185,-0.224,0.039,47.8,13088866.0,16.42,16.49,16.48,17.35
5351,2026-09-28,109.5,57.1,61.2,11.795,12.178,-0.383,57.8,7497027995.0,110.4,110.07,98.82,66.51
5353,2026-09-28,28.45,53.4,42.7,0.402,0.615,-0.212,54.0,674981025.0,27.98,28.03,28.88,26.15
5355,2026-09-28,7.0,83.7,71.2,-0.078,-0.246,0.168,57.2,119156086.0,6.53,6.08,6.23,7.08
5356,2026-09-28,25.5,63.6,61.8,0.399,0.413,-0.014,53.7,847938058.0,25.86,25.59,25.47,24.19
5364,2026-09-28,8.35,17.8,19.5,-0.912,-1.112,0.201,23.0,38885051.0,8.36,8.52,8.65,12.57
5381,2026-09-28,23.2,26.3,30.6,-1.109,-0.961,-0.148,43.1,464671271.0,23.4,23.9,25.44,27.53
5386,2026-09-28,285.0,57.2,52.6,20.967,26.112,-5.145,55.0,923938764.0,288.1,269.4,289.82,165.14
5388,2026-09-28,71.7,11.6,16.2,-2.631,-1.439,-1.192,41.1,1143790122.0,73.2,77.46,81.01,83.93
5392,2026-09-28,39.4,43.0,51.9,-0.27,0.232,-0.502,45.4,2238646149.0,40.42,42.02,42.79,42.89
5398,2026-09-28,13.9,15.0,15.9,-1.643,-1.734,0.091,33.4,138368676.0,14.03,14.11,15.33,19.78
5403,2026-09-28,92.9,46.1,46.9,-1.646,-2.244,0.599,43.6,317951703.0,93.1,92.75,92.49,102.57
5410,2026-09-28,33.2,20.2,22.6,0.087,0.877,-0.789,45.2,748231884.0,33.61,34.58,36.92,32.51
5425,2026-09-28,95.8,61.0,49.1,5.085,6.554,-1.468,55.2,4498715258.0,92.38,88.75,96.97,69.62
5426,2026-09-28,27.8,59.2,53.9,1.484,1.648,-0.164,54.6,1376280110.0,28.17,27.33,27.75,22.89
5432,2026-09-28,160.5,81.5,71.8,4.721,0.889,3.833,57.1,160086518.0,158.4,144.0,141.63,141.37
5434,2026-09-28,540.0,60.5,56.0,41.529,44.626,-3.098,66.0,199502224356.0,537.4,524.9,505.15,381.02
5438,2026-09-28,17.0,45.7,39.3,-0.739,-0.777,0.038,43.1,663920933.0,16.73,16.76,17.61,20.03
5439,2026-09-28,253.0,58.8,49.4,-17.505,-15.306,-2.199,44.4,1982239663.0,252.8,245.55,282.06,300.56
5443,2026-09-28,109.5,63.9,60.1,1.495,1.422,0.074,52.7,3309732590.0,108.7,104.76,106.57,99.55
5450,2026-09-28,14.75,34.1,28.2,0.232,0.254,-0.022,52.6,207281901.0,14.67,14.66,14.51,13.87
5452,2026-09-28,27.15,64.9,52.2,-0.996,-0.752,-0.244,45.6,991016485.0,27.02,26.82,29.41,28.19
5455,2026-09-28,30.7,82.7,78.4,0.916,0.514,0.402,66.7,9089605.0,30.28,29.61,27.99,28.02
5457,2026-09-28,23.5,7.1,10.8,-2.67,-2.296,-0.374,31.9,1345132827.0,24.82,26.26,28.48,35.01
5460,2026-09-28,16.9,57.4,49.1,0.421,0.369,0.052,56.4,212052424.0,16.91,16.49,16.26,15.45
5464,2026-09-28,90.0,67.5,56.2,10.478,10.621,-0.143,62.0,238908993.0,86.04,77.54,79.86,45.09
5465,2026-09-28,34.7,87.2,78.1,1.076,-0.325,1.401,77.8,453910862.0,28.82,26.02,24.96,27.49
5468,2026-09-28,25.55,25.6,30.4,1.415,1.795,-0.38,53.7,64882387.0,25.18,25.88,25.18,20.31
5469,2026-09-28,73.6,57.6,49.9,-2.935,-3.066,0.13,45.6,508023986856.0,72.66,72.12,76.06,83.44
5471,2026-09-28,52.7,35.0,43.8,2.367,3.693,-1.326,50.9,49059106553.0,53.82,55.2,56.0,43.34
5474,2026-09-28,158.0,65.6,59.5,0.517,0.218,0.299,51.3,553830528.0,156.1,153.6,159.47,157.84
5475,2026-09-28,180.5,63.4,55.3,-7.274,-3.439,-3.835,47.7,1620255827.0,181.1,168.6,199.6,155.53
5478,2026-09-28,97.0,11.3,14.0,-0.45,0.084,-0.533,44.0,789499268.0,97.28,98.2,99.95,97.35
5481,2026-09-28,22.0,77.1,62.5,0.035,-0.246,0.281,55.4,374851335.0,21.45,20.77,20.53,21.62
5483,2026-09-28,189.0,52.1,40.9,13.011,14.992,-1.982,56.7,5788345150.0,184.9,179.75,180.8,135.83
5484,2026-09-28,39.25,24.0,24.4,-0.817,-0.212,-0.605,46.1,80067472585.0,39.48,40.07,43.62,41.09
5487,2026-09-28,28.5,40.7,49.8,0.104,0.053,0.051,47.9,171293431.0,29.19,29.06,28.64,29.12
5488,2026-09-28,11.75,10.2,12.7,0.205,0.51,-0.305,47.6,424166068.0,11.85,12.25,12.86,10.94
5489,2026-09-28,42.2,39.6,30.1,0.081,0.571,-0.49,49.3,158689357.0,41.87,41.3,44.13,40.78
5490,2026-09-28,25.45,7.6,16.2,-0.264,0.384,-0.648,41.8,781621391.0,25.63,28.06,28.37,27.22
5493,2026-09-28,90.6,78.0,66.0,1.037,0.163,0.873,56.1,216858809.0,87.56,83.78,85.46,84.21
5498,2026-09-28,49.85,50.2,49.5,-1.282,-0.274,-1.008,46.1,3147197891.0,51.05,50.48,55.31,46.76
5508,2026-09-28,53.0,46.0,52.3,-0.617,-1.324,0.707,48.1,509823038.0,54.04,53.34,52.58,59.65
5511,2026-09-28,69.7,32.6,49.8,3.739,3.975,-0.236,63.3,407325934.0,69.74,70.24,66.25,56.77
5512,2026-09-28,7.7,33.9,30.9,-0.043,-0.045,0.002,48.1,3886514838.0,7.68,7.71,7.74,7.97
5514,2026-09-28,15.1,83.5,79.9,-0.124,-0.342,0.218,54.3,223497417.0,15.04,14.64,14.28,15.82
5515,2026-09-28,52.7,71.9,73.0,4.728,4.313,0.415,70.7,5911411151.0,51.53,50.05,44.95,34.55
5516,2026-09-28,12.0,50.2,52.3,-0.109,-0.325,0.216,51.0,57711500.0,11.99,11.9,11.31,12.94
5519,2026-09-28,25.0,14.0,20.0,-0.578,-0.146,-0.431,32.7,31951113984.0,25.92,26.94,27.82,27.08
5520,2026-09-28,83.2,38.1,37.4,0.223,0.177,0.046,54.7,4223368.0,82.64,82.69,82.47,82.99
5521,2026-09-28,10.5,59.8,59.7,-0.818,-1.072,0.253,42.4,2714300022.0,10.55,10.48,10.4,13.81
5522,2026-09-28,60.7,15.7,18.0,-0.713,-0.027,-0.686,42.8,6652777399.0,62.04,62.83,64.97,61.94
5523,2026-09-28,30.35,94.5,88.9,0.023,0.035,-0.012,51.4,76099560.0,30.35,30.36,30.38,30.22
5525,2026-09-28,21.95,56.9,64.4,-0.353,-0.58,0.227,46.2,30276016903.0,22.06,22.07,21.5,24.34
5529,2026-09-28,26.5,84.5,67.8,0.414,-0.304,0.718,64.1,104653245.0,25.39,23.41,22.78,24.48
5530,2026-09-28,48.75,51.6,57.7,0.055,-0.04,0.095,48.7,367639887.0,49.19,49.32,48.99,50.05
5531,2026-09-28,6.85,4.7,8.6,-0.427,-0.373,-0.053,26.9,73029596851.0,7.05,7.31,7.62,8.58
5533,2026-09-28,13.85,47.0,56.0,0.03,0.001,0.029,49.3,3267531060.0,13.95,13.97,13.77,14.01
5534,2026-09-28,73.3,42.7,50.6,0.173,0.252,-0.079,47.6,93263487527.0,74.84,74.53,74.41,73.93
5536,2026-09-28,902.0,22.9,19.5,-1.332,32.727,-34.059,48.0,385077142.0,876.2,904.2,1033.18,845.81
5538,2026-09-28,35.4,50.2,57.9,1.383,1.41,-0.027,57.5,42376223.0,35.75,35.68,34.18,30.75
5543,2026-09-28,26.95,53.2,51.4,-0.271,-0.134,-0.137,47.8,29201713.0,27.44,26.79,28.1,26.94
5546,2026-09-28,14.1,45.2,44.2,-0.938,-1.126,0.188,36.4,-7373776.0,14.52,14.3,14.93,18.89
5547,2026-09-28,20.0,54.8,55.1,0.065,-0.0,0.066,53.3,-2547212.0,19.89,19.9,19.62,20.24
5548,2026-09-28,20.2,22.3,24.3,-0.151,-0.086,-0.064,41.9,1762471.0,20.27,20.48,20.61,20.64
5601,2026-09-28,28.9,32.6,40.3,-1.352,-1.37,0.018,29.5,14107306.0,29.98,29.94,30.86,34.69
5603,2026-09-28,13.4,9.3,16.2,-0.731,-0.793,0.062,31.1,588976120.0,13.6,13.81,14.12,16.62
5604,2026-09-28,30.95,57.3,56.1,-0.669,-0.881,0.212,39.5,86588973.0,31.12,30.87,30.91,33.79
5607,2026-09-28,51.9,52.7,57.8,1.502,1.382,0.12,53.4,-45942543343.0,53.38,52.26,50.72,48.42
5608,2026-09-28,16.7,59.5,56.6,0.276,-0.077,0.353,54.7,12851303526.0,16.91,16.04,15.24,16.5
5609,2026-09-28,78.2,46.5,52.4,1.021,1.108,-0.087,54.8,863064336.0,78.56,78.5,77.82,75.2
5701,2026-09-28,4.07,28.9,26.8,-0.021,0.052,-0.073,46.4,409596426.0,4.16,4.21,4.56,4.23
5703,2026-09-21,13.9,32.4,41.0,-0.128,-0.14,0.012,46.7,13397471.0,13.88,14.08,14.0,14.64
5704,2026-09-28,22.5,59.0,67.4,-0.052,-0.283,0.231,49.1,71682071.0,22.8,22.61,21.99,24.16
5706,2026-09-28,43.9,16.6,20.3,-0.8,-0.593,-0.207,38.2,1551321801.0,44.2,44.68,45.9,46.93
5864,2026-09-28,36.9,72.6,59.0,2.595,3.183,-0.588,57.3,601436350.0,36.18,34.47,36.75,23.62
5871,2026-09-28,107.0,23.6,40.4,1.61,2.228,-0.618,48.5,2539885506.0,109.8,110.95,109.35,103.91
5876,2026-09-28,48.85,87.4,85.3,2.566,1.892,0.674,71.6,-6064468837.0,48.44,46.08,43.22,40.05
5878,2026-09-28,37.9,10.7,16.6,-0.666,-0.648,-0.017,28.8,-1073604.0,38.16,38.3,38.88,40.42
5880,2026-09-28,26.05,73.9,79.0,1.082,0.871,0.211,61.8,61565770610.0,26.73,25.9,24.45,23.19
5902,2026-09-28,34.2,52.9,58.4,-0.801,-1.027,0.227,38.5,75187155.0,34.38,34.48,34.35,38.68
5903,2026-09-28,186.5,83.3,77.7,0.572,0.124,0.449,59.8,24954833.0,185.4,185.05,183.46,184.81
5904,2026-09-28,68.8,22.9,38.2,5.214,5.917,-0.703,57.6,2496275858.0,70.92,72.63,67.04,52.38
5905,2026-09-28,7.4,9.0,10.7,-0.346,-0.285,-0.061,37.5,984536155.0,7.43,7.73,8.07,8.96
5906,2026-09-21,40.9,68.9,56.6,-1.646,-2.303,0.656,51.1,33412433.0,38.45,37.79,39.02,44.56
5907,2026-09-28,4.79,32.9,38.7,-0.194,-0.213,0.019,36.2,-55701012.0,4.85,4.89,4.96,5.52
6005,2026-09-28,31.65,64.4,58.2,1.281,1.537,-0.256,55.7,3274293546.0,31.88,31.18,31.91,25.86
6015,2026-09-28,17.4,71.9,60.4,0.745,0.854,-0.11,57.1,1238949270.0,17.27,16.61,17.3,13.6
6016,2026-09-28,23.5,77.5,61.9,1.324,1.513,-0.189,59.3,2382748132.0,22.95,21.62,23.04,16.43
6020,2026-09-28,20.5,19.7,19.0,0.021,0.273,-0.252,46.6,60784260.0,20.55,20.75,21.72,19.85
6021,2026-09-28,41.1,73.9,72.8,2.838,2.763,0.075,58.6,370206404.0,42.33,39.51,39.12,29.99
6023,2026-09-28,86.0,61.0,54.2,1.396,1.564,-0.168,56.0,-35149423.0,86.24,85.29,84.93,79.83
6024,2026-09-28,60.2,62.9,74.4,3.036,3.178,-0.142,62.7,134798184.0,61.26,60.99,57.91,50.07
6026,2026-09-28,15.9,80.0,67.9,0.489,0.487,0.002,60.9,-372781534.0,15.5,15.03,15.21,13.12
6028,2026-09-28,98.8,88.9,82.9,1.946,-0.583,2.528,62.2,942797.0,97.36,93.83,86.61,97.96
6101,2026-09-28,37.25,52.7,43.3,-0.395,-0.215,-0.181,46.6,76395849.0,37.81,37.19,39.0,38.19
6103,2026-09-28,41.8,62.6,52.1,0.32,-0.913,1.233,56.1,-501799.0,37.83,35.19,34.58,37.55
6104,2026-09-28,91.0,30.9,38.2,-1.812,-1.317,-0.494,45.0,3100893975.0,91.86,93.05,96.22,98.28
6108,2026-09-28,24.4,74.8,70.3,1.917,1.561,0.356,63.3,1011796522.0,23.6,22.73,20.68,17.11
6109,2026-09-28,10.35,11.6,13.2,-0.38,-0.229,-0.151,40.3,177708019.0,10.56,10.83,11.39,11.58
6111,2026-09-28,37.8,49.2,30.7,-2.458,-2.356,-0.102,42.4,807965839.0,36.61,36.87,40.18,45.02
6112,2026-09-28,47.35,71.6,72.6,0.96,0.261,0.699,53.9,418589238.0,47.82,46.02,44.41,45.78
6113,2026-09-28,22.15,31.6,33.0,-0.32,0.059,-0.379,45.7,891056964.0,22.32,22.68,24.49,22.52
6114,2026-09-28,23.25,10.6,12.6,-1.819,-1.393,-0.426,31.2,100080222.0,23.68,25.01,27.19,29.41
6115,2026-09-28,44.0,28.2,30.6,-0.169,-0.008,-0.161,44.7,3941007625.0,44.36,44.64,45.09,44.62
6116,2026-09-28,14.9,58.1,47.3,0.885,1.151,-0.266,57.2,-32274284579.0,14.39,14.01,15.22,10.5
6117,2026-09-28,61.7,23.0,20.1,-4.015,-3.707,-0.308,39.0,1623872433.0,61.92,62.24,67.99,74.98
6118,2026-09-28,15.95,38.6,24.2,-0.682,-0.741,0.059,45.1,1801675207.0,15.45,15.43,16.3,18.31
6120,2026-09-28,13.05,46.3,38.2,-0.131,-0.023,-0.109,50.6,4671655960.0,12.48,12.68,13.35,12.54
6121,2026-09-28,379.5,35.9,38.0,5.519,8.732,-3.213,50.6,527135734.0,380.9,383.55,388.89,359.94
6122,2026-09-28,59.7,89.4,81.6,2.459,1.153,1.305,78.4,989356422.0,54.24,50.89,48.15,46.45
6123,2026-09-28,43.2,64.7,64.0,0.055,-0.099,0.154,52.0,448171960.0,43.06,43.0,42.65,44.17
6124,2026-09-28,27.45,70.8,54.8,-0.609,-0.564,-0.044,47.3,196236700.0,27.16,26.95,28.15,28.12
6125,2026-09-28,49.25,43.1,42.8,-3.104,-3.055,-0.049,42.5,2888901543.0,49.61,49.93,54.17,62.29
6126,2026-09-28,30.8,54.1,40.0,-0.745,-0.525,-0.22,47.6,998944738.0,30.19,29.93,32.75,31.33
6127,2026-09-28,51.0,38.7,29.6,-0.237,2.13,-2.368,48.8,2856871486.0,48.8,48.92,60.57,41.97
6128,2026-09-28,19.1,21.2,25.4,-0.705,-0.731,0.026,38.9,-7618282770.0,19.27,19.79,20.01,22.7
6129,2026-09-28,14.65,25.7,19.4,-0.848,-0.492,-0.356,38.9,1665880546.0,14.72,15.22,17.03,17.18
6130,2026-09-28,23.8,19.9,32.0,-1.623,-1.952,0.329,40.4,3897852.0,24.21,25.25,24.56,33.45
6133,2026-09-28,28.5,78.0,65.7,1.315,0.679,0.636,65.9,16330190192.0,25.65,23.3,22.8,20.47
6134,2026-09-28,29.25,74.3,61.7,-0.314,-0.192,-0.121,49.8,532790444.0,28.98,28.21,30.21,28.15
6136,2026-09-28,24.95,55.2,56.4,0.355,0.373,-0.017,57.9,4353531784.0,24.86,24.85,24.57,23.48
6138,2026-09-28,278.5,33.6,31.1,6.079,12.898,-6.819,50.0,1877907007.0,277.0,280.05,303.06,244.1
6139,2026-09-28,732.0,45.6,45.0,27.791,44.535,-16.744,51.7,-4596747701.0,732.6,739.22,773.62,585.92
6140,2026-09-28,20.75,58.0,46.9,-0.818,-1.475,0.657,52.2,1029827045.0,19.41,18.16,19.12,24.6
6141,2026-09-28,52.9,74.1,70.8,7.128,6.459,0.669,64.4,103321445.0,51.61,46.09,42.07,24.54
6142,2026-09-28,9.06,25.4,22.1,-0.105,-0.073,-0.032,48.2,28452488590.0,8.92,9.08,9.17,9.47
6143,2026-09-28,81.0,14.1,18.6,-4.691,-3.779,-0.912,36.8,991124274.0,82.74,86.42,91.69,104.48
6144,2026-09-28,12.55,11.4,14.8,-1.085,-1.16,0.075,29.9,11843174.0,12.88,13.13,13.77,17.21
6146,2026-09-28,180.0,28.1,23.8,-0.36,1.666,-2.026,46.9,239908306.0,180.2,183.21,188.38,174.0
6147,2026-09-28,208.5,73.7,61.8,17.992,19.16,-1.167,58.1,6414363304.0,202.9,178.75,201.38,114.18
6148,2026-09-28,38.5,71.8,57.5,0.442,-1.005,1.447,61.3,1481064664.0,35.44,31.61,31.6,36.37
6150,2026-09-28,62.1,67.6,64.9,-0.382,-0.752,0.371,51.5,1289401102.0,61.44,60.33,61.6,65.12
6151,2026-09-28,34.75,36.1,36.5,0.073,0.728,-0.655,47.4,494912753.0,34.98,35.42,38.16,32.52
6152,2026-09-28,15.1,67.8,59.5,0.183,0.026,0.157,55.4,917467370.0,14.79,14.08,14.09,12.9
6153,2026-09-28,17.65,68.3,55.0,-0.078,0.082,-0.16,50.4,3484457040.0,17.36,16.87,18.33,16.66
6154,2026-09-28,14.15,82.3,78.1,0.249,0.206,0.043,61.8,35415945.0,14.08,13.95,13.73,13.35
6155,2026-09-28,64.0,51.8,40.5,1.472,2.816,-1.344,54.0,944256362.0,58.5,57.66,65.87,47.43
6156,2026-09-28,21.65,38.2,27.2,-0.106,0.063,-0.169,50.5,677770120.0,20.91,20.99,21.95,21.47
6158,2026-09-28,17.25,42.3,33.0,-0.659,-0.786,0.127,43.2,283107540.0,17.26,17.0,17.54,20.27
6160,2026-09-28,13.9,24.0,30.1,-0.775,-0.714,-0.061,37.2,415258522.0,14.3,14.49,15.48,17.49
6161,2026-09-28,49.0,31.6,38.3,1.097,1.574,-0.478,51.1,547670981.0,49.23,50.08,50.68,45.82
6163,2026-09-28,41.5,48.4,43.6,-2.44,-2.121,-0.319,44.0,1603793714.0,40.73,40.79,44.27,43.38
6164,2026-09-28,12.4,54.8,41.4,-0.068,0.034,-0.102,50.3,945612458.0,12.02,11.97,12.68,11.74
6165,2026-09-28,48.85,44.9,42.8,0.126,0.157,-0.031,50.2,-464192029.0,48.87,48.88,48.96,49.36
6166,2026-09-28,135.0,38.1,28.1,9.306,11.817,-2.511,56.9,34640562830.0,123.1,123.4,129.9,86.16
6167,2026-09-28,10.2,24.4,22.7,-0.562,-0.514,-0.048,39.8,553557775.0,10.22,10.37,11.03,12.02
6168,2026-09-28,45.2,88.1,73.8,3.904,2.006,1.898,78.3,-14298918278.0,37.31,31.1,29.38,24.07
6169,2026-09-28,12.0,9.0,8.7,-1.271,-1.26,-0.011,24.5,108586434.0,12.06,12.47,13.5,16.88
6170,2026-09-28,48.8,77.2,69.2,0.372,0.284,0.087,58.1,880847249.0,48.33,47.81,47.75,47.08
6171,2026-09-28,26.6,79.6,69.8,-0.033,-0.502,0.469,58.5,111874927.0,26.12,25.19,24.52,26.94
6173,2026-09-28,297.5,77.4,65.8,42.633,38.326,4.307,63.0,3933458102.0,293.7,243.3,246.33,125.23
6174,2026-09-28,45.05,51.0,39.9,2.866,4.08,-1.214,55.3,424576434.0,43.72,43.31,47.09,31.04
6175,2026-09-28,69.2,15.1,17.9,0.566,4.196,-3.63,45.5,1519824689.0,69.98,72.41,85.91,60.53
6176,2026-09-28,90.2,12.5,13.0,-11.715,-10.867,-0.847,32.2,6886039729.0,91.78,98.46,109.7,138.24
6177,2026-09-28,46.25,52.3,61.2,0.891,0.693,0.199,52.3,28146789874.0,47.5,46.75,45.05,44.78
6179,2026-09-28,37.45,75.9,74.5,2.687,1.245,1.442,71.4,503640813.0,35.46,31.23,28.09,28.02
6180,2026-09-28,41.1,27.4,25.5,-1.415,-1.532,0.116,41.5,1567541912.0,41.07,41.42,42.7,48.36
6182,2026-09-28,121.0,59.7,45.8,14.393,16.902,-2.509,59.5,13553187008.0,114.6,109.05,113.64,59.81
6183,2026-09-28,90.5,65.5,72.2,0.485,0.11,0.375,53.8,220922884.0,91.2,90.58,88.85,90.8
6184,2026-09-28,40.1,21.4,17.3,-1.099,-0.927,-0.172,25.4,468651285.0,40.31,41.1,42.22,44.42
6185,2026-09-28,12.35,13.8,15.8,-0.462,-0.342,-0.119,34.2,487956564.0,12.54,12.94,13.46,14.39
6186,2026-09-28,29.0,5.2,11.5,-2.692,-2.273,-0.419,23.7,250826427.0,29.86,32.02,34.4,41.98
6187,2026-09-28,1310.0,67.9,65.8,121.788,126.187,-4.399,62.4,1798152762.0,1262.0,1219.23,1141.46,734.07
6188,2026-09-28,61.6,11.0,18.3,-6.849,-6.501,-0.348,29.7,3594738756.0,63.08,65.85,71.9,90.0
6189,2026-09-28,50.2,70.2,52.6,0.533,0.618,-0.085,56.2,29412236206.0,48.45,48.37,49.3,46.46
6190,2026-09-28,69.3,61.7,52.2,1.676,3.038,-1.362,52.2,1680058679.0,68.42,67.35,73.12,56.75
6191,2026-09-28,83.1,34.4,29.1,-4.57,-4.272,-0.298,42.2,3843754505.0,82.68,83.1,89.5,102.13
6192,2026-09-28,109.5,28.9,38.9,-1.0,0.33,-1.329,41.2,1771067565.0,111.8,113.6,117.5,110.62
6194,2026-09-28,29.6,55.9,52.2,-0.445,-0.501,0.056,41.8,272636654.0,30.04,29.84,30.5,31.74
6195,2026-09-28,28.3,60.4,63.8,0.826,0.691,0.135,64.3,105441632.0,27.9,27.73,26.79,25.76
6196,2026-09-28,544.0,74.2,63.1,44.107,49.261,-5.155,62.1,2438097203.0,535.2,513.05,520.39,356.01
6197,2026-09-28,319.0,64.5,53.9,26.272,31.325,-5.053,60.7,38480322415.0,314.9,306.4,314.42,210.76
6198,2026-09-21,19.4,33.7,26.6,-1.156,-1.357,0.201,32.4,29119682.0,19.49,19.48,20.16,24.35
6199,2026-09-28,126.0,79.2,61.6,3.846,0.87,2.977,67.9,108624691.0,111.5,103.98,101.57,100.75
6201,2026-09-28,44.2,20.5,29.5,-0.946,-1.119,0.172,38.1,150740069.0,44.97,45.09,45.18,49.36
6202,2026-09-28,58.4,49.6,48.4,1.353,2.11,-0.756,52.4,5114711198.0,57.28,57.44,59.24,49.15
6203,2026-09-28,59.9,16.2,15.6,-1.062,-0.938,-0.125,44.1,354993203.0,59.94,60.13,61.91,63.35
6204,2026-09-28,103.0,70.0,60.8,5.449,4.075,1.374,58.2,170812999.0,99.98,90.1,94.77,78.56
6205,2026-09-28,71.1,64.7,53.6,1.112,1.328,-0.216,54.9,-147505194.0,67.12,63.86,69.3,56.47
6206,2026-09-28,143.0,56.9,58.5,8.706,8.801,-0.096,63.6,75639396844.0,139.4,138.6,132.78,109.15
6207,2026-09-28,137.5,74.4,54.3,11.206,12.181,-0.974,63.7,1774851470.0,120.2,111.76,121.59,76.58
6208,2026-09-28,74.6,15.8,17.4,2.11,4.917,-2.807,48.3,1052448496.0,74.56,78.2,84.36,61.48
6209,2026-09-28,81.5,69.9,62.8,4.158,4.25,-0.091,57.7,12942982325.0,80.66,75.65,78.24,60.94
6210,2026-09-28,17.75,45.6,37.2,-0.652,-0.533,-0.118,40.2,206276604.0,17.74,17.73,18.99,19.28
6212,2026-09-28,33.65,74.5,73.0,-0.019,-0.841,0.822,63.6,21129843.0,32.29,31.11,29.78,34.86
6213,2026-09-28,620.0,88.9,82.4,97.328,80.346,16.982,73.9,11564116413.0,549.2,497.3,401.53,226.12
6214,2026-09-28,189.0,92.5,91.7,18.957,15.392,3.565,73.5,1157580574.0,189.6,178.1,156.3,128.2
6215,2026-09-28,97.2,50.7,48.9,-3.249,-2.858,-0.392,45.6,2333753667.0,97.98,97.51,104.14,110.25
6216,2026-09-28,19.5,10.7,14.7,-1.12,-1.082,-0.038,32.6,2809895262.0,19.73,20.37,21.0,24.02
6217,2026-09-28,173.0,58.5,49.9,-2.076,5.355,-7.431,48.4,1830165648.0,175.0,164.5,203.3,133.38
6218,2026-09-28,63.2,83.6,76.4,7.052,4.347,2.705,79.0,439269295.0,55.11,45.52,41.0,29.77
6219,2026-09-28,12.15,17.6,16.7,-0.84,-1.015,0.175,38.9,433771746.0,12.2,12.26,12.54,16.03
6220,2026-09-28,25.25,27.7,21.8,-1.298,-0.652,-0.645,40.2,1262307292.0,25.38,25.48,29.29,26.64
6221,2026-09-28,32.85,88.6,76.3,0.881,-0.833,1.714,73.5,779440636.0,28.26,24.51,23.11,27.82
6222,2026-09-28,18.8,22.6,26.5,-0.375,-0.149,-0.226,38.6,20746339.0,19.18,19.78,20.22,20.12
6223,2026-09-28,5185.0,31.5,34.1,288.267,500.599,-212.333,49.4,1694644497.0,5435.0,5549.0,5913.17,3734.53
6224,2026-09-28,81.2,75.4,69.6,6.422,5.713,0.709,56.9,319307204.0,84.98,74.5,76.09,55.71
6225,2026-09-28,55.4,64.5,68.6,10.247,7.882,2.366,61.3,68474949.0,60.14,50.24,37.05,24.47
6226,2026-09-28,45.55,84.5,77.3,7.692,5.27,2.422,74.6,1097348695.0,39.75,31.46,24.45,14.0
6227,2026-09-28,136.0,72.1,66.4,8.768,7.374,1.394,68.3,825284625.0,128.9,121.83,119.58,97.1
6228,2026-09-28,19.8,63.9,40.1,-1.548,-1.94,0.392,47.9,54591440.0,18.08,17.81,18.92,24.44
6229,2026-09-28,24.0,58.0,50.2,-0.119,0.047,-0.166,49.6,561749762.0,23.64,23.62,24.72,23.59
6230,2026-09-28,111.5,45.6,36.4,-7.641,-7.583,-0.058,41.2,807556934.0,110.8,109.85,118.9,131.53
6231,2026-09-28,241.0,65.6,45.6,-6.819,-5.678,-1.141,51.0,974996428.0,223.8,221.25,243.49,235.08
6233,2026-09-28,21.8,56.1,44.7,-0.79,-0.655,-0.135,47.2,1796571328.0,20.95,20.95,22.51,22.48
6234,2026-09-28,38.9,60.7,47.9,0.192,0.767,-0.575,52.5,861535374.0,36.58,35.7,39.86,32.18
6235,2026-09-28,38.85,52.2,43.9,-2.722,-3.209,0.487,40.8,14787915374.0,38.58,38.5,40.11,51.47
6236,2026-09-28,18.45,73.6,61.3,-1.02,-1.411,0.391,48.6,-3541085.0,18.08,17.22,17.79,22.59
6237,2026-09-28,36.2,51.6,39.3,-1.799,-1.589,-0.21,45.8,2052950912.0,35.11,34.49,39.6,40.42
6239,2026-09-28,281.0,66.5,58.0,11.256,15.778,-4.522,53.0,885360189726.0,280.3,273.2,295.99,218.45
6240,2026-09-28,25.5,72.8,71.2,1.723,0.96,0.763,69.2,37669105.0,24.94,22.59,20.38,19.43
6241,2026-09-28,15.55,9.0,16.1,-0.247,0.407,-0.654,41.1,111678692.0,15.84,17.97,18.48,17.05
6242,2026-09-28,34.1,25.0,21.3,-0.657,-0.595,-0.063,34.6,14132326.0,34.03,34.16,35.11,36.56
6243,2026-09-28,39.0,18.3,27.0,1.078,1.991,-0.913,49.3,822087518.0,38.56,42.18,40.83,35.95
6244,2026-09-28,23.5,38.7,37.6,-0.711,-0.318,-0.394,45.7,2514164041.0,23.13,23.48,25.61,23.19
6245,2026-09-28,88.7,78.8,66.9,3.184,2.365,0.82,63.4,1553161325.0,83.9,80.97,79.76,73.56
6246,2026-09-28,12.9,40.4,31.6,-0.671,-0.572,-0.099,42.1,139556676.0,12.78,12.59,13.92,14.57
6248,2026-09-28,16.85,67.0,63.8,-0.407,-0.499,0.092,41.9,94578884.0,16.85,16.8,16.91,18.31
6257,2026-09-28,236.5,66.8,58.0,17.159,18.086,-0.926,61.1,13193490878.0,229.5,215.9,220.87,152.48
6259,2026-09-28,29.3,25.6,28.7,1.707,2.611,-0.904,52.5,20682108.0,29.23,29.97,31.24,22.01
6261,2026-09-28,78.4,56.0,43.7,-1.347,0.1,-1.447,47.5,880670071.0,77.86,76.59,86.61,73.86
6263,2026-09-28,155.5,49.5,52.5,4.693,6.298,-1.605,52.0,184063943.0,158.6,158.4,160.93,139.41
6264,2026-09-28,6.01,48.6,44.6,-0.148,-0.187,0.039,32.9,58796967.0,6.01,6.03,6.05,6.73
6265,2026-09-28,47.8,35.8,44.6,2.624,4.2,-1.576,49.6,1348800497.0,49.69,52.54,52.74,35.52
6266,2026-09-28,24.85,61.6,54.8,-0.423,-0.474,0.05,42.9,1027032472.0,24.83,24.82,25.19,26.59
6269,2026-09-28,64.9,51.0,50.5,0.783,0.784,-0.001,50.7,432749235.0,65.52,64.65,65.16,62.35
6270,2026-09-28,30.25,54.2,41.0,0.66,1.19,-0.529,52.7,714035419.0,29.16,29.32,31.22,25.74
6271,2026-09-28,227.0,72.8,62.0,12.661,13.767,-1.106,56.3,-80729102.0,228.5,209.75,222.88,164.2
6272,2026-09-28,25.4,36.7,36.1,-2.539,-2.895,0.356,39.4,106646549.0,27.02,25.69,28.46,38.25
6274,2026-09-28,1485.0,56.8,55.6,130.547,167.204,-36.657,56.1,4856502513.0,1416.0,1429.0,1483.5,841.44
6275,2026-09-28,46.55,63.6,56.9,-0.245,-0.458,0.212,51.9,973102365.0,46.17,44.98,45.38,46.0
6276,2026-09-28,19.45,32.0,29.4,-3.386,-3.805,0.418,30.5,115095450.0,19.91,19.89,22.01,33.47
6277,2026-09-28,76.7,29.9,43.3,3.312,3.804,-0.492,55.1,2798695234.0,78.0,79.38,75.91,65.55
6278,2026-09-28,216.0,84.5,73.8,15.96,15.288,0.672,62.6,3941097852.0,202.1,186.8,192.03,135.81
6279,2026-09-28,111.5,34.0,47.9,-0.023,0.406,-0.429,46.0,875894233.0,113.2,116.39,115.48,116.9
6281,2026-09-28,51.2,24.4,27.4,-1.12,-1.421,0.301,37.8,2414576736.0,51.2,51.37,51.42,57.04
6282,2026-09-28,42.8,29.5,30.5,-1.429,-0.302,-1.127,43.4,14839941359.0,43.05,43.99,49.68,43.89
6283,2026-09-28,18.8,26.3,21.7,-1.204,-0.934,-0.27,35.6,511736767.0,19.04,19.61,21.52,23.35
6284,2026-09-28,77.0,44.7,38.2,-2.778,-1.334,-1.444,46.2,1649652664.0,76.38,76.19,87.4,80.52
6285,2026-09-28,232.5,44.4,45.6,8.012,13.879,-5.867,51.2,361384384184.0,232.8,234.65,250.4,179.63
6290,2026-09-28,269.5,72.0,59.8,9.073,9.778,-0.704,54.2,3195075146.0,270.8,244.2,267.7,207.01
6291,2026-09-28,499.0,74.7,61.8,28.393,30.185,-1.792,57.0,212531867.0,488.3,431.2,480.9,314.55
6292,2026-09-28,66.8,83.1,75.3,4.72,4.273,0.446,62.1,145348705.0,65.66,62.99,60.61,47.84
6294,2026-09-28,28.25,61.7,57.8,-1.936,-2.512,0.576,38.5,37384447.0,28.45,28.28,28.18,37.63
6405,2026-09-28,45.55,66.3,44.8,-0.986,0.351,-1.337,51.4,-3682367247.0,41.21,39.88,50.96,37.61
6409,2026-09-28,877.0,17.2,23.8,6.91,18.386,-11.476,47.0,4638659703.0,898.0,950.2,933.94,920.49
6411,2026-09-28,77.5,47.0,40.2,-1.279,-0.21,-1.069,45.7,1637401783.0,78.34,77.77,85.7,79.11
6412,2026-09-28,74.1,15.0,14.5,-3.196,-2.286,-0.91,40.7,1973935385.0,74.76,76.47,83.6,86.2
6414,2026-09-28,398.0,17.5,22.2,18.772,25.46,-6.687,55.0,16170314027.0,381.9,398.05,390.34,319.7
6415,2026-09-28,409.0,30.7,31.8,8.663,25.457,-16.795,47.6,403708823.0,420.3,433.95,490.1,344.09
6416,2026-09-28,116.0,81.1,78.7,8.543,5.888,2.655,64.3,333548937.0,113.7,105.37,95.9,86.04
6417,2026-09-28,102.0,13.8,18.4,-3.303,-0.673,-2.63,41.5,88195484.0,103.8,107.16,118.0,109.47
6418,2026-09-28,34.6,54.3,53.5,0.146,-0.431,0.577,52.2,147016247.0,34.3,33.48,32.51,38.66
6419,2026-09-28,152.0,54.6,56.4,11.148,13.331,-2.183,56.7,16965629.0,152.3,151.0,147.45,100.02
6423,2026-09-28,85.9,78.1,67.6,-1.137,-1.97,0.833,51.6,90826603.0,84.28,81.04,82.21,83.84
6425,2026-09-28,74.0,72.1,58.0,-1.461,-2.498,1.037,55.2,446271447.0,67.46,62.38,68.56,69.5
6426,2026-09-28,354.0,84.3,80.2,46.36,30.451,15.909,69.0,525203053.0,337.6,276.6,241.66,159.48
6431,2026-09-28,17.55,42.3,52.8,-0.874,-0.872,-0.002,41.8,58432647.0,17.97,18.43,18.47,20.47
6432,2026-09-28,59.5,25.1,26.0,3.309,5.952,-2.643,50.6,346178707.0,58.64,64.16,67.38,44.44
6435,2026-09-28,252.5,43.1,35.4,14.171,22.984,-8.814,53.3,632333957.0,246.3,248.05,272.09,174.82
6438,2026-09-28,162.0,69.0,57.5,-0.617,-1.842,1.225,54.9,995646322.0,154.5,149.1,152.14,154.39
6441,2026-09-28,24.75,67.0,59.1,0.151,-0.217,0.368,55.0,352469167.0,23.72,22.64,22.7,23.35
6442,2026-09-28,1500.0,56.0,57.0,-22.416,-12.564,-9.852,47.2,1182065700.0,1606.0,1521.0,1604.35,1440.89
6443,2026-09-28,27.5,49.5,35.3,-2.262,-1.785,-0.477,45.1,7770882087.0,25.88,25.9,30.97,28.4
6446,2026-09-28,1195.0,32.7,47.2,145.27,171.026,-25.756,56.3,379072998.0,1224.0,1286.5,1149.81,726.92
6449,2026-09-28,205.5,20.2,23.5,-4.941,7.473,-12.414,43.8,467782152.0,217.3,220.7,282.61,208.5
6451,2026-09-28,416.5,49.9,46.2,14.544,30.762,-16.218,49.8,1119233112.0,426.1,418.95,476.79,304.04
6456,2026-09-28,89.4,79.6,65.3,4.053,2.815,1.238,64.4,1220151630.0,73.66,69.27,70.5,59.28
6461,2026-09-28,24.3,23.6,33.0,-1.037,-1.023,-0.014,42.8,251324148.0,25.15,25.5,25.57,28.41
6462,2026-09-28,103.0,61.2,45.5,-4.933,-4.85,-0.083,46.2,1569866866.0,99.5,99.13,107.35,116.56
6464,2026-09-28,75.8,34.7,51.4,1.106,1.279,-0.173,50.6,-2867168.0,76.98,77.78,76.1,73.45
6465,2026-09-28,41.45,9.1,11.5,-0.352,1.882,-2.234,43.3,19756852.0,42.66,45.04,51.49,37.04
6469,2026-09-28,64.5,9.9,16.1,-4.635,-4.759,0.124,30.2,229308436.0,65.52,68.13,70.21,88.73
6470,2026-09-28,42.7,50.7,40.2,-0.674,-0.535,-0.139,44.6,343297048.0,42.75,42.46,44.12,43.25
6472,2026-09-28,422.5,52.7,56.6,-7.009,-14.72,7.711,49.3,580603323.0,420.7,420.25,403.75,496.43
6474,2026-09-28,35.5,36.2,45.8,0.179,0.205,-0.027,50.0,2009309.0,35.67,35.84,35.62,36.04
6477,2026-09-28,34.1,20.5,27.4,-0.059,0.183,-0.243,47.5,2216812743.0,34.19,35.3,35.07,35.95
6482,2026-09-28,23.35,12.2,14.9,-1.911,-1.989,0.078,28.7,1547125.0,24.02,24.93,25.8,32.6
6485,2026-09-28,70.0,57.3,44.7,-4.864,-4.89,0.026,47.7,854744565.0,65.42,63.13,74.63,76.41
6486,2026-09-28,80.6,38.2,36.7,1.0,0.537,0.463,58.3,192808773.0,80.92,77.85,77.29,75.18
6488,2026-09-28,945.0,36.1,32.2,75.794,104.581,-28.787,53.7,1473509547.0,944.0,937.0,983.35,631.56
6491,2026-09-28,406.0,86.0,79.6,26.252,20.956,5.296,69.0,223093136.0,391.3,376.29,350.5,311.49
6492,2026-09-28,34.15,8.9,8.6,-3.518,-2.901,-0.618,33.3,271338395.0,33.86,35.45,39.67,43.57
6494,2026-09-28,50.8,39.3,41.8,0.631,1.895,-1.264,47.8,407410211.0,51.89,52.63,56.02,45.3
6496,2026-09-21,23.5,40.5,46.9,-0.549,-0.627,0.078,38.5,26364008.0,24.37,24.34,24.38,26.84
6498,2026-09-28,67.5,17.4,17.8,-6.026,-4.396,-1.63,36.2,38896493.0,68.42,71.27,82.13,87.24
6499,2026-09-28,74.5,73.8,63.9,-3.516,-5.206,1.69,49.3,65133198.0,73.08,68.56,71.7,87.37
6504,2026-09-28,37.2,42.7,41.9,-0.644,-0.976,0.332,47.5,1275602019.0,36.85,37.19,36.43,40.37
6505,2026-09-28,94.3,76.8,64.8,9.312,7.273,2.039,73.2,-55062467922.0,85.94,78.96,69.3,54.82
6506,2026-09-28,18.5,79.6,70.2,0.54,0.507,0.033,62.2,218436284.0,18.29,17.74,17.77,16.04
6508,2026-09-28,27.0,49.5,47.8,0.547,0.373,0.174,58.0,952759077.0,26.34,26.2,25.19,24.71
6509,2026-09-28,48.15,68.3,56.0,1.574,1.953,-0.379,56.7,2936643857.0,46.8,46.44,47.2,39.23
6510,2026-09-28,3140.0,57.5,55.2,65.055,46.097,18.957,51.4,223237089.0,3360.0,3031.0,3092.41,2657.63
6512,2026-09-28,20.25,53.2,59.8,0.093,0.039,0.054,51.7,-6416919.0,20.32,20.27,20.04,20.32
6515,2026-09-28,5675.0,24.1,30.3,-154.574,156.43,-311.005,43.1,243710499.0,6385.0,6390.0,7320.81,5239.73
6516,2026-09-28,56.2,24.7,31.7,-0.455,-0.509,0.055,44.3,27614450.0,57.18,57.92,57.21,59.61
6517,2026-09-28,62.8,27.2,33.7,0.55,0.952,-0.402,48.5,271007590.0,64.66,64.78,65.57,63.36
6523,2026-09-28,90.4,31.7,20.8,-4.045,-4.681,0.636,27.2,96078098.0,89.98,90.06,92.07,105.06
6525,2026-09-28,133.5,37.6,35.3,8.749,12.777,-4.028,52.9,480446131.0,133.0,135.1,140.6,98.54
6526,2026-09-28,814.0,79.9,68.7,49.318,31.675,17.643,64.1,57467964.0,720.8,655.1,648.71,546.34
6527,2026-09-28,75.0,71.0,72.1,1.116,0.438,0.678,57.6,9299564.0,74.9,74.21,71.35,74.14
6530,2026-09-28,99.5,80.9,70.8,3.399,2.12,1.279,57.8,949525742.0,98.2,88.61,89.81,77.22
6531,2026-09-28,929.0,73.3,68.7,71.878,83.813,-11.935,54.5,1983729437.0,957.8,911.7,938.91,617.01
6532,2026-09-28,108.0,88.6,78.3,6.347,4.731,1.617,64.7,344738168.0,99.4,90.62,88.28,71.41
6533,2026-09-28,303.5,89.5,80.5,13.565,5.093,8.472,66.0,731150162.0,267.96,257.98,233.67,244.02
6534,2026-09-28,89.8,17.9,28.7,0.254,0.676,-0.422,48.3,21536342.0,90.3,91.43,91.37,91.52
6535,2026-09-28,80.7,24.8,16.8,-18.49,-20.274,1.784,32.4,144067660.0,79.04,81.89,93.93,160.12
6538,2026-09-28,358.5,81.6,85.4,72.144,47.586,24.558,80.7,470792002.0,362.5,267.6,195.72,113.5
6541,2026-09-28,29.95,6.1,10.5,-3.634,-3.188,-0.446,28.3,-35612448.0,31.05,34.13,36.93,46.03
6542,2026-09-21,41.0,18.5,30.0,-1.861,-1.436,-0.425,32.5,3481606.0,42.79,44.6,45.45,48.31
6546,2026-09-28,58.6,40.8,42.8,-2.461,-2.011,-0.45,42.7,226413892.0,59.8,60.42,65.15,66.46
6547,2026-09-28,60.9,58.8,60.5,4.259,3.347,0.912,65.3,1171483481.0,60.14,57.03,51.79,44.52
6548,2026-09-28,71.8,56.0,51.6,4.002,5.472,-1.47,53.7,2262120454.0,72.62,71.57,74.96,53.65
6550,2026-09-28,17.4,4.6,8.0,-6.287,-7.017,0.73,23.7,-307698199.0,18.94,20.32,23.0,46.09
6552,2026-09-28,24.8,44.2,31.0,-1.182,-0.9,-0.282,44.0,420054017.0,24.24,24.47,27.29,27.27
6556,2026-09-28,61.9,42.0,40.2,-1.434,-1.094,-0.34,42.8,9875363.0,61.48,62.05,64.78,66.24
6558,2026-09-28,25.4,37.8,29.3,-2.296,-2.416,0.12,41.3,1919228480.0,24.51,24.78,27.51,34.85
6560,2026-09-28,32.4,41.8,34.0,-1.906,-1.926,0.02,42.3,111311424.0,32.32,32.02,34.74,38.93
6561,2026-09-28,308.5,19.6,27.1,-8.957,-7.886,-1.071,37.8,35128274.0,314.1,319.65,327.2,350.23
6568,2026-09-28,144.0,72.6,52.0,-10.053,-8.606,-1.447,44.9,183941224.0,139.8,135.8,155.76,149.7
6569,2026-09-28,92.0,18.7,15.7,-3.034,-2.432,-0.602,42.2,52869806.0,91.5,93.11,98.38,104.78
6570,2026-09-28,47.75,19.2,30.2,1.036,2.168,-1.132,48.7,138409209.0,48.21,50.9,52.32,43.86
6573,2026-09-28,15.9,15.9,19.4,0.282,0.766,-0.484,47.9,204033399.0,16.25,16.73,17.79,14.85
6574,2026-09-28,119.5,24.7,30.9,6.22,8.003,-1.783,54.7,521497.0,119.4,120.79,118.65,92.44
6576,2026-09-28,79.7,42.9,44.3,0.182,0.216,-0.034,49.3,84423221.0,80.22,79.96,79.9,80.09
6577,2026-09-28,79.4,23.2,27.0,1.914,2.244,-0.33,53.3,26206663.0,79.44,79.47,78.47,71.67
6578,2026-09-28,16.55,29.6,43.0,-0.182,-0.223,0.041,43.6,-43158235.0,17.2,17.55,17.05,18.9
6579,2026-09-28,157.5,26.2,25.1,5.708,7.766,-2.057,54.8,112537953.0,152.3,153.6,157.69,129.86
6581,2026-09-28,108.0,44.2,55.3,0.838,0.957,-0.118,50.7,11704617.0,109.4,108.9,108.35,105.71
6582,2026-09-28,30.8,14.4,24.6,-0.315,-0.214,-0.101,41.0,121948396.0,31.34,31.77,31.93,32.21
6584,2026-09-28,543.0,52.8,54.5,12.473,28.857,-16.384,48.1,177981827.0,572.3,570.08,607.66,451.86
6585,2026-09-28,103.5,20.1,25.2,1.806,4.499,-2.693,45.7,173186503.0,106.1,110.8,115.12,98.62
6588,2026-09-28,107.5,66.3,67.1,4.836,4.421,0.416,53.8,320568820.0,110.6,104.45,100.89,76.43
6589,2026-09-28,51.6,68.1,60.8,-0.862,-1.983,1.121,52.1,504508439.0,49.81,49.46,47.53,57.23
6590,2026-09-28,66.2,63.9,59.9,1.142,-0.13,1.271,65.4,20716526.0,63.58,59.75,58.88,60.73
6591,2026-09-28,43.2,30.0,26.3,-3.802,-4.161,0.359,36.2,364204585.0,43.18,43.49,46.65,60.28
6592,2026-09-28,56.9,14.2,31.2,0.035,0.446,-0.411,40.3,42833823.0,58.82,59.96,59.69,59.1
6593,2026-09-28,32.25,22.5,17.0,-1.667,-1.919,0.252,34.8,135793031.0,31.89,32.1,33.15,38.83
6596,2026-09-28,96.9,86.0,77.9,-3.055,-4.683,1.628,47.0,7957559.0,96.02,94.36,93.79,113.06
6597,2026-09-28,68.5,69.9,72.3,1.424,1.39,0.034,51.4,4149926.0,70.54,69.33,69.04,63.61
6598,2026-09-28,27.2,30.3,45.6,1.169,1.216,-0.046,54.7,-39818861.0,27.65,28.22,26.43,23.86
6603,2026-09-28,29.25,64.4,56.3,1.15,0.821,0.329,60.5,904494423.0,26.84,26.55,25.07,22.91
6605,2026-09-28,138.0,74.3,75.3,1.656,1.004,0.652,53.8,-2433792363.0,138.3,138.45,135.18,133.14
6606,2026-09-28,24.75,22.7,34.6,0.277,0.406,-0.129,46.8,50739531.0,25.3,25.72,25.4,24.48
6609,2026-09-28,39.6,59.8,49.6,-0.258,-0.247,-0.011,49.4,639569110.0,39.5,39.01,40.5,39.31
6612,2026-09-28,71.8,73.3,68.5,0.931,-0.15,1.081,58.3,99871335.0,71.48,69.05,67.35,71.77
6613,2026-09-28,270.0,25.2,24.2,8.009,14.985,-6.976,51.5,91241954.0,265.8,267.55,288.8,223.84
6614,2026-09-28,35.15,9.7,14.3,-2.007,-2.247,0.241,29.3,-11903365.0,35.53,35.86,37.08,46.45
6615,2026-09-28,33.4,25.6,30.0,0.074,0.273,-0.199,45.8,21343630.0,33.85,34.0,34.45,32.9
6616,2026-09-28,8.23,30.9,27.9,-0.411,-0.368,-0.044,35.1,39218121.0,8.32,8.47,8.89,9.6
6617,2026-09-28,133.0,81.5,78.9,15.224,10.158,5.066,65.9,39359071.0,133.2,116.93,98.38,88.78
6620,2026-09-28,136.0,71.2,64.1,12.052,5.799,6.253,65.3,122858660.0,128.1,104.98,93.64,92.86
6624,2026-09-28,39.2,20.9,22.7,-2.746,-2.761,0.015,43.3,182634.0,39.29,40.21,41.15,46.42
6625,2026-09-28,73.9,26.5,36.1,-0.447,-0.16,-0.287,45.1,228791604.0,74.32,75.53,76.03,77.03
6629,2026-09-28,103.5,25.2,31.8,-1.924,-1.409,-0.515,43.7,18323842.0,104.3,105.85,108.0,110.68
6637,2026-09-28,54.1,15.3,14.1,-3.262,-3.275,0.013,29.2,14127564.0,54.56,56.03,57.9,67.74
6640,2026-09-28,1040.0,57.5,60.3,11.793,19.641,-7.849,48.8,39567803.0,1130.0,1058.1,1079.14,919.64
6641,2026-09-28,16.95,23.2,26.2,-0.527,-0.513,-0.014,38.4,-3345312.0,17.03,17.41,17.7,19.09
6642,2026-09-28,80.7,53.2,54.7,3.826,4.935,-1.109,56.3,40021873.0,79.44,79.77,81.73,63.34
6643,2026-09-28,505.0,70.7,55.2,-5.674,-11.848,6.174,54.9,628991690.0,458.3,441.4,466.63,462.83
6645,2026-09-28,12.5,32.4,29.6,-0.792,-0.827,0.035,38.5,47400104.0,12.59,12.86,13.46,16.69
6649,2026-09-28,36.8,54.5,40.7,-1.621,-1.937,0.316,43.4,37120567.0,36.37,36.08,37.34,45.25
6651,2026-09-28,150.5,73.9,64.3,10.795,11.549,-0.754,60.1,102945887.0,146.8,141.85,141.98,101.42
6654,2026-09-28,200.0,64.0,60.6,21.899,22.472,-0.573,61.0,35136727.0,202.0,185.55,179.85,116.21
6655,2026-09-28,124.5,60.8,51.5,0.375,-0.164,0.539,57.0,8635750.0,122.4,119.75,120.03,117.43
6657,2026-09-28,32.45,40.3,36.8,-2.696,-3.176,0.479,41.4,28561553.0,32.9,31.75,34.08,42.75
6658,2026-09-28,181.0,63.4,51.7,15.349,18.282,-2.932,60.1,176261648.0,176.0,166.15,176.83,104.76
6661,2026-09-28,16.2,17.8,22.1,-0.561,-0.523,-0.038,41.5,-1216811.0,16.26,16.61,16.93,18.6
6662,2026-09-21,28.5,39.4,45.9,0.004,-0.022,0.026,48.6,-1177289.0,28.75,28.89,28.47,29.23
6664,2026-09-28,370.0,56.3,48.8,4.616,7.948,-3.332,55.0,203787452.0,351.9,350.3,363.9,312.99
6666,2026-09-28,45.65,86.2,80.0,0.981,0.526,0.455,63.3,37110137.0,44.74,43.64,42.32,43.36
6667,2026-09-28,259.0,72.2,56.6,0.818,-1.53,2.348,55.3,539173913.0,253.8,238.43,247.97,249.04
6668,2026-09-28,47.65,67.4,59.5,2.091,0.82,1.271,60.8,280730204.0,45.27,41.3,40.1,39.48
6669,2026-09-28,2100.0,45.7,60.0,208.918,206.178,2.74,56.6,1925007549.0,2246.0,2175.03,1939.0,1491.59
6670,2026-09-28,273.0,61.4,61.5,5.853,4.909,0.944,57.0,147051157.0,274.4,269.65,264.45,252.21
6671,2026-09-28,22.85,56.2,53.8,-1.768,-2.113,0.344,30.6,2330072.0,22.99,22.92,23.54,30.08
6672,2026-09-28,335.5,88.9,77.7,40.456,36.699,3.757,70.6,863712906.0,311.2,281.0,264.08,161.1
6674,2026-09-28,18.25,71.1,52.8,-0.503,-0.867,0.363,56.8,53151903.0,16.77,16.16,16.67,19.31
6679,2026-09-28,206.0,26.2,20.4,-12.413,-7.648,-4.765,42.7,366857047.0,201.3,202.95,236.68,220.74
6680,2026-09-28,51.3,41.5,51.6,-1.174,-1.607,0.434,44.9,3785388.0,53.24,52.96,52.49,58.98
6683,2026-09-28,1475.0,64.9,54.6,53.672,62.979,-9.307,53.2,360478824.0,1463.0,1300.2,1429.94,985.81
6684,2026-09-28,50.9,53.4,38.5,-0.383,-0.47,0.087,53.3,415660515.0,47.95,47.56,49.54,51.12
6689,2026-09-28,64.4,53.1,55.8,-0.497,-1.09,0.593,51.0,192809398.0,64.04,62.49,62.75,65.54
6690,2026-09-28,177.5,55.0,57.0,3.749,2.002,1.746,59.0,35420654.0,175.3,169.65,167.4,164.33
6691,2026-09-28,654.0,79.5,67.5,26.735,28.046,-1.311,57.9,253894345.0,639.8,626.81,621.57,526.8
6692,2026-09-28,23.2,42.8,41.3,-1.682,-1.808,0.126,37.1,32957496.0,23.28,23.49,24.44,29.3
6693,2026-09-28,218.0,73.9,55.7,17.572,18.797,-1.225,62.6,151794694.0,192.3,182.65,187.14,119.55
6695,2026-09-28,54.1,57.9,38.7,0.618,0.888,-0.27,56.6,698688140.0,50.12,49.78,52.53,48.15
6697,2026-09-28,41.1,57.0,55.0,-0.401,-0.565,0.165,48.2,16831355.0,41.0,40.75,41.03,43.57
6698,2026-09-28,33.9,48.8,33.6,-0.512,-0.111,-0.401,50.6,269664737.0,32.11,32.09,35.42,33.48
6703,2026-09-28,100.0,17.3,29.7,0.143,0.872,-0.729,46.0,38052214.0,101.0,102.75,102.68,99.39
6706,2026-09-28,151.0,71.0,60.8,1.772,0.61,1.162,55.8,1065445500.0,141.6,127.25,142.4,117.2
6708,2026-09-28,47.05,79.3,61.6,0.384,-0.366,0.75,65.1,11166235.0,41.08,39.62,39.65,40.18
6712,2026-09-28,161.5,62.5,51.3,4.817,3.742,1.075,58.3,67295637.0,158.1,155.0,150.65,147.01
6715,2026-09-28,452.0,61.0,46.1,28.092,31.102,-3.01,57.4,147758815.0,399.0,383.1,408.06,255.22
6716,2026-09-28,114.5,65.2,66.2,10.995,10.939,0.056,58.0,42719681.0,116.2,113.88,105.09,73.99
6719,2026-09-28,184.0,11.7,12.0,-4.501,1.515,-6.017,44.0,189031007.0,184.7,192.9,217.81,195.26
6720,2026-09-28,127.5,18.3,25.4,-5.317,-3.9,-1.417,34.4,22415532.0,129.2,132.8,138.25,139.26
6721,2026-09-28,50.0,20.3,18.3,-1.569,-1.338,-0.231,31.4,-1642751.0,50.2,51.1,53.06,55.97
6722,2026-09-28,32.3,28.6,28.1,-2.197,-2.487,0.291,33.7,-5251066.0,32.67,32.71,34.17,42.74
6725,2026-09-28,217.5,15.2,13.4,-18.002,-10.024,-7.979,41.1,25652304.0,218.5,227.62,267.88,265.81
6727,2026-09-28,483.0,64.3,63.0,43.342,44.651,-1.309,55.6,135270829.0,504.6,462.4,459.42,306.38
6728,2026-09-28,108.0,71.9,70.9,-1.773,-3.033,1.26,47.3,4513650.0,107.8,107.06,105.34,117.86
6730,2026-09-28,32.0,12.4,16.3,-1.225,-1.012,-0.212,37.3,-23626.0,32.04,32.93,34.24,37.56
6732,2026-09-28,151.0,23.4,18.9,-5.156,-3.567,-1.589,44.6,23495919.0,148.8,151.7,163.23,171.39
6733,2026-09-28,25.1,22.3,30.7,-1.647,-1.969,0.321,39.7,29685324.0,25.48,25.99,25.75,33.53
6735,2026-09-28,64.9,35.0,27.0,-4.623,-2.775,-1.848,43.0,14924843.0,63.08,63.23,76.12,70.95
6739,2026-09-28,1125.0,57.6,53.8,17.631,21.454,-3.823,51.3,66559659.0,1158.0,1073.3,1114.69,967.26
6741,2026-09-28,55.4,39.9,44.9,-1.819,-2.023,0.204,40.5,101109765.0,57.56,56.67,58.37,65.23
6742,2026-09-28,54.2,64.4,47.3,0.571,0.129,0.442,56.3,366670211.0,50.75,47.26,52.46,48.77
6743,2026-09-28,31.1,82.9,71.2,1.184,0.737,0.447,65.1,91161407.0,29.8,28.01,27.52,26.29
6751,2026-09-28,44.95,77.8,59.0,-1.193,-1.678,0.485,52.1,13316612.0,42.74,42.05,43.02,46.68
6752,2026-09-28,95.9,38.5,39.9,-2.614,-3.309,0.695,43.3,136757736.0,96.16,96.08,96.81,109.47
6753,2026-09-28,132.5,28.6,34.9,0.767,1.504,-0.737,48.6,357274056.0,134.2,136.88,133.96,134.22
6754,2026-09-28,41.4,35.9,39.4,-0.234,-0.253,0.019,45.5,2750416.0,41.76,41.95,41.83,42.8
6756,2026-09-28,98.8,60.3,60.6,2.794,3.256,-0.461,54.5,109700053.0,98.32,98.12,98.28,87.63
6757,2026-09-28,53.4,27.3,35.0,-0.726,-0.844,0.118,45.6,279144161.0,54.18,55.14,54.92,60.23
6761,2026-09-28,163.5,53.1,53.0,-0.783,2.303,-3.085,47.2,98395734.0,167.6,168.85,179.58,157.92
6762,2026-09-21,159.0,28.1,39.8,-1.701,-1.615,-0.086,45.3,2713795.0,162.0,165.4,166.65,175.87
6763,2026-09-28,41.15,26.6,26.9,-1.81,-1.955,0.146,40.5,261327818.0,41.14,41.62,42.91,49.32
6767,2026-09-28,24.45,48.0,37.3,-0.816,-0.864,0.048,40.7,4425683.0,24.64,24.66,25.12,27.55
6768,2026-09-28,62.5,12.8,10.7,-6.513,-6.504,-0.009,29.7,77618009.0,62.76,64.57,71.07,88.33
6770,2026-09-28,72.3,67.3,62.6,3.739,4.252,-0.513,54.7,17772255781.0,71.5,69.34,70.64,51.73
6771,2026-09-28,41.8,62.8,59.6,0.241,-0.211,0.452,54.6,-3356001.0,41.95,41.15,39.99,42.49
6776,2026-09-28,51.9,27.9,32.8,-0.632,-0.267,-0.364,44.0,84812645.0,52.22,53.06,54.23,53.21
6781,2026-09-28,1010.0,41.4,45.1,-25.014,-18.562,-6.452,45.7,111425339.0,1029.0,1050.6,1080.56,1144.96
6782,2026-09-28,234.5,71.2,68.7,12.832,9.245,3.587,60.6,36730765.0,232.2,220.95,204.49,190.08
6785,2026-09-28,96.2,28.5,21.7,-21.087,-24.393,3.306,30.2,-11151.0,95.98,96.77,107.43,187.97
6788,2026-09-28,344.5,39.7,38.3,-4.801,2.746,-7.548,47.1,297357419.0,340.8,344.9,376.16,324.33
6789,2026-09-28,478.5,56.8,46.9,13.818,21.027,-7.21,55.3,269018393.0,463.5,448.55,478.44,368.02
6790,2026-09-28,37.6,12.3,24.7,0.191,0.3,-0.109,49.0,6036060.0,37.81,38.03,37.83,36.91
6791,2026-09-28,99.1,26.7,26.1,-2.419,-1.892,-0.528,43.7,19277576.0,99.52,100.71,103.88,108.39
6792,2026-09-28,58.9,59.8,56.0,0.21,0.534,-0.324,50.3,37936782.0,58.96,58.36,61.09,56.55
6794,2026-09-28,71.8,43.3,42.8,-1.888,-1.436,-0.452,40.9,7321600.0,74.18,74.39,77.2,79.38
6796,2026-09-28,51.7,19.9,30.3,-5.011,-4.955,-0.056,34.1,34550300.0,53.3,56.61,57.9,73.52
6799,2026-09-28,90.3,66.8,50.5,-0.145,-0.299,0.153,55.1,164151791.0,84.06,82.1,87.4,82.97
6803,2026-09-28,266.5,17.5,23.5,-2.098,-1.647,-0.451,39.6,29414638.0,268.0,269.25,271.14,274.93
6804,2026-09-28,18.1,37.9,47.6,0.427,0.272,0.156,57.6,11959145.0,18.1,18.33,17.14,17.56
6805,2026-09-28,2515.0,82.0,75.6,198.962,112.272,86.691,68.4,193108699.0,2338.0,2059.15,1860.76,1601.68
6807,2026-09-28,31.9,19.0,32.4,-1.61,-1.711,0.101,33.0,16387996.0,32.89,34.65,34.03,40.0
6811,2026-09-28,239.5,52.9,52.9,9.908,8.178,1.73,56.1,63024304.0,239.6,233.25,226.92,213.92
6821,2026-09-28,40.95,32.3,26.5,-2.526,-1.214,-1.313,42.0,75118179.0,40.83,41.02,49.92,43.95
6823,2026-09-28,63.0,36.2,26.8,-2.676,-2.128,-0.548,46.6,-2064874.0,60.42,61.82,65.71,68.79
6829,2026-09-28,208.5,53.3,57.0,15.063,18.465,-3.401,52.3,387814228.0,222.8,216.9,212.88,155.76
6830,2026-09-28,533.0,67.4,62.9,22.579,21.248,1.331,53.8,179342493.0,556.3,491.95,504.4,366.63
6831,2026-09-28,492.0,17.7,26.0,11.856,49.404,-37.549,44.8,123792669.0,539.3,573.55,664.72,405.53
6834,2026-09-28,112.5,71.5,59.4,14.794,15.05,-0.256,63.7,325037130.0,108.2,99.36,98.15,53.38
6835,2026-09-28,30.9,49.8,42.7,-1.682,-1.669,-0.014,34.2,28299369.0,30.86,30.99,33.06,36.39
6838,2026-09-28,25.65,58.2,43.7,-0.62,-0.973,0.353,52.8,36397626.0,24.61,23.91,24.19,27.13
6840,2026-09-28,99.5,81.4,78.9,10.014,6.508,3.506,65.5,11808601.0,98.46,88.15,75.81,66.98
6841,2026-09-28,55.3,41.1,26.9,-2.129,-2.113,-0.016,45.9,114727883.0,53.84,53.94,56.96,62.46
6843,2026-09-28,38.35,36.7,40.6,-1.661,-1.955,0.294,39.6,-308925.0,38.53,39.05,39.28,47.19
6844,2026-09-28,57.4,20.4,20.9,-1.921,-1.942,0.022,31.8,-3130600.0,58.38,59.49,60.63,68.1
6846,2026-09-28,58.2,31.6,24.8,-2.332,-2.237,-0.096,36.0,33475.0,58.28,58.61,61.34,66.69
6854,2026-09-28,91.0,31.6,28.3,-13.208,-12.404,-0.805,36.0,3481687.0,91.58,92.02,110.18,132.51
6855,2026-09-21,116.0,69.3,67.4,1.838,1.541,0.297,53.6,1712808.0,116.4,114.99,113.23,111.37
6856,2026-09-28,41.8,27.9,28.7,-1.711,-1.79,0.078,39.9,-2872386.0,41.83,42.58,43.53,48.17
6859,2026-09-28,120.0,69.5,60.5,0.151,-1.132,1.283,54.3,5361070.0,118.8,111.98,115.83,113.81
6861,2026-09-28,285.0,70.5,47.4,8.175,12.031,-3.855,57.5,77072500.0,238.3,218.5,272.19,161.56
6862,2026-09-28,138.0,40.1,33.3,-11.029,-8.539,-2.49,44.1,-6967338.0,136.2,137.5,161.76,164.89
6863,2026-09-28,96.2,15.6,24.8,-2.284,-1.301,-0.984,44.6,48939518.0,96.74,107.87,103.67,112.92
6865,2026-09-28,28.0,58.6,47.0,-2.407,-3.275,0.868,44.9,1792038.0,26.76,26.2,26.56,37.89
6869,2026-09-28,70.9,59.7,46.0,-5.663,-7.282,1.619,45.0,96687144.0,67.3,66.54,69.77,91.26
6870,2026-09-28,330.5,85.1,76.5,30.645,24.709,5.936,68.3,15288525.0,315.1,286.4,270.71,211.08
6872,2026-09-28,24.0,65.1,53.8,0.923,-0.072,0.996,64.8,4858190.0,22.17,18.68,17.82,18.98
6873,2026-09-28,67.9,19.8,17.7,-7.32,-7.824,0.504,37.1,12673119.0,68.42,69.55,75.63,98.25
6874,2026-09-28,70.2,53.4,50.1,-0.086,0.188,-0.274,50.6,-39857744.0,69.38,69.04,70.4,67.28
6875,2026-09-28,31.35,23.5,24.3,-2.292,-2.391,0.099,33.7,46915076.0,32.26,32.53,34.4,41.85
6877,2026-09-28,128.0,63.8,46.8,-0.706,0.762,-1.468,53.2,267301524.0,118.5,118.3,127.43,110.75
6881,2026-09-28,214.5,66.2,54.1,-3.443,-2.945,-0.498,45.8,1988847.0,214.6,211.15,222.16,219.21
6884,2026-09-28,31.1,53.8,43.1,-1.434,-1.855,0.421,42.6,-986254.0,30.95,30.87,31.6,39.37
6885,2026-09-28,31.0,79.3,65.1,1.121,-0.301,1.422,68.0,143680122.0,28.99,25.07,23.59,26.85
6887,2026-09-28,38.1,56.2,60.2,-1.35,-2.538,1.188,46.9,1001398.0,38.27,37.58,35.48,48.14
6890,2026-09-28,147.0,6.5,9.9,-12.336,-9.712,-2.624,38.3,95471123.0,152.4,159.95,179.24,198.35
6894,2026-09-28,362.0,70.7,63.6,14.262,16.131,-1.869,57.3,10419951.0,359.9,348.2,352.75,281.61
6895,2026-09-28,145.0,58.1,53.8,-6.848,-10.317,3.469,47.3,35260109.0,148.5,137.3,142.35,187.19
6899,2026-09-28,49.5,16.9,17.5,-0.85,-0.335,-0.514,42.6,276681.0,49.68,50.07,53.28,51.23
6901,2026-09-28,17.25,35.1,25.9,-0.045,-0.006,-0.038,53.7,45109260.0,15.62,16.23,16.43,16.78
6902,2026-09-28,162.5,72.5,65.3,12.956,10.496,2.46,66.2,13124701.0,145.2,135.55,134.3,98.78
6903,2026-09-28,304.5,34.2,31.2,-2.345,7.806,-10.151,45.5,47519779.0,306.3,308.8,345.18,265.78
6904,2026-09-28,121.5,52.8,63.9,1.238,1.356,-0.118,53.4,528119.0,121.1,122.05,119.89,118.36
6906,2026-09-28,83.7,72.0,62.6,0.389,-0.722,1.111,53.3,10742540.0,83.22,78.13,82.39,84.98
6907,2026-09-28,180.5,44.1,45.8,19.975,23.849,-3.875,57.0,81326285.0,182.1,181.8,172.36,142.83
6908,2026-09-28,27.05,3.5,5.7,-4.754,-4.888,0.135,23.8,-769400.0,29.42,30.64,33.86,49.01
6909,2026-09-28,41.95,52.7,40.5,-1.625,-1.064,-0.561,45.6,75572223.0,42.04,41.31,45.66,44.28
6910,2026-09-28,26.5,70.6,47.7,-1.574,-2.045,0.471,45.4,902516.0,25.54,24.98,26.19,34.23
6913,2026-09-28,127.0,32.2,44.7,2.743,3.889,-1.145,48.2,79151033.0,132.9,137.7,132.24,125.95
6914,2026-09-28,119.5,51.3,59.6,1.505,1.026,0.479,55.6,7454350.0,120.5,119.38,116.47,116.18
6916,2026-09-28,18.45,37.6,37.3,-0.129,-0.021,-0.108,47.7,-4143200.0,18.5,18.43,19.1,18.59
6918,2026-09-28,74.0,47.6,50.3,-0.7,-1.124,0.424,47.0,4070292.0,74.82,74.26,73.84,78.95
6919,2026-09-28,79.5,13.2,22.0,-9.711,-8.641,-1.07,38.3,1054593495.0,82.26,93.64,97.26,131.85
6921,2026-09-28,67.0,50.3,47.6,-3.118,-3.134,0.016,39.2,200435.0,63.82,65.4,67.79,72.34
6922,2026-09-28,225.0,77.9,68.4,10.254,7.345,2.909,63.5,17920385.0,203.9,198.7,189.26,176.93
6923,2026-09-28,74.8,40.1,42.7,-1.803,-2.23,0.427,42.5,7533187.0,75.84,76.2,76.12,87.09
6924,2026-09-28,135.0,83.6,74.5,10.888,10.403,0.486,62.5,3306637.0,132.3,121.07,124.39,84.36
6925,2026-09-28,75.0,71.6,46.0,-3.042,-6.185,3.143,61.4,10238087.0,60.66,56.18,58.24,83.34
6928,2026-09-28,45.5,17.8,23.7,-1.001,-0.683,-0.317,44.8,22617113.0,46.52,47.43,48.41,52.32
6929,2026-09-28,21.65,33.9,38.3,-1.646,-1.807,0.16,38.0,-5297706.0,22.02,22.65,22.96,28.35
6931,2026-09-28,38.75,30.9,35.4,-2.45,-2.901,0.451,34.9,4690568.0,39.4,39.76,39.94,49.15
6933,2026-09-28,378.0,91.4,84.6,52.262,28.564,23.698,82.3,57579864.0,348.4,269.05,212.48,179.54
6934,2026-09-28,76.1,50.4,51.6,-2.091,-2.891,0.8,48.6,12615124.0,75.22,73.98,73.86,80.87
6936,2026-09-28,31.7,20.9,29.7,-0.364,-0.361,-0.003,43.5,-3471648.0,31.99,32.11,32.3,33.31
6937,2026-09-28,308.0,78.7,67.8,9.155,6.643,2.512,56.8,26017719.0,296.7,281.6,281.19,256.25
6944,2026-09-28,776.0,49.2,40.7,30.16,37.191,-7.031,60.4,149466754.0,726.0,728.3,734.16,585.13
6945,2026-09-28,140.0,81.5,61.8,-5.304,-10.786,5.482,57.2,20095607.0,120.82,110.09,109.09,137.47
6947,2026-09-28,67.2,6.2,10.0,-3.616,-2.168,-1.449,37.3,-1251761.0,68.1,70.27,77.88,78.05
6949,2026-09-28,49.2,11.4,28.9,-124.456,1.968,-126.424,35.0,-73475454.0,56.3,573.55,703.02,557.34
6951,2026-09-28,69.1,12.7,27.4,0.878,1.343,-0.466,49.5,6845978.0,69.88,70.69,70.29,66.14
6952,2026-09-28,38.8,68.7,66.3,-0.241,-0.775,0.534,53.2,-6514253.0,38.73,38.1,37.01,41.17
6953,2026-09-28,241.0,67.8,64.4,2.692,1.993,0.699,54.8,10648916.0,236.6,229.35,231.48,218.93
6955,2026-09-28,95.3,31.9,39.5,-7.285,-7.774,0.489,37.2,1654540.0,96.7,97.91,101.59,122.87
6957,2026-09-28,337.5,86.0,75.5,30.374,18.232,12.142,82.6,-875009.0,273.2,245.39,217.37,187.6
6958,2026-09-28,17.05,37.5,52.2,0.175,0.17,0.005,49.7,-16278846.0,17.32,17.49,16.93,16.74
6961,2026-09-28,47.65,7.4,9.1,-2.54,-2.331,-0.209,28.2,-1238292.0,48.43,49.92,52.18,59.74
6962,2026-09-28,31.85,38.7,33.4,-1.341,-1.396,0.055,45.6,-86116957.0,31.31,31.17,33.24,36.58
6965,2026-09-28,64.8,10.7,21.1,-3.155,-2.18,-0.975,27.9,-14478292.0,69.3,72.92,74.9,80.24
6967,2026-09-28,67.2,27.6,30.4,-0.215,0.714,-0.929,47.6,14119099.0,66.56,68.51,70.18,65.15
6968,2026-09-28,41.55,29.5,36.9,-1.052,-1.447,0.395,42.3,2113347.0,41.6,41.81,41.49,47.98
6969,2026-09-28,31.65,36.7,49.1,0.712,0.498,0.214,50.8,7131254.0,32.51,33.2,30.39,32.61
6971,2026-09-28,23.7,19.4,21.9,-1.146,-1.264,0.118,32.9,-843377.0,24.32,24.35,25.06,29.64
6982,2026-09-28,43.5,12.0,16.1,-3.138,-2.622,-0.517,31.8,17851270.0,44.6,46.39,50.28,57.22
6983,2026-09-28,346.0,74.5,63.4,8.269,11.699,-3.43,52.8,-769556.0,350.0,329.5,343.62,263.44
6986,2026-09-28,44.0,41.9,24.8,-4.342,-4.366,0.024,38.8,-8073438.0,42.15,42.65,48.08,56.29
6988,2026-09-28,11.5,21.3,21.5,-0.973,-0.938,-0.035,36.5,-1567849.0,11.79,11.96,13.03,14.97
6994,2026-09-28,26.6,7.5,6.4,-11.469,-11.468,-0.0,20.4,-66111890.0,29.15,32.58,41.43,71.24
6996,2026-09-28,168.5,27.8,30.8,0.178,3.043,-2.865,45.9,843625.0,172.2,175.15,182.85,161.56
6997,2026-09-28,68.0,31.2,36.9,-2.652,-3.283,0.631,41.9,-1960690.0,67.56,67.86,68.32,80.26
7402,2026-09-28,99.1,18.1,24.8,-3.802,-2.993,-0.81,44.4,180323790.0,100.98,104.49,105.69,118.27
7547,2026-09-28,65.3,76.6,58.9,-2.068,-3.559,1.491,58.0,-2012504.0,54.79,52.45,54.74,67.51
7556,2026-09-28,267.5,79.9,69.2,13.255,13.505,-0.25,61.1,11862180.0,257.1,246.45,249.38,198.42
7584,2026-09-28,28.95,75.9,61.0,-1.615,-2.459,0.844,49.7,-3639957.0,27.74,26.38,26.63,35.66
7610,2026-09-28,1730.0,54.6,52.7,286.166,332.994,-46.829,55.9,119367635.0,1860.0,1728.0,1717.55,707.46
7631,2026-09-28,137.5,46.6,47.9,3.406,4.383,-0.978,51.9,2253730.0,138.95,139.47,138.42,130.57
7642,2026-09-28,68.5,19.5,32.9,-0.939,-0.376,-0.563,41.3,14799979.0,72.02,75.42,74.31,81.57
7689,2026-09-28,158.5,14.5,14.2,-13.598,-7.25,-6.348,34.0,-999546.0,161.5,166.9,201.4,193.83
7703,2026-09-28,199.5,67.4,59.3,-1.151,-3.451,2.3,52.7,-1972425.0,198.6,187.4,192.07,204.97
7704,2026-09-28,61.3,59.8,60.6,2.171,2.464,-0.293,54.4,8282973.0,61.1,61.4,60.38,51.37
7705,2026-09-28,29.75,15.5,23.0,-1.135,-1.385,0.25,35.5,-13921919.0,29.91,30.28,30.33,35.08
7708,2026-09-28,91.9,60.9,67.4,1.045,0.816,0.229,61.1,-2125943.0,91.84,91.92,89.83,89.85
7709,2026-09-28,86.5,66.5,55.0,3.719,3.94,-0.221,58.0,40164457.0,83.46,76.94,84.12,60.27
7711,2026-09-28,546.0,70.5,70.6,67.551,51.051,16.5,63.9,49041488.0,564.2,490.9,414.98,335.38
7712,2026-09-28,161.0,70.6,57.8,7.936,8.56,-0.625,56.1,18645518.0,156.4,148.54,156.12,124.65
7713,2026-09-28,74.1,84.0,80.4,1.533,1.27,0.262,64.2,556909.0,74.12,72.68,71.42,69.41
7714,2026-09-28,162.0,54.9,55.3,9.584,9.13,0.454,53.1,26567739.0,168.3,165.24,154.17,140.08
7715,2026-09-28,27.6,11.5,18.7,-0.547,0.029,-0.576,42.7,10911249.0,27.95,29.89,30.79,30.4
7716,2026-09-28,23.9,41.5,39.4,-0.2,-0.229,0.029,48.3,-2058620.0,23.66,23.83,23.98,25.17
7717,2026-09-28,592.0,78.5,64.3,1.641,-12.724,14.366,58.4,17129107.0,550.5,479.25,504.35,533.07
7718,2026-09-28,46.7,25.4,29.9,0.296,0.517,-0.22,52.8,561702.0,46.22,46.79,46.89,45.05
7721,2026-09-28,61.8,46.3,37.3,-1.225,-0.316,-0.909,47.4,13567592.0,60.84,61.18,66.6,61.11
7722,2026-09-28,258.0,10.4,17.7,-26.275,-30.178,3.903,35.8,-2895721.0,264.4,274.5,282.6,405.96
7723,2026-09-28,18.3,9.2,13.4,-3.168,-3.433,0.265,26.0,-27214301.0,18.75,19.13,20.88,30.2
7728,2026-09-28,607.0,49.1,48.5,-12.459,-4.482,-7.977,47.8,5310687.0,604.0,593.82,638.63,557.91
7730,2026-09-28,174.5,67.1,63.7,8.18,9.262,-1.082,55.8,370673.0,176.0,166.21,171.74,134.27
7732,2026-09-28,33.5,25.1,30.5,-0.63,-0.471,-0.159,37.9,-560130.0,33.7,34.35,35.08,35.73
7734,2026-09-28,2680.0,21.3,25.5,95.5,221.725,-126.226,48.6,17222132.0,2714.0,2925.5,3050.17,2004.08
7736,2026-09-28,68.2,16.2,22.2,-2.897,-3.212,0.315,31.3,-6283767.0,68.8,69.61,70.65,80.65
7738,2026-09-28,156.0,27.2,34.8,-2.787,-3.479,0.692,42.6,3030459.0,161.1,159.14,159.55,177.32
7740,2026-09-28,102.0,9.4,17.4,-9.744,-6.558,-3.186,33.1,4759698.0,119.4,131.35,136.4,155.5
7743,2026-09-28,24.3,83.1,77.2,0.866,0.169,0.697,65.0,-1945202.0,23.77,22.13,20.72,21.8
7744,2026-09-28,523.0,77.5,74.8,26.813,23.606,3.207,57.2,7822689.0,527.8,498.55,480.24,408.23
7747,2026-09-28,111.0,23.6,39.5,0.218,0.663,-0.445,45.3,-1960491.0,112.8,113.9,113.71,113.19
7749,2026-09-28,386.0,65.9,53.0,-18.162,-21.069,2.906,49.2,1799633.0,372.0,359.2,398.47,440.23
7750,2026-09-28,1960.0,28.3,39.2,100.77,173.447,-72.678,49.4,31070821.0,2058.0,2152.5,2163.5,1473.78
7751,2026-09-28,1555.0,51.5,54.5,57.035,69.591,-12.556,53.4,32043691.0,1518.0,1517.0,1475.75,1112.37
7753,2026-09-28,35.6,8.3,11.6,-1.561,-1.334,-0.227,35.6,-6369189.0,35.91,36.67,38.64,42.28
7757,2026-09-28,90.5,42.3,32.5,-3.905,-4.534,0.629,37.0,-4372212.0,89.76,89.65,93.05,108.54
7760,2026-09-28,33.25,47.3,39.1,-0.513,-0.612,0.099,47.2,-9770919.0,32.95,33.1,32.95,34.83
7765,2026-09-28,237.0,46.6,39.7,-2.092,-5.031,2.939,52.6,-1709825.0,232.2,228.75,229.96,252.77
7767,2026-09-28,46.2,38.8,42.0,0.652,0.112,0.54,58.6,-2656719.0,45.97,45.73,43.38,46.81
7768,2026-09-28,304.0,64.1,48.7,-9.547,-5.972,-3.575,49.2,14720165.0,288.0,281.65,316.27,276.62
7769,2026-09-28,5585.0,34.2,47.8,290.716,505.32,-214.604,47.5,146476157.0,6017.0,6207.0,6539.8,4301.45
7770,2026-09-28,42.95,69.5,47.8,-2.906,-3.96,1.055,50.1,-2820491.0,38.8,38.8,39.81,55.41
7772,2026-09-28,176.0,71.6,54.5,8.182,1.692,6.49,62.9,29664178.0,150.5,119.48,127.74,102.88
7777,2026-09-28,35.6,22.2,34.1,1.329,2.308,-0.979,49.1,118410113.0,36.44,37.94,38.97,30.89
7780,2026-09-28,16.05,14.7,19.5,-1.307,-1.481,0.174,45.9,-14867310.0,16.32,16.52,17.04,21.92
7782,2026-09-28,24.95,26.4,33.6,-0.558,-0.579,0.021,39.7,-3439692.0,25.65,25.84,26.09,29.09
7786,2026-09-28,118.5,26.2,28.4,-6.255,-7.674,1.419,41.6,2892189.0,117.6,120.6,120.4,158.89
7788,2026-09-28,287.5,68.3,69.1,31.111,29.148,1.963,58.5,46306882.0,299.1,276.4,254.99,181.61
7791,2026-09-28,55.4,10.9,12.4,-2.457,-2.216,-0.241,27.4,-7307376.0,55.6,56.85,59.73,63.27
7792,2026-09-28,416.0,86.6,78.6,27.449,7.831,19.618,70.4,23804403.0,360.8,305.05,276.44,260.23
7795,2026-09-28,496.0,57.2,56.4,37.652,42.612,-4.96,54.7,32327552.0,497.1,492.95,472.72,344.73
7799,2026-09-28,490.5,64.6,54.2,8.237,-12.369,20.606,58.0,2021331.0,455.4,408.5,392.5,462.19
7805,2026-09-28,489.0,39.9,45.5,-9.969,-8.42,-1.55,44.0,-232329.0,497.9,502.76,519.23,537.11
7810,2026-09-28,227.5,77.5,72.7,5.405,3.295,2.11,56.8,11939991.0,221.1,211.55,207.48,190.97
7811,2026-09-28,73.5,68.9,55.5,-5.149,-6.886,1.737,33.4,-2326913.0,73.38,72.5,72.85,99.06
7812,2026-09-28,69.4,32.2,37.4,-2.678,-1.945,-0.733,39.1,5405300.0,74.2,73.49,77.99,79.87
7814,2026-09-28,28.4,7.5,8.3,-2.997,-2.5,-0.497,28.9,-1638924.0,28.69,29.4,33.83,37.3
7818,2026-09-28,59.9,17.3,18.0,-8.125,-9.185,1.061,32.0,-3291703.0,60.1,60.42,62.03,90.33
7819,2026-09-28,34.3,9.5,11.9,-10.752,-12.729,1.977,35.5,-5188989.0,34.53,34.98,38.73,80.42
7820,2026-09-28,108.5,43.9,46.6,-11.07,-12.086,1.015,40.0,949660.0,109.7,112.1,114.99,158.15
7821,2026-09-28,36.1,7.6,11.1,-3.476,-3.441,-0.034,33.1,-11765251.0,38.08,38.88,40.81,50.53
7822,2026-09-28,976.0,67.3,50.2,-50.246,-45.169,-5.076,49.6,14248259.0,900.4,884.32,962.62,928.59
7823,2026-09-28,80.0,40.5,41.8,-4.937,-5.729,0.792,20.1,-2319637.0,81.2,82.33,85.27,86.95
7825,2026-09-28,83.6,42.2,46.4,-0.377,0.722,-1.1,48.5,16714567.0,89.46,84.67,90.02,75.6
7827,2026-09-28,163.5,72.3,61.2,7.59,8.96,-1.369,56.2,49774026.0,158.3,157.15,157.28,121.42
7828,2026-09-28,1900.0,68.3,63.1,200.082,218.033,-17.95,57.2,21110546.0,1980.0,1808.0,1809.64,1076.43
7839,2026-09-28,43.3,31.8,35.5,-3.86,-4.008,0.148,32.7,-1471049.0,43.17,44.21,47.26,56.47
7842,2026-09-28,98.6,66.3,60.4,-11.073,-14.095,3.022,42.4,-820605.0,98.24,94.39,96.97,138.47
8011,2026-09-28,15.8,26.2,23.6,-0.906,-0.936,0.031,36.5,1849989339.0,15.73,15.96,16.67,19.28
8016,2026-09-28,285.0,37.2,37.6,13.606,19.735,-6.129,53.6,191646726257.0,284.1,289.55,296.38,228.3
8021,2026-09-28,480.0,82.1,65.2,34.527,40.472,-5.945,58.8,5790865614.0,451.7,426.15,453.94,280.62
8024,2026-09-28,12.55,16.3,19.4,-0.173,0.084,-0.257,43.0,291305510.0,12.72,13.21,13.8,13.29
8027,2026-09-28,202.0,65.0,46.3,4.756,9.936,-5.18,54.4,927660643.0,183.0,178.5,208.4,143.45
8028,2026-09-28,289.0,52.5,34.5,8.311,13.112,-4.801,57.3,3375320577.0,255.9,253.3,282.87,213.02
8032,2026-09-28,35.8,42.7,38.1,-0.921,-0.57,-0.351,44.8,529976442.0,35.51,35.72,38.74,38.53
8033,2026-09-28,169.0,25.5,31.5,7.214,10.326,-3.112,50.6,2925165229.0,171.7,178.5,171.88,151.64
8034,2026-09-28,20.5,58.8,47.2,-0.679,-0.786,0.107,48.2,746209290.0,20.03,19.5,20.61,22.11
8038,2026-09-28,32.45,39.6,24.8,-2.959,-2.816,-0.143,40.9,251896097.0,31.73,31.61,35.99,42.9
8039,2026-09-28,273.5,58.0,65.1,42.8,40.538,2.261,61.6,2152892135.0,274.2,268.0,214.53,129.5
8040,2026-09-28,100.0,73.8,53.7,4.465,3.919,0.545,64.0,1050604875.0,85.88,78.33,87.85,65.43
8042,2026-09-28,111.5,49.0,37.7,4.947,10.5,-5.553,50.3,1483842044.0,112.24,109.75,134.74,79.11
8043,2026-09-28,131.5,31.5,33.0,7.653,13.109,-5.456,50.6,1840061235.0,135.1,135.84,151.47,93.8
8044,2026-09-28,24.1,14.4,13.5,-1.039,-0.788,-0.251,41.7,608991452.0,23.71,24.84,26.68,28.21
8045,2026-09-28,53.4,40.8,26.6,-5.417,-5.891,0.474,41.3,65889820.0,51.74,52.36,56.93,74.8
8046,2026-09-28,1270.0,65.4,60.1,141.081,151.684,-10.603,62.1,9509171917.0,1149.0,1142.5,1076.05,615.66
8047,2026-09-28,51.0,69.9,52.6,0.087,-0.149,0.236,55.8,73731866.0,47.14,46.42,46.52,43.56
8048,2026-09-28,50.4,32.0,30.1,-1.275,-0.589,-0.686,44.5,293277973.0,49.84,50.71,54.16,51.39
8049,2026-09-28,24.5,41.1,41.5,-0.097,-0.031,-0.065,46.7,809586147.0,24.49,24.58,25.01,24.61
8050,2026-09-28,65.7,52.9,44.8,3.78,3.432,0.348,64.4,1480066438.0,59.74,59.36,57.13,48.44
8054,2026-09-28,87.2,41.4,28.4,-7.037,-7.14,0.103,44.4,2157319617.0,83.74,82.84,93.36,108.73
8059,2026-09-28,17.3,7.4,8.5,-3.624,-3.108,-0.516,25.7,255095572.0,20.43,22.06,25.54,33.08
8064,2026-09-28,141.5,74.8,57.2,10.937,10.677,0.259,63.0,4105679891.0,128.7,114.16,125.21,77.47
8066,2026-09-28,15.0,50.6,36.9,-0.871,-1.064,0.193,38.1,14206853.0,14.85,14.8,15.12,18.4
8067,2026-09-28,12.3,20.2,20.1,-0.493,-0.434,-0.059,45.2,8123238.0,11.93,12.39,12.8,13.65
8068,2026-09-28,17.6,44.8,34.0,-1.153,-1.199,0.046,43.9,260146581.0,16.93,17.15,18.12,20.68
8069,2026-09-28,142.5,6.7,10.3,-9.417,-4.76,-4.657,38.2,7907168753.0,145.9,160.1,178.98,184.82
8070,2026-09-28,49.7,56.8,54.2,0.952,1.298,-0.346,52.0,5290999924.0,49.92,49.25,50.76,45.1
8071,2026-09-28,21.85,31.2,32.6,0.569,1.184,-0.615,48.5,831666426.0,22.17,22.79,24.26,19.88
8072,2026-09-28,27.8,60.3,46.7,-0.369,-0.611,0.242,50.9,201244256.0,27.25,26.8,27.3,29.52
8074,2026-09-28,50.8,28.5,30.1,-2.666,-0.947,-1.718,42.4,1025418913.0,51.04,52.72,60.34,51.9
8076,2026-09-28,21.5,20.6,22.0,-0.53,-0.323,-0.208,43.1,2309913024.0,21.7,22.06,23.25,23.3
8077,2026-09-21,43.4,55.9,46.6,0.122,0.303,-0.181,50.5,2056199.0,43.2,43.03,44.27,42.46
8080,2026-09-28,28.0,40.1,43.9,-0.264,-0.363,0.099,47.0,39187207.0,28.62,28.39,28.24,29.32
8081,2026-09-28,255.5,39.1,36.1,3.466,6.678,-3.212,51.2,742561210.0,252.8,254.1,265.15,233.19
8083,2026-09-28,155.5,31.4,40.9,-0.555,0.147,-0.702,44.0,48494789.0,156.9,158.15,159.12,154.91
8084,2026-09-28,29.8,11.8,24.0,-3.023,-1.524,-1.499,29.2,84027176.0,38.72,42.79,44.75,47.89
8085,2026-09-28,14.25,59.3,55.6,-0.146,-0.627,0.48,52.0,879249468.0,14.5,13.46,12.8,15.77
8086,2026-09-28,110.0,30.4,27.7,-5.794,-3.392,-2.401,42.9,4176591168.0,110.0,110.55,127.21,119.94
8087,2026-09-28,23.0,3.6,6.7,-2.542,-1.947,-0.595,32.3,66942682.0,24.19,25.86,28.9,32.05
8088,2026-09-28,42.25,16.5,19.0,-2.475,-1.157,-1.318,40.6,2081037747.0,42.39,44.27,50.87,46.92
8089,2026-09-28,19.15,50.6,36.2,-1.621,-2.073,0.451,42.4,275899932.0,18.41,18.25,19.24,25.83
8091,2026-09-28,220.0,36.4,34.3,8.084,15.598,-7.514,52.0,441945324.0,214.7,217.9,240.4,166.53
8092,2026-09-28,12.55,28.5,30.1,-0.65,-0.549,-0.101,41.4,99057824.0,12.79,12.94,14.06,14.67
8093,2026-09-28,23.85,56.9,66.7,1.128,0.76,0.368,55.3,94763814.0,24.82,24.3,21.74,22.45
8096,2026-09-28,88.7,9.5,12.9,-0.911,6.63,-7.541,43.9,5600586972.0,91.24,102.88,120.85,80.2
8097,2026-09-28,48.15,12.7,14.7,-2.527,-2.178,-0.349,32.1,85958261.0,48.57,49.55,53.38,57.88
8099,2026-09-28,59.8,74.7,66.6,-0.746,-1.468,0.723,50.2,457020627.0,59.74,58.24,58.26,64.05
8101,2026-09-28,10.7,33.4,38.9,-0.856,-0.701,-0.155,34.5,2933350760.0,11.52,11.99,12.94,14.72
8102,2026-09-21,59.5,11.3,20.8,-0.705,0.544,-1.249,39.5,3385097.0,63.58,67.33,68.34,68.65
8103,2026-09-28,117.0,79.1,71.9,7.766,4.345,3.42,58.4,821181933.0,121.0,103.82,98.72,87.89
8104,2026-09-28,31.4,46.1,32.8,-1.475,-1.121,-0.354,45.4,651460914.0,30.78,30.85,34.63,35.1
8105,2026-09-28,14.9,27.6,24.2,-0.151,0.38,-0.531,46.1,3839304063.0,14.84,15.35,17.57,14.35
8107,2026-09-28,12.05,57.3,55.5,-0.318,-0.409,0.091,44.0,435766124.0,12.2,12.11,12.2,13.64
8109,2026-09-28,134.5,57.3,47.4,5.699,6.363,-0.665,57.7,267960857.0,131.5,129.85,129.0,109.4
8110,2026-09-28,48.4,68.0,58.4,-0.568,-0.55,-0.018,51.3,7240258251.0,46.1,45.1,48.49,43.35
8111,2026-09-28,79.7,78.0,70.7,3.686,1.061,2.625,63.8,2727717673.0,75.16,67.44,62.17,62.08
8112,2026-09-28,82.7,36.7,46.1,2.084,3.63,-1.547,48.8,12059648472.0,84.88,87.61,87.66,72.55
8114,2026-09-28,179.0,10.5,17.4,-2.445,1.172,-3.617,45.4,298720986.0,181.5,192.6,200.21,192.85
8121,2026-09-28,31.9,49.3,28.4,-0.885,-0.041,-0.845,50.2,1280044698.0,28.96,28.68,35.55,29.78
8131,2026-09-28,61.6,44.2,39.9,0.04,1.184,-1.144,48.6,2419156874.0,61.2,61.52,65.82,54.98
8147,2026-09-28,148.0,73.7,56.1,-0.06,-0.293,0.233,56.5,196362475.0,136.7,128.8,138.58,125.81
8150,2026-09-28,104.5,66.0,55.4,7.532,7.953,-0.421,57.9,46434949537.0,97.46,91.53,95.93,63.89
8155,2026-09-28,306.0,53.5,56.2,9.411,17.044,-7.633,48.1,780488362.0,327.8,321.6,341.42,251.97
8162,2026-09-28,65.4,68.6,54.8,3.298,4.174,-0.875,57.0,12263373.0,62.66,59.66,65.23,47.69
8163,2026-09-28,30.15,29.0,26.8,-0.856,-0.235,-0.62,43.1,-559407251.0,30.23,30.77,34.63,32.78
8171,2026-09-28,20.6,60.5,46.9,-1.238,-1.493,0.255,43.6,454567818.0,20.1,19.86,20.9,24.87
8176,2026-09-28,9.78,30.3,27.5,-0.235,-0.241,0.006,42.2,230760989.0,9.82,9.86,10.02,10.58
8182,2026-09-28,41.2,48.7,38.6,0.992,1.969,-0.977,52.5,821327778.0,39.42,39.34,43.79,33.06
8183,2026-09-21,28.2,27.3,26.6,-1.073,-0.805,-0.268,42.5,1657155193.0,28.47,29.0,30.24,31.25
8201,2026-09-28,14.6,76.0,55.7,-0.129,-0.36,0.231,64.6,2350548.0,12.74,12.29,12.68,13.76
8210,2026-09-28,877.0,5.7,9.4,-43.99,-1.863,-42.126,39.2,1595063449.0,912.4,965.6,1120.14,952.69
8213,2026-09-28,32.8,72.2,64.0,-0.372,-0.365,-0.007,47.9,839844396.0,32.82,32.34,33.51,33.58
8215,2026-09-28,28.0,63.8,54.6,0.581,0.522,0.059,57.1,2777259448.0,26.77,25.58,26.81,23.7
8222,2026-09-28,35.3,17.5,24.7,-0.771,-0.592,-0.178,45.1,2367057280.0,35.54,37.09,37.14,40.65
8227,2026-09-28,337.0,84.6,65.6,30.2,12.591,17.61,78.4,362410007.0,264.0,207.45,197.25,167.85
8234,2026-09-28,62.1,33.3,41.9,-1.513,-1.272,-0.241,44.3,1445274660.0,63.44,64.94,65.86,72.48
8240,2026-09-28,54.5,73.5,60.0,0.41,-0.036,0.446,58.3,504257761.0,51.9,47.02,50.04,44.73
8249,2026-09-28,39.05,25.0,21.6,-2.886,-2.524,-0.362,37.5,9473843920.0,39.23,40.24,44.31,49.55
8255,2026-09-28,145.0,38.4,30.8,-0.201,2.529,-2.729,49.8,713791137.0,140.4,142.35,156.57,136.61
8261,2026-09-28,176.5,26.3,21.4,9.078,17.223,-8.145,50.8,2771642668.0,174.4,175.75,199.7,130.9
8271,2026-09-28,199.5,27.2,44.5,11.373,17.229,-5.855,50.9,1832063831.0,205.6,218.45,211.73,148.73
8272,2026-09-28,65.5,40.9,29.8,-2.185,-2.5,0.315,46.7,2328385.0,64.18,63.96,65.73,74.38
8277,2026-09-28,15.6,22.4,25.2,-1.057,-0.792,-0.265,36.1,186765931.0,17.45,18.11,19.49,22.26
8279,2026-09-28,78.7,8.2,10.0,-6.426,-6.328,-0.098,21.5,34976742.0,78.74,82.32,86.33,104.75
8284,2026-09-28,68.0,77.7,77.1,2.237,1.731,0.505,70.0,32184020.0,67.88,66.46,63.58,60.69
8289,2026-09-28,46.05,51.3,40.7,0.272,1.99,-1.718,50.0,872671073.0,44.11,44.22,53.0,35.95
8291,2026-09-28,28.9,15.5,22.9,-0.773,1.529,-2.302,45.9,4891842.0,30.05,33.7,44.58,27.06
8299,2026-09-28,2115.0,67.1,61.6,68.982,94.217,-25.235,53.5,1677802141.0,2077.0,2035.0,2148.71,1603.51
8341,2026-09-28,74.3,19.8,31.8,0.25,0.481,-0.231,47.5,172992024.0,74.74,75.53,75.37,74.45
8342,2026-09-28,83.5,31.7,38.4,0.211,1.126,-0.915,45.0,11846558.0,84.86,86.28,87.13,82.71
8349,2026-09-28,39.6,55.9,45.5,-0.654,-0.722,0.068,47.6,221189628.0,38.89,39.17,39.52,41.54
8354,2026-09-28,16.9,60.1,60.3,0.365,0.341,0.024,53.4,141052006.0,17.22,16.93,16.64,15.76
8358,2026-09-28,498.0,72.2,63.2,34.584,38.575,-3.991,55.0,6575455847.0,498.7,455.1,499.41,336.56
8367,2026-09-28,40.05,36.6,42.7,-0.287,-0.303,0.016,42.2,208620836.0,40.52,40.51,40.51,41.34
8374,2026-09-28,76.0,37.6,41.3,-2.529,-1.688,-0.841,44.2,1186542709.0,77.72,78.9,84.96,86.41
8383,2026-09-28,67.6,25.2,26.9,4.166,5.439,-1.273,54.9,1141725103.0,66.76,67.88,66.89,50.83
8390,2026-09-28,89.4,24.5,34.3,-0.447,1.451,-1.898,44.2,652618982.0,91.88,94.48,100.32,86.96
8401,2026-09-28,22.75,50.9,52.8,-0.6,-0.725,0.125,34.4,145796602.0,22.73,22.79,22.85,25.37
8403,2026-09-28,19.05,72.9,65.2,-0.577,-0.771,0.194,40.1,537182215.0,18.98,18.83,18.85,21.58
8404,2026-09-28,13.15,6.7,15.4,-1.328,-1.201,-0.127,23.7,962612280.0,14.07,15.14,15.71,19.8
8409,2026-09-28,18.0,19.3,20.5,-0.636,-0.667,0.031,31.4,61213501.0,18.07,18.16,18.66,20.6
8410,2026-09-28,28.0,25.9,36.8,-1.555,-1.496,-0.059,29.4,110142128.0,29.09,29.65,30.59,34.41
8411,2026-09-28,11.9,36.3,54.9,0.052,0.124,-0.072,39.5,151727026.0,12.52,12.74,12.47,12.39
8415,2026-09-28,35.15,25.6,39.8,0.68,0.928,-0.249,50.4,659976272.0,35.61,36.55,35.48,33.53
8416,2026-09-28,169.0,47.5,45.9,0.717,0.839,-0.122,51.7,44885791.0,169.5,168.9,169.72,166.98
8421,2026-09-28,12.85,19.2,19.9,-0.157,0.017,-0.174,42.6,145859097.0,12.8,13.49,13.59,13.36
8422,2026-09-28,25.5,42.6,45.5,-0.319,-0.213,-0.106,45.0,2043354220.0,25.95,26.11,26.42,25.93
8423,2026-09-28,18.05,57.1,49.9,0.115,-0.01,0.126,63.5,1141839.0,17.82,17.47,17.27,17.39
8424,2026-09-28,70.0,66.8,61.6,0.277,0.137,0.14,58.2,17431122.0,69.54,69.21,68.92,68.76
8426,2026-09-28,20.65,43.3,49.9,-0.812,-1.046,0.234,37.0,76605396.0,20.64,20.91,20.62,24.39
8429,2026-09-28,5.85,9.7,10.6,-0.283,-0.301,0.019,31.1,280717156.0,5.93,5.98,6.17,7.05
8431,2026-09-28,66.3,71.4,59.9,1.217,-0.756,1.973,58.0,361494756.0,63.56,55.83,54.11,55.46
8432,2026-09-28,50.6,57.4,57.3,0.08,0.061,0.019,51.2,62118392.0,50.46,50.45,50.41,50.45
8433,2026-09-28,53.0,31.3,39.7,0.016,0.184,-0.167,47.0,127145305.0,53.4,54.05,53.6,52.24
8435,2026-09-28,53.0,46.4,51.6,-0.027,-0.006,-0.021,48.5,42385606.0,53.12,53.28,53.21,52.75
8436,2026-09-28,105.5,20.6,30.6,-2.422,-1.712,-0.71,41.2,733955588.0,106.6,110.53,111.33,114.7
8437,2026-09-28,10.1,51.8,36.2,-1.0,-1.298,0.299,42.4,31515341.0,9.63,9.37,9.97,13.93
8438,2026-09-28,80.0,64.2,46.8,0.936,1.89,-0.954,56.0,127512114.0,72.18,68.95,77.14,58.15
8440,2026-09-28,20.95,66.7,55.5,-0.842,-1.033,0.19,47.2,999781033.0,20.26,20.08,20.9,23.63
8442,2026-09-28,44.8,69.7,70.4,-1.683,-2.946,1.263,46.1,36911230.0,45.35,44.02,41.86,55.34
8443,2026-09-28,11.15,40.0,46.3,-0.11,-0.089,-0.021,38.6,6488864890.0,11.17,11.29,11.33,11.57
8444,2026-09-28,4.4,19.5,24.1,-1.017,-1.143,0.126,36.9,3790556.0,4.57,4.9,5.19,8.97
8446,2026-09-28,84.4,20.9,25.5,-0.733,-0.679,-0.054,42.2,100716327.0,85.1,85.14,85.91,87.79
8450,2026-09-28,14.4,23.7,26.3,-0.618,-0.611,-0.007,34.1,102676933.0,14.4,14.63,15.07,16.57
8454,2026-09-28,236.0,14.6,19.3,3.979,9.498,-5.518,47.5,36408163.0,242.0,250.2,266.84,228.07
8455,2026-09-28,22.1,5.8,10.8,-0.975,-0.247,-0.728,43.8,15850316.0,22.46,23.49,27.47,24.49
8462,2026-09-28,157.0,25.7,44.8,5.879,6.542,-0.663,53.0,-168226660.0,160.4,166.15,154.46,147.19
8463,2026-09-28,20.95,50.0,55.1,-0.453,-0.555,0.102,38.3,300046785.0,21.24,21.24,21.27,23.37
8464,2026-09-28,372.5,34.2,42.4,3.333,1.797,1.536,53.7,150960132.0,371.9,373.65,360.7,373.63
8466,2026-09-28,15.25,36.5,28.7,-0.995,-1.138,0.144,41.4,-7746111.0,14.87,15.36,15.7,19.63
8467,2026-09-28,88.0,15.1,12.5,-14.176,-14.199,0.023,29.9,108410284.0,88.14,92.9,103.94,138.97
8472,2026-09-28,73.1,52.1,43.8,0.254,0.417,-0.163,49.4,1519676.0,75.44,71.68,76.14,74.99
8473,2026-09-28,39.5,57.5,51.8,0.892,1.256,-0.364,52.9,48592975.0,39.3,39.08,40.72,35.58
8476,2026-09-28,19.85,26.0,25.8,0.147,0.354,-0.207,49.7,36919504.0,19.66,19.82,20.24,19.24
8477,2026-09-28,14.1,16.2,21.7,0.048,0.373,-0.325,42.9,3841151.0,14.8,15.26,16.02,13.9
8478,2026-09-28,139.0,25.8,25.8,-5.804,-6.35,0.546,36.6,539226825.0,140.7,142.2,144.39,167.66
8481,2026-09-28,40.7,63.1,71.6,0.53,0.427,0.103,57.5,8799304.0,40.92,40.85,39.91,39.49
8482,2026-09-28,47.05,28.1,34.6,-0.183,-0.05,-0.134,46.5,15384875.0,47.6,48.46,48.08,48.47
8487,2026-09-28,70.4,10.7,15.0,0.436,1.237,-0.801,47.0,5360448.0,70.62,71.6,73.78,68.34
8488,2026-09-28,9.8,18.2,26.5,-0.054,-0.041,-0.013,43.9,-890668.0,10.06,10.05,10.07,10.26
8489,2026-09-28,22.25,35.2,30.2,-1.885,-2.389,0.504,38.3,117156912.0,22.08,22.34,22.49,31.81
8499,2026-09-28,257.0,41.1,38.0,-6.01,-3.965,-2.045,46.3,36418679.0,254.3,256.15,273.87,277.28
8905,2026-09-28,35.15,92.0,88.1,0.595,0.125,0.47,59.3,120519369.0,34.88,34.41,31.73,32.5
8906,2026-09-28,28.8,71.8,68.8,-0.209,-0.631,0.422,50.9,54805376.0,28.94,28.04,27.62,30.73
8908,2026-09-28,40.25,68.9,61.5,0.109,-0.062,0.17,56.0,39722457.0,40.08,39.42,39.5,39.5
8916,2026-09-28,41.1,75.4,72.5,-0.711,-0.948,0.237,44.6,333192944.0,40.98,40.64,40.84,43.79
8917,2026-09-28,54.5,76.9,67.6,0.231,-0.117,0.349,55.5,805460.0,53.54,53.34,52.41,54.45
8921,2026-09-21,17.35,58.4,46.9,-0.211,-0.139,-0.072,49.6,5925094.0,16.86,17.15,17.49,17.37
8923,2026-09-28,18.45,31.5,34.3,-0.086,-0.054,-0.032,46.2,4486742.0,18.51,18.59,18.72,18.9
8924,2026-09-28,49.4,5.9,6.7,-3.295,-3.02,-0.275,28.9,837720734.0,50.04,50.76,54.21,61.0
8926,2026-09-28,58.3,31.5,26.1,1.437,2.889,-1.452,50.3,2513394610.0,58.48,58.42,63.99,50.78
8927,2026-09-28,18.8,16.9,21.8,-1.147,-1.279,0.132,40.3,163388887.0,18.92,19.43,19.75,24.51
8928,2026-09-28,22.9,51.9,61.3,0.171,-0.028,0.199,50.8,200901434.0,23.41,23.12,22.19,23.44
8929,2026-09-28,12.9,9.5,10.7,-0.701,-0.724,0.023,35.0,125724287.0,12.98,13.13,13.64,15.64
8930,2026-09-28,28.7,21.3,34.6,-0.063,0.081,-0.144,45.0,455144970.0,29.07,29.58,29.32,29.13
8931,2026-09-28,43.15,70.4,62.7,-0.045,-0.49,0.446,58.6,199493456.0,42.29,41.64,41.21,44.19
8932,2026-09-28,93.4,71.6,63.2,3.752,3.735,0.017,56.8,2256945541.0,92.18,88.86,89.06,80.98
8933,2026-09-28,4.58,56.7,52.6,-0.34,-0.411,0.07,41.3,757396068.0,4.56,4.53,4.57,5.77
8935,2026-09-28,19.3,55.6,35.4,-0.535,-0.426,-0.108,50.7,195837191.0,18.1,17.93,19.65,20.23
8936,2026-09-28,51.9,50.6,35.0,-0.603,-0.442,-0.162,47.7,2260305536.0,51.42,51.45,53.52,53.43
8937,2026-09-28,25.1,47.6,53.8,-1.618,-2.037,0.419,40.3,797897015.0,27.96,26.65,26.76,34.08
8938,2026-09-28,52.7,30.9,23.2,-2.001,-2.139,0.137,42.6,336869921.0,51.88,52.22,53.23,58.47
8940,2026-09-28,15.0,22.9,16.7,-0.905,-0.948,0.043,33.1,202410041.0,14.97,15.18,15.87,18.47
8941,2026-09-28,44.0,75.7,81.9,0.374,0.067,0.307,59.8,20929514.0,44.03,43.38,42.37,42.71
8942,2026-09-28,40.2,59.6,62.7,0.53,0.562,-0.032,50.5,461231086.0,41.02,40.83,40.25,38.35
8996,2026-09-28,1585.0,83.5,71.8,138.136,111.957,26.179,64.2,87987100906.0,1435.0,1271.0,1241.5,852.54
9103,2026-09-28,4.96,9.3,16.6,-0.028,0.01,-0.039,46.4,-4147317689505.0,5.01,5.09,5.21,5.01
910322,2026-09-28,23.45,24.8,39.7,0.237,0.319,-0.082,48.3,162350864.0,23.94,24.7,23.56,22.96
9105,2026-09-28,8.66,63.1,56.4,0.45,0.542,-0.092,58.6,108611690578.0,8.54,8.39,8.67,6.76
910861,2026-09-28,4.71,66.8,45.0,-0.138,-0.244,0.106,56.8,-66766519.0,4.22,4.05,4.24,4.98
9110,2026-09-28,2.85,33.5,33.8,-0.104,-0.091,-0.013,41.7,161356638.0,2.92,3.03,3.11,3.4
911608,2026-09-28,2.7,66.9,59.7,-0.042,-0.042,-0.0,47.6,-66067319.0,2.7,2.67,2.76,2.81
911622,2026-09-28,3.6,43.2,38.4,-0.071,-0.069,-0.002,44.2,57923138.0,3.6,3.62,3.69,3.85
911868,2026-09-28,1.16,22.8,21.4,-0.03,-0.027,-0.002,38.3,-173670221.0,1.16,1.17,1.2,1.27
912000,2026-09-28,2.49,24.3,23.1,-0.04,-0.023,-0.017,44.3,118070124.0,2.49,2.53,2.62,2.64
9136,2026-09-28,9.13,7.5,11.6,-0.276,0.28,-0.555,40.5,571715327.0,9.69,10.51,12.07,9.36
9802,2026-09-28,64.7,19.3,22.6,-4.189,-4.345,0.156,35.1,515822288.0,65.43,66.94,69.41,83.61
9902,2026-09-28,13.05,16.4,25.6,-0.464,-0.492,0.028,34.4,11967675951.0,13.34,13.51,13.65,15.28
9904,2026-09-28,24.8,61.5,56.5,-0.474,-0.659,0.185,46.4,8001485805053.0,24.65,24.57,24.55,26.69
9905,2026-09-28,21.2,69.7,77.1,0.402,0.378,0.025,64.0,577110264.0,21.31,21.26,20.66,19.94
9906,2026-09-28,39.3,48.2,45.7,-1.044,-1.433,0.389,45.6,337815955.0,40.26,39.78,40.15,46.04
9907,2026-09-28,14.7,43.6,49.6,-0.344,-0.37,0.026,38.6,25063323412.0,14.98,15.0,15.1,16.29
9908,2026-09-28,28.9,24.0,39.7,0.101,0.095,0.006,51.7,-8555289353.0,28.97,29.04,28.77,28.77
9910,2026-09-28,69.1,33.8,29.8,-3.938,-5.126,1.189,42.0,1532129049.0,68.72,68.95,69.85,90.62
9911,2026-09-28,81.6,17.2,20.4,-0.197,0.04,-0.237,46.6,448594034333.0,81.6,82.02,82.7,81.73
9912,2026-09-28,12.95,36.5,46.6,0.177,0.176,0.001,53.1,-1940799881.0,12.98,12.99,12.79,12.38
9914,2026-09-28,67.1,12.7,27.1,-0.833,-0.136,-0.697,42.9,5976025223.0,70.08,75.95,73.41,80.37
9917,2026-09-28,105.5,67.9,68.4,1.187,1.09,0.096,53.5,67992393996.0,106.4,105.25,104.62,101.48
9918,2026-09-28,42.5,50.1,48.5,0.374,0.455,-0.082,50.9,3047182061.0,42.95,42.85,42.54,40.85
9919,2026-09-28,13.7,23.6,21.4,-0.376,-0.457,0.081,39.0,31824606987.0,13.89,13.89,13.96,15.57
9921,2026-09-28,94.1,45.0,54.5,3.985,2.888,1.098,56.9,27534833228.0,92.4,94.37,84.55,86.9
9924,2026-09-28,37.75,10.0,12.9,-1.493,-1.603,0.11,28.0,2058232646.0,38.04,38.35,39.28,44.45
9925,2026-09-28,39.45,28.9,42.9,0.247,0.272,-0.026,53.2,11992916239.0,39.57,39.78,39.34,38.94
9926,2026-09-28,48.8,45.8,62.8,0.393,0.373,0.02,54.0,737425341.0,49.16,49.18,48.43,47.98
9927,2026-09-28,69.9,73.8,67.6,0.062,-0.14,0.202,52.4,4612687736.0,69.9,69.65,69.25,70.32
9928,2026-09-28,17.8,27.0,33.3,-0.067,0.012,-0.079,47.1,-24055415.0,17.68,17.98,18.09,17.98
9929,2026-09-28,10.9,29.2,34.8,-0.147,-0.105,-0.043,44.9,504275908.0,11.1,11.24,11.33,11.54
9930,2026-09-28,60.2,13.4,23.6,-1.256,-0.945,-0.31,30.1,2641884286.0,61.4,62.25,63.46,65.59
9931,2026-09-28,33.7,45.2,57.6,0.094,0.083,0.011,49.8,418150943.0,33.94,33.89,33.55,33.3
9933,2026-09-28,40.35,77.1,73.6,1.65,1.682,-0.032,55.9,61064461754.0,40.85,39.54,39.46,34.15
9934,2026-09-28,9.85,15.2,30.3,0.059,0.178,-0.119,44.1,1131780712939.0,10.11,10.57,10.41,10.02
9935,2026-09-28,18.2,20.6,35.5,0.037,0.148,-0.112,44.3,-2888911736.0,18.49,19.25,18.78,18.72
9937,2026-09-28,54.1,28.1,42.0,-0.099,-0.13,0.03,44.1,1038276187.0,54.6,54.96,54.3,55.62
9938,2026-09-28,38.2,11.2,20.3,-1.666,-1.423,-0.243,33.6,305105580849.0,38.65,40.5,41.23,45.99
9939,2026-09-28,124.5,18.0,35.0,2.52,3.281,-0.762,49.4,5368754719.0,127.4,130.75,127.19,120.73
9940,2026-09-28,19.9,27.2,42.5,0.008,-0.065,0.074,46.6,1091047082.0,20.26,20.49,19.9,21.02
9941,2026-09-28,78.3,56.0,64.5,1.028,0.573,0.455,52.4,7581396575.0,79.78,79.2,76.81,79.84
9942,2026-09-28,113.0,26.8,39.6,1.439,1.884,-0.445,51.5,-662571999.0,114.0,114.6,113.68,107.53
9943,2026-09-28,50.2,9.6,15.4,-1.22,-1.205,-0.015,31.0,3880961839.0,50.62,51.04,52.1,55.6
9944,2026-09-28,17.1,25.2,32.3,0.138,0.216,-0.078,47.8,1407191435.0,17.26,17.42,17.4,16.81
9945,2026-09-28,29.05,66.6,67.8,0.895,0.518,0.376,59.4,54304174481.0,28.89,28.54,26.77,27.19
9946,2026-09-28,16.85,33.8,38.6,0.144,0.201,-0.057,49.2,162173431877.0,17.05,17.17,17.13,16.73
9949,2026-09-28,24.25,47.5,34.5,-0.265,-0.158,-0.107,48.8,78327447.0,24.05,23.95,24.31,23.44
9950,2026-09-28,10.25,48.9,47.8,-0.137,-0.127,-0.01,44.2,86575797.0,10.29,10.32,10.48,10.58
9951,2026-09-28,47.1,18.6,33.2,-0.797,-0.589,-0.209,33.8,215820736.0,48.52,49.34,49.67,52.14
9955,2026-09-28,22.7,28.3,32.6,-1.719,-1.663,-0.056,32.5,2158269901.0,23.31,23.75,25.16,28.86
9958,2026-09-28,92.1,16.4,18.3,-7.199,-6.824,-0.375,39.3,2092268578.0,91.3,97.06,102.78,125.2
9960,2026-09-28,41.2,75.2,58.0,2.63,1.98,0.65,84.6,87710102.0,34.87,32.68,31.68,25.39
9962,2026-09-28,10.15,52.1,55.3,-0.077,-0.144,0.067,49.5,497574949.0,10.12,10.11,9.94,10.51
0050,2026-09-28,111.3,86.2,82.4,7.086,7.591,-0.505,69.7,16346809643.0,109.83,107.28,105.12,80.14
0051,2026-09-28,146.9,87.6,80.9,7.616,8.637,-1.021,63.2,50882462.0,146.29,143.75,142.83,112.68
0052,2026-09-28,64.95,86.8,80.2,-1.592,-3.678,2.086,50.8,1905235328.0,63.88,62.44,61.53,94.58
0053,2026-09-28,250.8,85.0,79.6,15.645,17.15,-1.505,66.9,23929500.0,247.14,241.95,238.66,179.87
0055,2026-09-28,49.21,83.7,88.3,3.901,3.508,0.392,77.5,413667712.0,49.44,46.93,43.57,35.31
0056,2026-09-28,56.55,89.2,87.9,4.079,3.984,0.095,75.6,3713729775.0,56.15,54.09,51.91,40.79
0057,2026-09-28,331.75,87.1,83.0,20.836,22.421,-1.585,70.6,27834721.0,326.75,319.48,313.14,239.24
0061,2026-09-28,23.34,22.3,25.9,0.02,0.247,-0.227,39.5,1902534849.0,23.97,24.34,24.66,23.38
